recording_id,emg_file,textgrid_file,word,start_time,end_time,duration,start_sample,end_sample,emg_samples
103,/Users/vedantdwivedi/Desktop/IRIS/emg_data/closed_vocab/silent/5-19_silent/103_emg.npy,/Users/vedantdwivedi/Desktop/IRIS/silent_speech_alignments/text_alignments/5-9/5-9_103_audio.TextGrid,THEY,1.08,1.35,0.27,648,810,162
103,/Users/vedantdwivedi/Desktop/IRIS/emg_data/closed_vocab/silent/5-19_silent/103_emg.npy,/Users/vedantdwivedi/Desktop/IRIS/silent_speech_alignments/text_alignments/5-9/5-9_103_audio.TextGrid,<UNK>,1.4,1.71,0.31000000000000005,840,1026,186
103,/Users/vedantdwivedi/Desktop/IRIS/emg_data/closed_vocab/silent/5-19_silent/103_emg.npy,/Users/vedantdwivedi/Desktop/IRIS/silent_speech_alignments/text_alignments/5-9/5-9_103_audio.TextGrid,SEEN,1.71,2.1,0.3900000000000001,1026,1260,234
103,/Users/vedantdwivedi/Desktop/IRIS/emg_data/closed_vocab/silent/5-19_silent/103_emg.npy,/Users/vedantdwivedi/Desktop/IRIS/silent_speech_alignments/text_alignments/5-9/5-9_103_audio.TextGrid,THAT,2.1,2.24,0.14000000000000012,1260,1344,84
103,/Users/vedantdwivedi/Desktop/IRIS/emg_data/closed_vocab/silent/5-19_silent/103_emg.npy,/Users/vedantdwivedi/Desktop/IRIS/silent_speech_alignments/text_alignments/5-9/5-9_103_audio.TextGrid,FIRE,2.24,2.5,0.2599999999999998,1344,1500,156
103,/Users/vedantdwivedi/Desktop/IRIS/emg_data/closed_vocab/silent/5-19_silent/103_emg.npy,/Users/vedantdwivedi/Desktop/IRIS/silent_speech_alignments/text_alignments/5-9/5-9_103_audio.TextGrid,BEAM,2.5,2.82,0.31999999999999984,1500,1692,192
103,/Users/vedantdwivedi/Desktop/IRIS/emg_data/closed_vocab/silent/5-19_silent/103_emg.npy,/Users/vedantdwivedi/Desktop/IRIS/silent_speech_alignments/text_alignments/5-9/5-9_103_audio.TextGrid,YET,2.82,3.19,0.3700000000000001,1692,1914,222
104,/Users/vedantdwivedi/Desktop/IRIS/emg_data/closed_vocab/silent/5-19_silent/104_emg.npy,/Users/vedantdwivedi/Desktop/IRIS/silent_speech_alignments/text_alignments/5-9/5-9_104_audio.TextGrid,THE,1.01,1.15,0.1399999999999999,606,690,84
104,/Users/vedantdwivedi/Desktop/IRIS/emg_data/closed_vocab/silent/5-19_silent/104_emg.npy,/Users/vedantdwivedi/Desktop/IRIS/silent_speech_alignments/text_alignments/5-9/5-9_104_audio.TextGrid,OFFICERS,1.15,1.92,0.77,690,1152,462
104,/Users/vedantdwivedi/Desktop/IRIS/emg_data/closed_vocab/silent/5-19_silent/104_emg.npy,/Users/vedantdwivedi/Desktop/IRIS/silent_speech_alignments/text_alignments/5-9/5-9_104_audio.TextGrid,WHO,2.11,2.24,0.13000000000000034,1266,1344,78
104,/Users/vedantdwivedi/Desktop/IRIS/emg_data/closed_vocab/silent/5-19_silent/104_emg.npy,/Users/vedantdwivedi/Desktop/IRIS/silent_speech_alignments/text_alignments/5-9/5-9_104_audio.TextGrid,WERE,2.24,2.35,0.10999999999999988,1344,1410,66
104,/Users/vedantdwivedi/Desktop/IRIS/emg_data/closed_vocab/silent/5-19_silent/104_emg.npy,/Users/vedantdwivedi/Desktop/IRIS/silent_speech_alignments/text_alignments/5-9/5-9_104_audio.TextGrid,NOT,2.35,2.65,0.2999999999999998,1410,1590,180
104,/Users/vedantdwivedi/Desktop/IRIS/emg_data/closed_vocab/silent/5-19_silent/104_emg.npy,/Users/vedantdwivedi/Desktop/IRIS/silent_speech_alignments/text_alignments/5-9/5-9_104_audio.TextGrid,ACTIVELY,2.65,3.09,0.43999999999999995,1590,1854,264
104,/Users/vedantdwivedi/Desktop/IRIS/emg_data/closed_vocab/silent/5-19_silent/104_emg.npy,/Users/vedantdwivedi/Desktop/IRIS/silent_speech_alignments/text_alignments/5-9/5-9_104_audio.TextGrid,ENGAGED,3.09,3.74,0.6500000000000004,1854,2244,390
104,/Users/vedantdwivedi/Desktop/IRIS/emg_data/closed_vocab/silent/5-19_silent/104_emg.npy,/Users/vedantdwivedi/Desktop/IRIS/silent_speech_alignments/text_alignments/5-9/5-9_104_audio.TextGrid,STOOD,3.87,4.2,0.33000000000000007,2322,2394,72
105,/Users/vedantdwivedi/Desktop/IRIS/emg_data/closed_vocab/silent/5-19_silent/105_emg.npy,/Users/vedantdwivedi/Desktop/IRIS/silent_speech_alignments/text_alignments/5-9/5-9_105_audio.TextGrid,BYFLEET,0.89,1.49,0.6,534,894,360
105,/Users/vedantdwivedi/Desktop/IRIS/emg_data/closed_vocab/silent/5-19_silent/105_emg.npy,/Users/vedantdwivedi/Desktop/IRIS/silent_speech_alignments/text_alignments/5-9/5-9_105_audio.TextGrid,WAS,1.54,1.74,0.19999999999999996,924,1044,120
105,/Users/vedantdwivedi/Desktop/IRIS/emg_data/closed_vocab/silent/5-19_silent/105_emg.npy,/Users/vedantdwivedi/Desktop/IRIS/silent_speech_alignments/text_alignments/5-9/5-9_105_audio.TextGrid,IN,1.74,1.9,0.15999999999999992,1044,1140,96
105,/Users/vedantdwivedi/Desktop/IRIS/emg_data/closed_vocab/silent/5-19_silent/105_emg.npy,/Users/vedantdwivedi/Desktop/IRIS/silent_speech_alignments/text_alignments/5-9/5-9_105_audio.TextGrid,A,1.9,1.97,0.07000000000000006,1140,1182,42
105,/Users/vedantdwivedi/Desktop/IRIS/emg_data/closed_vocab/silent/5-19_silent/105_emg.npy,/Users/vedantdwivedi/Desktop/IRIS/silent_speech_alignments/text_alignments/5-9/5-9_105_audio.TextGrid,TUMULT,1.97,2.48,0.51,1182,1488,306
105,/Users/vedantdwivedi/Desktop/IRIS/emg_data/closed_vocab/silent/5-19_silent/105_emg.npy,/Users/vedantdwivedi/Desktop/IRIS/silent_speech_alignments/text_alignments/5-9/5-9_105_audio.TextGrid,PEOPLE,3.03,3.31,0.28000000000000025,1818,1986,168
105,/Users/vedantdwivedi/Desktop/IRIS/emg_data/closed_vocab/silent/5-19_silent/105_emg.npy,/Users/vedantdwivedi/Desktop/IRIS/silent_speech_alignments/text_alignments/5-9/5-9_105_audio.TextGrid,PACKING,3.31,3.87,0.56,1986,2322,336
105,/Users/vedantdwivedi/Desktop/IRIS/emg_data/closed_vocab/silent/5-19_silent/105_emg.npy,/Users/vedantdwivedi/Desktop/IRIS/silent_speech_alignments/text_alignments/5-9/5-9_105_audio.TextGrid,AND,4.17,4.28,0.11000000000000032,2502,2568,66
105,/Users/vedantdwivedi/Desktop/IRIS/emg_data/closed_vocab/silent/5-19_silent/105_emg.npy,/Users/vedantdwivedi/Desktop/IRIS/silent_speech_alignments/text_alignments/5-9/5-9_105_audio.TextGrid,A,4.28,4.35,0.0699999999999994,2568,2610,42
105,/Users/vedantdwivedi/Desktop/IRIS/emg_data/closed_vocab/silent/5-19_silent/105_emg.npy,/Users/vedantdwivedi/Desktop/IRIS/silent_speech_alignments/text_alignments/5-9/5-9_105_audio.TextGrid,SCORE,4.35,4.68,0.33000000000000007,2610,2808,198
105,/Users/vedantdwivedi/Desktop/IRIS/emg_data/closed_vocab/silent/5-19_silent/105_emg.npy,/Users/vedantdwivedi/Desktop/IRIS/silent_speech_alignments/text_alignments/5-9/5-9_105_audio.TextGrid,OF,4.68,4.76,0.08000000000000007,2808,2856,48
105,/Users/vedantdwivedi/Desktop/IRIS/emg_data/closed_vocab/silent/5-19_silent/105_emg.npy,/Users/vedantdwivedi/Desktop/IRIS/silent_speech_alignments/text_alignments/5-9/5-9_105_audio.TextGrid,HUSSARS,4.76,5.42,0.6600000000000001,2856,3198,342
108,/Users/vedantdwivedi/Desktop/IRIS/emg_data/closed_vocab/silent/5-19_silent/108_emg.npy,/Users/vedantdwivedi/Desktop/IRIS/silent_speech_alignments/text_alignments/5-9/5-9_108_audio.TextGrid,THE,0.97,1.11,0.14000000000000012,582,666,84
108,/Users/vedantdwivedi/Desktop/IRIS/emg_data/closed_vocab/silent/5-19_silent/108_emg.npy,/Users/vedantdwivedi/Desktop/IRIS/silent_speech_alignments/text_alignments/5-9/5-9_108_audio.TextGrid,SOLDIERS,1.11,1.71,0.5999999999999999,666,1026,360
108,/Users/vedantdwivedi/Desktop/IRIS/emg_data/closed_vocab/silent/5-19_silent/108_emg.npy,/Users/vedantdwivedi/Desktop/IRIS/silent_speech_alignments/text_alignments/5-9/5-9_108_audio.TextGrid,WERE,1.85,1.98,0.1299999999999999,1110,1188,78
108,/Users/vedantdwivedi/Desktop/IRIS/emg_data/closed_vocab/silent/5-19_silent/108_emg.npy,/Users/vedantdwivedi/Desktop/IRIS/silent_speech_alignments/text_alignments/5-9/5-9_108_audio.TextGrid,HAVING,1.98,2.33,0.3500000000000001,1188,1398,210
108,/Users/vedantdwivedi/Desktop/IRIS/emg_data/closed_vocab/silent/5-19_silent/108_emg.npy,/Users/vedantdwivedi/Desktop/IRIS/silent_speech_alignments/text_alignments/5-9/5-9_108_audio.TextGrid,THE,2.33,2.42,0.08999999999999986,1398,1452,54
108,/Users/vedantdwivedi/Desktop/IRIS/emg_data/closed_vocab/silent/5-19_silent/108_emg.npy,/Users/vedantdwivedi/Desktop/IRIS/silent_speech_alignments/text_alignments/5-9/5-9_108_audio.TextGrid,GREATEST,2.42,2.71,0.29000000000000004,1452,1626,174
108,/Users/vedantdwivedi/Desktop/IRIS/emg_data/closed_vocab/silent/5-19_silent/108_emg.npy,/Users/vedantdwivedi/Desktop/IRIS/silent_speech_alignments/text_alignments/5-9/5-9_108_audio.TextGrid,DIFFICULTY,2.71,3.34,0.6299999999999999,1626,2004,378
108,/Users/vedantdwivedi/Desktop/IRIS/emg_data/closed_vocab/silent/5-19_silent/108_emg.npy,/Users/vedantdwivedi/Desktop/IRIS/silent_speech_alignments/text_alignments/5-9/5-9_108_audio.TextGrid,IN,3.4,3.52,0.1200000000000001,2040,2112,72
108,/Users/vedantdwivedi/Desktop/IRIS/emg_data/closed_vocab/silent/5-19_silent/108_emg.npy,/Users/vedantdwivedi/Desktop/IRIS/silent_speech_alignments/text_alignments/5-9/5-9_108_audio.TextGrid,MAKING,3.52,3.79,0.27,2112,2274,162
108,/Users/vedantdwivedi/Desktop/IRIS/emg_data/closed_vocab/silent/5-19_silent/108_emg.npy,/Users/vedantdwivedi/Desktop/IRIS/silent_speech_alignments/text_alignments/5-9/5-9_108_audio.TextGrid,THEM,3.79,3.93,0.14000000000000012,2274,2334,60
109,/Users/vedantdwivedi/Desktop/IRIS/emg_data/closed_vocab/silent/5-19_silent/109_emg.npy,/Users/vedantdwivedi/Desktop/IRIS/silent_speech_alignments/text_alignments/5-9/5-9_109_audio.TextGrid,WE,1.09,1.2,0.10999999999999988,654,720,66
109,/Users/vedantdwivedi/Desktop/IRIS/emg_data/closed_vocab/silent/5-19_silent/109_emg.npy,/Users/vedantdwivedi/Desktop/IRIS/silent_speech_alignments/text_alignments/5-9/5-9_109_audio.TextGrid,SAW,1.2,1.45,0.25,720,870,150
109,/Users/vedantdwivedi/Desktop/IRIS/emg_data/closed_vocab/silent/5-19_silent/109_emg.npy,/Users/vedantdwivedi/Desktop/IRIS/silent_speech_alignments/text_alignments/5-9/5-9_109_audio.TextGrid,ONE,1.45,1.73,0.28,870,1038,168
109,/Users/vedantdwivedi/Desktop/IRIS/emg_data/closed_vocab/silent/5-19_silent/109_emg.npy,/Users/vedantdwivedi/Desktop/IRIS/silent_speech_alignments/text_alignments/5-9/5-9_109_audio.TextGrid,SHRIVELLED,1.73,2.2,0.4700000000000002,1038,1320,282
109,/Users/vedantdwivedi/Desktop/IRIS/emg_data/closed_vocab/silent/5-19_silent/109_emg.npy,/Users/vedantdwivedi/Desktop/IRIS/silent_speech_alignments/text_alignments/5-9/5-9_109_audio.TextGrid,OLD,2.2,2.48,0.2799999999999998,1320,1488,168
109,/Users/vedantdwivedi/Desktop/IRIS/emg_data/closed_vocab/silent/5-19_silent/109_emg.npy,/Users/vedantdwivedi/Desktop/IRIS/silent_speech_alignments/text_alignments/5-9/5-9_109_audio.TextGrid,FELLOW,2.48,2.81,0.33000000000000007,1488,1686,198
109,/Users/vedantdwivedi/Desktop/IRIS/emg_data/closed_vocab/silent/5-19_silent/109_emg.npy,/Users/vedantdwivedi/Desktop/IRIS/silent_speech_alignments/text_alignments/5-9/5-9_109_audio.TextGrid,WITH,2.81,2.95,0.14000000000000012,1686,1770,84
109,/Users/vedantdwivedi/Desktop/IRIS/emg_data/closed_vocab/silent/5-19_silent/109_emg.npy,/Users/vedantdwivedi/Desktop/IRIS/silent_speech_alignments/text_alignments/5-9/5-9_109_audio.TextGrid,A,2.95,2.99,0.040000000000000036,1770,1794,24
109,/Users/vedantdwivedi/Desktop/IRIS/emg_data/closed_vocab/silent/5-19_silent/109_emg.npy,/Users/vedantdwivedi/Desktop/IRIS/silent_speech_alignments/text_alignments/5-9/5-9_109_audio.TextGrid,HUGE,2.99,3.39,0.3999999999999999,1794,2034,240
109,/Users/vedantdwivedi/Desktop/IRIS/emg_data/closed_vocab/silent/5-19_silent/109_emg.npy,/Users/vedantdwivedi/Desktop/IRIS/silent_speech_alignments/text_alignments/5-9/5-9_109_audio.TextGrid,BOX,3.39,3.98,0.5899999999999999,2034,2388,354
110,/Users/vedantdwivedi/Desktop/IRIS/emg_data/closed_vocab/silent/5-19_silent/110_emg.npy,/Users/vedantdwivedi/Desktop/IRIS/silent_speech_alignments/text_alignments/5-9/5-9_110_audio.TextGrid,I,0.87,1.0,0.13,522,600,78
110,/Users/vedantdwivedi/Desktop/IRIS/emg_data/closed_vocab/silent/5-19_silent/110_emg.npy,/Users/vedantdwivedi/Desktop/IRIS/silent_speech_alignments/text_alignments/5-9/5-9_110_audio.TextGrid,STOPPED,1.0,1.43,0.42999999999999994,600,858,258
110,/Users/vedantdwivedi/Desktop/IRIS/emg_data/closed_vocab/silent/5-19_silent/110_emg.npy,/Users/vedantdwivedi/Desktop/IRIS/silent_speech_alignments/text_alignments/5-9/5-9_110_audio.TextGrid,AND,1.46,1.64,0.17999999999999994,876,984,108
110,/Users/vedantdwivedi/Desktop/IRIS/emg_data/closed_vocab/silent/5-19_silent/110_emg.npy,/Users/vedantdwivedi/Desktop/IRIS/silent_speech_alignments/text_alignments/5-9/5-9_110_audio.TextGrid,GRIPPED,1.64,1.88,0.24,984,1128,144
110,/Users/vedantdwivedi/Desktop/IRIS/emg_data/closed_vocab/silent/5-19_silent/110_emg.npy,/Users/vedantdwivedi/Desktop/IRIS/silent_speech_alignments/text_alignments/5-9/5-9_110_audio.TextGrid,HIS,1.88,2.04,0.16000000000000014,1128,1224,96
110,/Users/vedantdwivedi/Desktop/IRIS/emg_data/closed_vocab/silent/5-19_silent/110_emg.npy,/Users/vedantdwivedi/Desktop/IRIS/silent_speech_alignments/text_alignments/5-9/5-9_110_audio.TextGrid,ARM,2.04,2.48,0.43999999999999995,1224,1488,264
111,/Users/vedantdwivedi/Desktop/IRIS/emg_data/closed_vocab/silent/5-19_silent/111_emg.npy,/Users/vedantdwivedi/Desktop/IRIS/silent_speech_alignments/text_alignments/5-9/5-9_111_audio.TextGrid,DO,1.0,1.1,0.10000000000000009,600,660,60
111,/Users/vedantdwivedi/Desktop/IRIS/emg_data/closed_vocab/silent/5-19_silent/111_emg.npy,/Users/vedantdwivedi/Desktop/IRIS/silent_speech_alignments/text_alignments/5-9/5-9_111_audio.TextGrid,YOU,1.1,1.21,0.10999999999999988,660,726,66
111,/Users/vedantdwivedi/Desktop/IRIS/emg_data/closed_vocab/silent/5-19_silent/111_emg.npy,/Users/vedantdwivedi/Desktop/IRIS/silent_speech_alignments/text_alignments/5-9/5-9_111_audio.TextGrid,KNOW,1.21,1.36,0.15000000000000013,726,816,90
111,/Users/vedantdwivedi/Desktop/IRIS/emg_data/closed_vocab/silent/5-19_silent/111_emg.npy,/Users/vedantdwivedi/Desktop/IRIS/silent_speech_alignments/text_alignments/5-9/5-9_111_audio.TextGrid,WHAT'S,1.36,1.58,0.21999999999999997,816,948,132
111,/Users/vedantdwivedi/Desktop/IRIS/emg_data/closed_vocab/silent/5-19_silent/111_emg.npy,/Users/vedantdwivedi/Desktop/IRIS/silent_speech_alignments/text_alignments/5-9/5-9_111_audio.TextGrid,OVER,1.58,1.76,0.17999999999999994,948,1056,108
111,/Users/vedantdwivedi/Desktop/IRIS/emg_data/closed_vocab/silent/5-19_silent/111_emg.npy,/Users/vedantdwivedi/Desktop/IRIS/silent_speech_alignments/text_alignments/5-9/5-9_111_audio.TextGrid,THERE,1.76,2.11,0.34999999999999987,1056,1266,210
111,/Users/vedantdwivedi/Desktop/IRIS/emg_data/closed_vocab/silent/5-19_silent/111_emg.npy,/Users/vedantdwivedi/Desktop/IRIS/silent_speech_alignments/text_alignments/5-9/5-9_111_audio.TextGrid,I,2.21,2.32,0.10999999999999988,1326,1392,66
111,/Users/vedantdwivedi/Desktop/IRIS/emg_data/closed_vocab/silent/5-19_silent/111_emg.npy,/Users/vedantdwivedi/Desktop/IRIS/silent_speech_alignments/text_alignments/5-9/5-9_111_audio.TextGrid,SAID,2.32,2.65,0.33000000000000007,1392,1590,198
111,/Users/vedantdwivedi/Desktop/IRIS/emg_data/closed_vocab/silent/5-19_silent/111_emg.npy,/Users/vedantdwivedi/Desktop/IRIS/silent_speech_alignments/text_alignments/5-9/5-9_111_audio.TextGrid,POINTING,2.98,3.34,0.3599999999999999,1788,2004,216
111,/Users/vedantdwivedi/Desktop/IRIS/emg_data/closed_vocab/silent/5-19_silent/111_emg.npy,/Users/vedantdwivedi/Desktop/IRIS/silent_speech_alignments/text_alignments/5-9/5-9_111_audio.TextGrid,AT,3.34,3.43,0.0900000000000003,2004,2058,54
111,/Users/vedantdwivedi/Desktop/IRIS/emg_data/closed_vocab/silent/5-19_silent/111_emg.npy,/Users/vedantdwivedi/Desktop/IRIS/silent_speech_alignments/text_alignments/5-9/5-9_111_audio.TextGrid,THE,3.43,3.52,0.08999999999999986,2058,2112,54
111,/Users/vedantdwivedi/Desktop/IRIS/emg_data/closed_vocab/silent/5-19_silent/111_emg.npy,/Users/vedantdwivedi/Desktop/IRIS/silent_speech_alignments/text_alignments/5-9/5-9_111_audio.TextGrid,PINE,3.52,3.87,0.3500000000000001,2112,2322,210
111,/Users/vedantdwivedi/Desktop/IRIS/emg_data/closed_vocab/silent/5-19_silent/111_emg.npy,/Users/vedantdwivedi/Desktop/IRIS/silent_speech_alignments/text_alignments/5-9/5-9_111_audio.TextGrid,TOPS,3.87,4.3,0.4299999999999997,2322,2580,258
111,/Users/vedantdwivedi/Desktop/IRIS/emg_data/closed_vocab/silent/5-19_silent/111_emg.npy,/Users/vedantdwivedi/Desktop/IRIS/silent_speech_alignments/text_alignments/5-9/5-9_111_audio.TextGrid,THAT,4.33,4.48,0.15000000000000036,2598,2688,90
111,/Users/vedantdwivedi/Desktop/IRIS/emg_data/closed_vocab/silent/5-19_silent/111_emg.npy,/Users/vedantdwivedi/Desktop/IRIS/silent_speech_alignments/text_alignments/5-9/5-9_111_audio.TextGrid,HID,4.48,4.76,0.27999999999999936,2688,2856,168
111,/Users/vedantdwivedi/Desktop/IRIS/emg_data/closed_vocab/silent/5-19_silent/111_emg.npy,/Users/vedantdwivedi/Desktop/IRIS/silent_speech_alignments/text_alignments/5-9/5-9_111_audio.TextGrid,THE,4.76,4.83,0.07000000000000028,2856,2898,42
111,/Users/vedantdwivedi/Desktop/IRIS/emg_data/closed_vocab/silent/5-19_silent/111_emg.npy,/Users/vedantdwivedi/Desktop/IRIS/silent_speech_alignments/text_alignments/5-9/5-9_111_audio.TextGrid,MARTIANS,4.83,5.49,0.6600000000000001,2898,3210,312
112,/Users/vedantdwivedi/Desktop/IRIS/emg_data/closed_vocab/silent/5-19_silent/112_emg.npy,/Users/vedantdwivedi/Desktop/IRIS/silent_speech_alignments/text_alignments/5-9/5-9_112_audio.TextGrid,EH,0.71,1.1,0.3900000000000001,426,660,234
112,/Users/vedantdwivedi/Desktop/IRIS/emg_data/closed_vocab/silent/5-19_silent/112_emg.npy,/Users/vedantdwivedi/Desktop/IRIS/silent_speech_alignments/text_alignments/5-9/5-9_112_audio.TextGrid,SAID,1.49,1.7,0.20999999999999996,894,1020,126
112,/Users/vedantdwivedi/Desktop/IRIS/emg_data/closed_vocab/silent/5-19_silent/112_emg.npy,/Users/vedantdwivedi/Desktop/IRIS/silent_speech_alignments/text_alignments/5-9/5-9_112_audio.TextGrid,HE,1.7,2.07,0.3699999999999999,1020,1242,222
112,/Users/vedantdwivedi/Desktop/IRIS/emg_data/closed_vocab/silent/5-19_silent/112_emg.npy,/Users/vedantdwivedi/Desktop/IRIS/silent_speech_alignments/text_alignments/5-9/5-9_112_audio.TextGrid,TURNING,2.19,2.66,0.4700000000000002,1314,1596,282
114,/Users/vedantdwivedi/Desktop/IRIS/emg_data/closed_vocab/silent/5-19_silent/114_emg.npy,/Users/vedantdwivedi/Desktop/IRIS/silent_speech_alignments/text_alignments/5-9/5-9_114_audio.TextGrid,DEATH,0.73,1.25,0.52,438,500,62
115,/Users/vedantdwivedi/Desktop/IRIS/emg_data/closed_vocab/silent/5-19_silent/115_emg.npy,/Users/vedantdwivedi/Desktop/IRIS/silent_speech_alignments/text_alignments/5-9/5-9_115_audio.TextGrid,DEATH,0.67,1.14,0.46999999999999986,402,684,282
115,/Users/vedantdwivedi/Desktop/IRIS/emg_data/closed_vocab/silent/5-19_silent/115_emg.npy,/Users/vedantdwivedi/Desktop/IRIS/silent_speech_alignments/text_alignments/5-9/5-9_115_audio.TextGrid,IS,1.19,1.36,0.17000000000000015,714,816,102
115,/Users/vedantdwivedi/Desktop/IRIS/emg_data/closed_vocab/silent/5-19_silent/115_emg.npy,/Users/vedantdwivedi/Desktop/IRIS/silent_speech_alignments/text_alignments/5-9/5-9_115_audio.TextGrid,COMING,1.36,1.84,0.48,816,1104,288
116,/Users/vedantdwivedi/Desktop/IRIS/emg_data/closed_vocab/silent/5-19_silent/116_emg.npy,/Users/vedantdwivedi/Desktop/IRIS/silent_speech_alignments/text_alignments/5-9/5-9_116_audio.TextGrid,DEATH,0.71,1.25,0.54,426,500,74
117,/Users/vedantdwivedi/Desktop/IRIS/emg_data/closed_vocab/silent/5-19_silent/117_emg.npy,/Users/vedantdwivedi/Desktop/IRIS/silent_speech_alignments/text_alignments/5-9/5-9_117_audio.TextGrid,AT,0.87,1.03,0.16000000000000003,522,618,96
117,/Users/vedantdwivedi/Desktop/IRIS/emg_data/closed_vocab/silent/5-19_silent/117_emg.npy,/Users/vedantdwivedi/Desktop/IRIS/silent_speech_alignments/text_alignments/5-9/5-9_117_audio.TextGrid,THE,1.03,1.1,0.07000000000000006,618,660,42
117,/Users/vedantdwivedi/Desktop/IRIS/emg_data/closed_vocab/silent/5-19_silent/117_emg.npy,/Users/vedantdwivedi/Desktop/IRIS/silent_speech_alignments/text_alignments/5-9/5-9_117_audio.TextGrid,CORNER,1.1,1.53,0.42999999999999994,660,918,258
117,/Users/vedantdwivedi/Desktop/IRIS/emg_data/closed_vocab/silent/5-19_silent/117_emg.npy,/Users/vedantdwivedi/Desktop/IRIS/silent_speech_alignments/text_alignments/5-9/5-9_117_audio.TextGrid,I,1.56,1.69,0.1299999999999999,936,1014,78
117,/Users/vedantdwivedi/Desktop/IRIS/emg_data/closed_vocab/silent/5-19_silent/117_emg.npy,/Users/vedantdwivedi/Desktop/IRIS/silent_speech_alignments/text_alignments/5-9/5-9_117_audio.TextGrid,LOOKED,1.69,1.91,0.21999999999999997,1014,1146,132
117,/Users/vedantdwivedi/Desktop/IRIS/emg_data/closed_vocab/silent/5-19_silent/117_emg.npy,/Users/vedantdwivedi/Desktop/IRIS/silent_speech_alignments/text_alignments/5-9/5-9_117_audio.TextGrid,BACK,1.91,2.34,0.42999999999999994,1146,1404,258
121,/Users/vedantdwivedi/Desktop/IRIS/emg_data/closed_vocab/silent/5-19_silent/121_emg.npy,/Users/vedantdwivedi/Desktop/IRIS/silent_speech_alignments/text_alignments/5-9/5-9_121_audio.TextGrid,NO,0.98,1.26,0.28,588,756,168
121,/Users/vedantdwivedi/Desktop/IRIS/emg_data/closed_vocab/silent/5-19_silent/121_emg.npy,/Users/vedantdwivedi/Desktop/IRIS/silent_speech_alignments/text_alignments/5-9/5-9_121_audio.TextGrid,ONE,1.26,1.42,0.15999999999999992,756,852,96
121,/Users/vedantdwivedi/Desktop/IRIS/emg_data/closed_vocab/silent/5-19_silent/121_emg.npy,/Users/vedantdwivedi/Desktop/IRIS/silent_speech_alignments/text_alignments/5-9/5-9_121_audio.TextGrid,IN,1.42,1.54,0.1200000000000001,852,924,72
121,/Users/vedantdwivedi/Desktop/IRIS/emg_data/closed_vocab/silent/5-19_silent/121_emg.npy,/Users/vedantdwivedi/Desktop/IRIS/silent_speech_alignments/text_alignments/5-9/5-9_121_audio.TextGrid,WEYBRIDGE,1.54,2.05,0.5099999999999998,924,1230,306
121,/Users/vedantdwivedi/Desktop/IRIS/emg_data/closed_vocab/silent/5-19_silent/121_emg.npy,/Users/vedantdwivedi/Desktop/IRIS/silent_speech_alignments/text_alignments/5-9/5-9_121_audio.TextGrid,COULD,2.05,2.24,0.1900000000000004,1230,1344,114
121,/Users/vedantdwivedi/Desktop/IRIS/emg_data/closed_vocab/silent/5-19_silent/121_emg.npy,/Users/vedantdwivedi/Desktop/IRIS/silent_speech_alignments/text_alignments/5-9/5-9_121_audio.TextGrid,TELL,2.24,2.5,0.2599999999999998,1344,1500,156
121,/Users/vedantdwivedi/Desktop/IRIS/emg_data/closed_vocab/silent/5-19_silent/121_emg.npy,/Users/vedantdwivedi/Desktop/IRIS/silent_speech_alignments/text_alignments/5-9/5-9_121_audio.TextGrid,US,2.5,2.83,0.33000000000000007,1500,1698,198
121,/Users/vedantdwivedi/Desktop/IRIS/emg_data/closed_vocab/silent/5-19_silent/121_emg.npy,/Users/vedantdwivedi/Desktop/IRIS/silent_speech_alignments/text_alignments/5-9/5-9_121_audio.TextGrid,WHERE,3.08,3.26,0.17999999999999972,1848,1956,108
121,/Users/vedantdwivedi/Desktop/IRIS/emg_data/closed_vocab/silent/5-19_silent/121_emg.npy,/Users/vedantdwivedi/Desktop/IRIS/silent_speech_alignments/text_alignments/5-9/5-9_121_audio.TextGrid,THE,3.26,3.34,0.08000000000000007,1956,2004,48
121,/Users/vedantdwivedi/Desktop/IRIS/emg_data/closed_vocab/silent/5-19_silent/121_emg.npy,/Users/vedantdwivedi/Desktop/IRIS/silent_speech_alignments/text_alignments/5-9/5-9_121_audio.TextGrid,HEADQUARTERS,3.34,4.07,0.7300000000000004,2004,2442,438
121,/Users/vedantdwivedi/Desktop/IRIS/emg_data/closed_vocab/silent/5-19_silent/121_emg.npy,/Users/vedantdwivedi/Desktop/IRIS/silent_speech_alignments/text_alignments/5-9/5-9_121_audio.TextGrid,WERE,4.07,4.21,0.13999999999999968,2442,2526,84
121,/Users/vedantdwivedi/Desktop/IRIS/emg_data/closed_vocab/silent/5-19_silent/121_emg.npy,/Users/vedantdwivedi/Desktop/IRIS/silent_speech_alignments/text_alignments/5-9/5-9_121_audio.TextGrid,ESTABLISHED,4.21,4.87,0.6600000000000001,2526,2922,396
121,/Users/vedantdwivedi/Desktop/IRIS/emg_data/closed_vocab/silent/5-19_silent/121_emg.npy,/Users/vedantdwivedi/Desktop/IRIS/silent_speech_alignments/text_alignments/5-9/5-9_121_audio.TextGrid,THE,5.32,5.43,0.10999999999999943,3192,3258,66
121,/Users/vedantdwivedi/Desktop/IRIS/emg_data/closed_vocab/silent/5-19_silent/121_emg.npy,/Users/vedantdwivedi/Desktop/IRIS/silent_speech_alignments/text_alignments/5-9/5-9_121_audio.TextGrid,WHOLE,5.43,5.64,0.20999999999999996,3258,3384,126
121,/Users/vedantdwivedi/Desktop/IRIS/emg_data/closed_vocab/silent/5-19_silent/121_emg.npy,/Users/vedantdwivedi/Desktop/IRIS/silent_speech_alignments/text_alignments/5-9/5-9_121_audio.TextGrid,PLACE,5.64,6.19,0.5500000000000007,3384,3582,198
122,/Users/vedantdwivedi/Desktop/IRIS/emg_data/closed_vocab/silent/5-19_silent/122_emg.npy,/Users/vedantdwivedi/Desktop/IRIS/silent_speech_alignments/text_alignments/5-9/5-9_122_audio.TextGrid,CARTS,0.69,1.31,0.6200000000000001,414,786,372
122,/Users/vedantdwivedi/Desktop/IRIS/emg_data/closed_vocab/silent/5-19_silent/122_emg.npy,/Users/vedantdwivedi/Desktop/IRIS/silent_speech_alignments/text_alignments/5-9/5-9_122_audio.TextGrid,CARRIAGES,1.48,1.94,0.45999999999999996,888,1164,276
122,/Users/vedantdwivedi/Desktop/IRIS/emg_data/closed_vocab/silent/5-19_silent/122_emg.npy,/Users/vedantdwivedi/Desktop/IRIS/silent_speech_alignments/text_alignments/5-9/5-9_122_audio.TextGrid,EVERYWHERE,1.94,2.54,0.6000000000000001,1164,1524,360
122,/Users/vedantdwivedi/Desktop/IRIS/emg_data/closed_vocab/silent/5-19_silent/122_emg.npy,/Users/vedantdwivedi/Desktop/IRIS/silent_speech_alignments/text_alignments/5-9/5-9_122_audio.TextGrid,THE,2.96,3.05,0.08999999999999986,1776,1830,54
122,/Users/vedantdwivedi/Desktop/IRIS/emg_data/closed_vocab/silent/5-19_silent/122_emg.npy,/Users/vedantdwivedi/Desktop/IRIS/silent_speech_alignments/text_alignments/5-9/5-9_122_audio.TextGrid,MOST,3.05,3.31,0.26000000000000023,1830,1986,156
122,/Users/vedantdwivedi/Desktop/IRIS/emg_data/closed_vocab/silent/5-19_silent/122_emg.npy,/Users/vedantdwivedi/Desktop/IRIS/silent_speech_alignments/text_alignments/5-9/5-9_122_audio.TextGrid,ASTONISHING,3.31,3.97,0.6600000000000001,1986,2382,396
122,/Users/vedantdwivedi/Desktop/IRIS/emg_data/closed_vocab/silent/5-19_silent/122_emg.npy,/Users/vedantdwivedi/Desktop/IRIS/silent_speech_alignments/text_alignments/5-9/5-9_122_audio.TextGrid,MISCELLANY,4.06,4.79,0.7300000000000004,2436,2874,438
122,/Users/vedantdwivedi/Desktop/IRIS/emg_data/closed_vocab/silent/5-19_silent/122_emg.npy,/Users/vedantdwivedi/Desktop/IRIS/silent_speech_alignments/text_alignments/5-9/5-9_122_audio.TextGrid,OF,5.29,5.38,0.08999999999999986,3174,3228,54
122,/Users/vedantdwivedi/Desktop/IRIS/emg_data/closed_vocab/silent/5-19_silent/122_emg.npy,/Users/vedantdwivedi/Desktop/IRIS/silent_speech_alignments/text_alignments/5-9/5-9_122_audio.TextGrid,CONVEYANCES,5.38,6.31,0.9299999999999997,3228,3510,282
125,/Users/vedantdwivedi/Desktop/IRIS/emg_data/closed_vocab/silent/5-19_silent/125_emg.npy,/Users/vedantdwivedi/Desktop/IRIS/silent_speech_alignments/text_alignments/5-9/5-9_125_audio.TextGrid,I,1.06,1.3,0.24,636,780,144
125,/Users/vedantdwivedi/Desktop/IRIS/emg_data/closed_vocab/silent/5-19_silent/125_emg.npy,/Users/vedantdwivedi/Desktop/IRIS/silent_speech_alignments/text_alignments/5-9/5-9_125_audio.TextGrid,AND,1.3,1.42,0.11999999999999988,780,852,72
125,/Users/vedantdwivedi/Desktop/IRIS/emg_data/closed_vocab/silent/5-19_silent/125_emg.npy,/Users/vedantdwivedi/Desktop/IRIS/silent_speech_alignments/text_alignments/5-9/5-9_125_audio.TextGrid,THE,1.42,1.51,0.09000000000000008,852,906,54
125,/Users/vedantdwivedi/Desktop/IRIS/emg_data/closed_vocab/silent/5-19_silent/125_emg.npy,/Users/vedantdwivedi/Desktop/IRIS/silent_speech_alignments/text_alignments/5-9/5-9_125_audio.TextGrid,ARTILLERYMAN,1.51,2.32,0.8099999999999998,906,1392,486
125,/Users/vedantdwivedi/Desktop/IRIS/emg_data/closed_vocab/silent/5-19_silent/125_emg.npy,/Users/vedantdwivedi/Desktop/IRIS/silent_speech_alignments/text_alignments/5-9/5-9_125_audio.TextGrid,SEATED,2.72,3.16,0.43999999999999995,1632,1896,264
125,/Users/vedantdwivedi/Desktop/IRIS/emg_data/closed_vocab/silent/5-19_silent/125_emg.npy,/Users/vedantdwivedi/Desktop/IRIS/silent_speech_alignments/text_alignments/5-9/5-9_125_audio.TextGrid,ON,3.16,3.23,0.06999999999999984,1896,1938,42
125,/Users/vedantdwivedi/Desktop/IRIS/emg_data/closed_vocab/silent/5-19_silent/125_emg.npy,/Users/vedantdwivedi/Desktop/IRIS/silent_speech_alignments/text_alignments/5-9/5-9_125_audio.TextGrid,THE,3.23,3.31,0.08000000000000007,1938,1986,48
125,/Users/vedantdwivedi/Desktop/IRIS/emg_data/closed_vocab/silent/5-19_silent/125_emg.npy,/Users/vedantdwivedi/Desktop/IRIS/silent_speech_alignments/text_alignments/5-9/5-9_125_audio.TextGrid,STEP,3.31,3.73,0.41999999999999993,1986,2238,252
125,/Users/vedantdwivedi/Desktop/IRIS/emg_data/closed_vocab/silent/5-19_silent/125_emg.npy,/Users/vedantdwivedi/Desktop/IRIS/silent_speech_alignments/text_alignments/5-9/5-9_125_audio.TextGrid,OF,3.76,3.83,0.07000000000000028,2256,2298,42
125,/Users/vedantdwivedi/Desktop/IRIS/emg_data/closed_vocab/silent/5-19_silent/125_emg.npy,/Users/vedantdwivedi/Desktop/IRIS/silent_speech_alignments/text_alignments/5-9/5-9_125_audio.TextGrid,THE,3.83,3.92,0.08999999999999986,2298,2352,54
125,/Users/vedantdwivedi/Desktop/IRIS/emg_data/closed_vocab/silent/5-19_silent/125_emg.npy,/Users/vedantdwivedi/Desktop/IRIS/silent_speech_alignments/text_alignments/5-9/5-9_125_audio.TextGrid,DRINKING,3.92,4.28,0.3600000000000003,2352,2568,216
125,/Users/vedantdwivedi/Desktop/IRIS/emg_data/closed_vocab/silent/5-19_silent/125_emg.npy,/Users/vedantdwivedi/Desktop/IRIS/silent_speech_alignments/text_alignments/5-9/5-9_125_audio.TextGrid,FOUNTAIN,4.28,4.79,0.5099999999999998,2568,2874,306
125,/Users/vedantdwivedi/Desktop/IRIS/emg_data/closed_vocab/silent/5-19_silent/125_emg.npy,/Users/vedantdwivedi/Desktop/IRIS/silent_speech_alignments/text_alignments/5-9/5-9_125_audio.TextGrid,MADE,5.16,5.37,0.20999999999999996,3096,3222,126
125,/Users/vedantdwivedi/Desktop/IRIS/emg_data/closed_vocab/silent/5-19_silent/125_emg.npy,/Users/vedantdwivedi/Desktop/IRIS/silent_speech_alignments/text_alignments/5-9/5-9_125_audio.TextGrid,A,5.37,5.44,0.07000000000000028,3222,3264,42
125,/Users/vedantdwivedi/Desktop/IRIS/emg_data/closed_vocab/silent/5-19_silent/125_emg.npy,/Users/vedantdwivedi/Desktop/IRIS/silent_speech_alignments/text_alignments/5-9/5-9_125_audio.TextGrid,VERY,5.44,5.85,0.40999999999999925,3264,3510,246
125,/Users/vedantdwivedi/Desktop/IRIS/emg_data/closed_vocab/silent/5-19_silent/125_emg.npy,/Users/vedantdwivedi/Desktop/IRIS/silent_speech_alignments/text_alignments/5-9/5-9_125_audio.TextGrid,PASSABLE,6.0,6.52,0.5199999999999996,3600,3690,90
128,/Users/vedantdwivedi/Desktop/IRIS/emg_data/closed_vocab/silent/5-19_silent/128_emg.npy,/Users/vedantdwivedi/Desktop/IRIS/silent_speech_alignments/text_alignments/5-9/5-9_128_audio.TextGrid,THE,0.91,1.04,0.13,546,624,78
128,/Users/vedantdwivedi/Desktop/IRIS/emg_data/closed_vocab/silent/5-19_silent/128_emg.npy,/Users/vedantdwivedi/Desktop/IRIS/silent_speech_alignments/text_alignments/5-9/5-9_128_audio.TextGrid,ORDINARY,1.04,1.42,0.3799999999999999,624,852,228
128,/Users/vedantdwivedi/Desktop/IRIS/emg_data/closed_vocab/silent/5-19_silent/128_emg.npy,/Users/vedantdwivedi/Desktop/IRIS/silent_speech_alignments/text_alignments/5-9/5-9_128_audio.TextGrid,TRAFFIC,1.42,1.88,0.45999999999999996,852,1128,276
128,/Users/vedantdwivedi/Desktop/IRIS/emg_data/closed_vocab/silent/5-19_silent/128_emg.npy,/Users/vedantdwivedi/Desktop/IRIS/silent_speech_alignments/text_alignments/5-9/5-9_128_audio.TextGrid,HAD,1.91,2.06,0.15000000000000013,1146,1236,90
128,/Users/vedantdwivedi/Desktop/IRIS/emg_data/closed_vocab/silent/5-19_silent/128_emg.npy,/Users/vedantdwivedi/Desktop/IRIS/silent_speech_alignments/text_alignments/5-9/5-9_128_audio.TextGrid,BEEN,2.06,2.22,0.16000000000000014,1236,1332,96
128,/Users/vedantdwivedi/Desktop/IRIS/emg_data/closed_vocab/silent/5-19_silent/128_emg.npy,/Users/vedantdwivedi/Desktop/IRIS/silent_speech_alignments/text_alignments/5-9/5-9_128_audio.TextGrid,STOPPED,2.22,2.63,0.4099999999999997,1332,1578,246
128,/Users/vedantdwivedi/Desktop/IRIS/emg_data/closed_vocab/silent/5-19_silent/128_emg.npy,/Users/vedantdwivedi/Desktop/IRIS/silent_speech_alignments/text_alignments/5-9/5-9_128_audio.TextGrid,I,2.63,2.68,0.050000000000000266,1578,1608,30
128,/Users/vedantdwivedi/Desktop/IRIS/emg_data/closed_vocab/silent/5-19_silent/128_emg.npy,/Users/vedantdwivedi/Desktop/IRIS/silent_speech_alignments/text_alignments/5-9/5-9_128_audio.TextGrid,BELIEVE,2.68,3.08,0.3999999999999999,1608,1848,240
128,/Users/vedantdwivedi/Desktop/IRIS/emg_data/closed_vocab/silent/5-19_silent/128_emg.npy,/Users/vedantdwivedi/Desktop/IRIS/silent_speech_alignments/text_alignments/5-9/5-9_128_audio.TextGrid,IN,3.44,3.56,0.1200000000000001,2064,2136,72
128,/Users/vedantdwivedi/Desktop/IRIS/emg_data/closed_vocab/silent/5-19_silent/128_emg.npy,/Users/vedantdwivedi/Desktop/IRIS/silent_speech_alignments/text_alignments/5-9/5-9_128_audio.TextGrid,ORDER,3.56,3.81,0.25,2136,2286,150
128,/Users/vedantdwivedi/Desktop/IRIS/emg_data/closed_vocab/silent/5-19_silent/128_emg.npy,/Users/vedantdwivedi/Desktop/IRIS/silent_speech_alignments/text_alignments/5-9/5-9_128_audio.TextGrid,TO,3.81,3.94,0.1299999999999999,2286,2364,78
128,/Users/vedantdwivedi/Desktop/IRIS/emg_data/closed_vocab/silent/5-19_silent/128_emg.npy,/Users/vedantdwivedi/Desktop/IRIS/silent_speech_alignments/text_alignments/5-9/5-9_128_audio.TextGrid,ALLOW,3.94,4.56,0.6199999999999997,2364,2736,372
128,/Users/vedantdwivedi/Desktop/IRIS/emg_data/closed_vocab/silent/5-19_silent/128_emg.npy,/Users/vedantdwivedi/Desktop/IRIS/silent_speech_alignments/text_alignments/5-9/5-9_128_audio.TextGrid,OF,4.85,4.97,0.1200000000000001,2910,2982,72
128,/Users/vedantdwivedi/Desktop/IRIS/emg_data/closed_vocab/silent/5-19_silent/128_emg.npy,/Users/vedantdwivedi/Desktop/IRIS/silent_speech_alignments/text_alignments/5-9/5-9_128_audio.TextGrid,THE,4.97,5.06,0.08999999999999986,2982,3036,54
128,/Users/vedantdwivedi/Desktop/IRIS/emg_data/closed_vocab/silent/5-19_silent/128_emg.npy,/Users/vedantdwivedi/Desktop/IRIS/silent_speech_alignments/text_alignments/5-9/5-9_128_audio.TextGrid,PASSAGE,5.06,5.48,0.4200000000000008,3036,3288,252
128,/Users/vedantdwivedi/Desktop/IRIS/emg_data/closed_vocab/silent/5-19_silent/128_emg.npy,/Users/vedantdwivedi/Desktop/IRIS/silent_speech_alignments/text_alignments/5-9/5-9_128_audio.TextGrid,OF,5.48,5.59,0.10999999999999943,3288,3354,66
128,/Users/vedantdwivedi/Desktop/IRIS/emg_data/closed_vocab/silent/5-19_silent/128_emg.npy,/Users/vedantdwivedi/Desktop/IRIS/silent_speech_alignments/text_alignments/5-9/5-9_128_audio.TextGrid,TROOPS,5.59,6.04,0.4500000000000002,3354,3624,270
128,/Users/vedantdwivedi/Desktop/IRIS/emg_data/closed_vocab/silent/5-19_silent/128_emg.npy,/Users/vedantdwivedi/Desktop/IRIS/silent_speech_alignments/text_alignments/5-9/5-9_128_audio.TextGrid,AND,6.07,6.24,0.16999999999999993,3642,3690,48
129,/Users/vedantdwivedi/Desktop/IRIS/emg_data/closed_vocab/silent/5-19_silent/129_emg.npy,/Users/vedantdwivedi/Desktop/IRIS/silent_speech_alignments/text_alignments/5-9/5-9_129_audio.TextGrid,WE,1.0,1.09,0.09000000000000008,600,654,54
129,/Users/vedantdwivedi/Desktop/IRIS/emg_data/closed_vocab/silent/5-19_silent/129_emg.npy,/Users/vedantdwivedi/Desktop/IRIS/silent_speech_alignments/text_alignments/5-9/5-9_129_audio.TextGrid,REMAINED,1.09,1.45,0.3599999999999999,654,870,216
129,/Users/vedantdwivedi/Desktop/IRIS/emg_data/closed_vocab/silent/5-19_silent/129_emg.npy,/Users/vedantdwivedi/Desktop/IRIS/silent_speech_alignments/text_alignments/5-9/5-9_129_audio.TextGrid,AT,1.45,1.58,0.13000000000000012,870,948,78
129,/Users/vedantdwivedi/Desktop/IRIS/emg_data/closed_vocab/silent/5-19_silent/129_emg.npy,/Users/vedantdwivedi/Desktop/IRIS/silent_speech_alignments/text_alignments/5-9/5-9_129_audio.TextGrid,WEYBRIDGE,1.58,1.98,0.3999999999999999,948,1188,240
129,/Users/vedantdwivedi/Desktop/IRIS/emg_data/closed_vocab/silent/5-19_silent/129_emg.npy,/Users/vedantdwivedi/Desktop/IRIS/silent_speech_alignments/text_alignments/5-9/5-9_129_audio.TextGrid,UNTIL,1.98,2.32,0.33999999999999986,1188,1392,204
129,/Users/vedantdwivedi/Desktop/IRIS/emg_data/closed_vocab/silent/5-19_silent/129_emg.npy,/Users/vedantdwivedi/Desktop/IRIS/silent_speech_alignments/text_alignments/5-9/5-9_129_audio.TextGrid,MIDDAY,2.32,2.9,0.5800000000000001,1392,1740,348
129,/Users/vedantdwivedi/Desktop/IRIS/emg_data/closed_vocab/silent/5-19_silent/129_emg.npy,/Users/vedantdwivedi/Desktop/IRIS/silent_speech_alignments/text_alignments/5-9/5-9_129_audio.TextGrid,AND,3.32,3.47,0.15000000000000036,1992,2082,90
129,/Users/vedantdwivedi/Desktop/IRIS/emg_data/closed_vocab/silent/5-19_silent/129_emg.npy,/Users/vedantdwivedi/Desktop/IRIS/silent_speech_alignments/text_alignments/5-9/5-9_129_audio.TextGrid,AT,3.47,3.58,0.10999999999999988,2082,2148,66
129,/Users/vedantdwivedi/Desktop/IRIS/emg_data/closed_vocab/silent/5-19_silent/129_emg.npy,/Users/vedantdwivedi/Desktop/IRIS/silent_speech_alignments/text_alignments/5-9/5-9_129_audio.TextGrid,THAT,3.58,3.84,0.2599999999999998,2148,2304,156
129,/Users/vedantdwivedi/Desktop/IRIS/emg_data/closed_vocab/silent/5-19_silent/129_emg.npy,/Users/vedantdwivedi/Desktop/IRIS/silent_speech_alignments/text_alignments/5-9/5-9_129_audio.TextGrid,HOUR,3.84,4.14,0.2999999999999998,2304,2484,180
129,/Users/vedantdwivedi/Desktop/IRIS/emg_data/closed_vocab/silent/5-19_silent/129_emg.npy,/Users/vedantdwivedi/Desktop/IRIS/silent_speech_alignments/text_alignments/5-9/5-9_129_audio.TextGrid,WE,4.14,4.27,0.1299999999999999,2484,2562,78
129,/Users/vedantdwivedi/Desktop/IRIS/emg_data/closed_vocab/silent/5-19_silent/129_emg.npy,/Users/vedantdwivedi/Desktop/IRIS/silent_speech_alignments/text_alignments/5-9/5-9_129_audio.TextGrid,FOUND,4.27,4.47,0.20000000000000018,2562,2682,120
129,/Users/vedantdwivedi/Desktop/IRIS/emg_data/closed_vocab/silent/5-19_silent/129_emg.npy,/Users/vedantdwivedi/Desktop/IRIS/silent_speech_alignments/text_alignments/5-9/5-9_129_audio.TextGrid,OURSELVES,4.47,5.13,0.6600000000000001,2682,3078,396
129,/Users/vedantdwivedi/Desktop/IRIS/emg_data/closed_vocab/silent/5-19_silent/129_emg.npy,/Users/vedantdwivedi/Desktop/IRIS/silent_speech_alignments/text_alignments/5-9/5-9_129_audio.TextGrid,AT,5.17,5.29,0.1200000000000001,3102,3174,72
129,/Users/vedantdwivedi/Desktop/IRIS/emg_data/closed_vocab/silent/5-19_silent/129_emg.npy,/Users/vedantdwivedi/Desktop/IRIS/silent_speech_alignments/text_alignments/5-9/5-9_129_audio.TextGrid,THE,5.29,5.39,0.09999999999999964,3174,3234,60
129,/Users/vedantdwivedi/Desktop/IRIS/emg_data/closed_vocab/silent/5-19_silent/129_emg.npy,/Users/vedantdwivedi/Desktop/IRIS/silent_speech_alignments/text_alignments/5-9/5-9_129_audio.TextGrid,PLACE,5.39,5.79,0.40000000000000036,3234,3474,240
129,/Users/vedantdwivedi/Desktop/IRIS/emg_data/closed_vocab/silent/5-19_silent/129_emg.npy,/Users/vedantdwivedi/Desktop/IRIS/silent_speech_alignments/text_alignments/5-9/5-9_129_audio.TextGrid,NEAR,5.82,5.95,0.1299999999999999,3492,3570,78
129,/Users/vedantdwivedi/Desktop/IRIS/emg_data/closed_vocab/silent/5-19_silent/129_emg.npy,/Users/vedantdwivedi/Desktop/IRIS/silent_speech_alignments/text_alignments/5-9/5-9_129_audio.TextGrid,SHEPPERTON,5.95,6.46,0.5099999999999998,3570,3876,306
129,/Users/vedantdwivedi/Desktop/IRIS/emg_data/closed_vocab/silent/5-19_silent/129_emg.npy,/Users/vedantdwivedi/Desktop/IRIS/silent_speech_alignments/text_alignments/5-9/5-9_129_audio.TextGrid,LOCK,6.46,6.8,0.33999999999999986,3876,3882,6
12,/Users/vedantdwivedi/Desktop/IRIS/emg_data/closed_vocab/silent/5-19_silent/12_emg.npy,/Users/vedantdwivedi/Desktop/IRIS/silent_speech_alignments/text_alignments/5-9/5-9_12_audio.TextGrid,HAD,1.07,1.24,0.16999999999999993,642,744,102
12,/Users/vedantdwivedi/Desktop/IRIS/emg_data/closed_vocab/silent/5-19_silent/12_emg.npy,/Users/vedantdwivedi/Desktop/IRIS/silent_speech_alignments/text_alignments/5-9/5-9_12_audio.TextGrid,I,1.24,1.31,0.07000000000000006,744,786,42
12,/Users/vedantdwivedi/Desktop/IRIS/emg_data/closed_vocab/silent/5-19_silent/12_emg.npy,/Users/vedantdwivedi/Desktop/IRIS/silent_speech_alignments/text_alignments/5-9/5-9_12_audio.TextGrid,BEEN,1.31,1.48,0.16999999999999993,786,888,102
12,/Users/vedantdwivedi/Desktop/IRIS/emg_data/closed_vocab/silent/5-19_silent/12_emg.npy,/Users/vedantdwivedi/Desktop/IRIS/silent_speech_alignments/text_alignments/5-9/5-9_12_audio.TextGrid,ALONE,1.48,2.03,0.5499999999999998,888,1218,330
12,/Users/vedantdwivedi/Desktop/IRIS/emg_data/closed_vocab/silent/5-19_silent/12_emg.npy,/Users/vedantdwivedi/Desktop/IRIS/silent_speech_alignments/text_alignments/5-9/5-9_12_audio.TextGrid,I,2.24,2.39,0.1499999999999999,1344,1434,90
12,/Users/vedantdwivedi/Desktop/IRIS/emg_data/closed_vocab/silent/5-19_silent/12_emg.npy,/Users/vedantdwivedi/Desktop/IRIS/silent_speech_alignments/text_alignments/5-9/5-9_12_audio.TextGrid,THINK,2.39,2.66,0.27,1434,1596,162
12,/Users/vedantdwivedi/Desktop/IRIS/emg_data/closed_vocab/silent/5-19_silent/12_emg.npy,/Users/vedantdwivedi/Desktop/IRIS/silent_speech_alignments/text_alignments/5-9/5-9_12_audio.TextGrid,I,2.66,2.74,0.08000000000000007,1596,1644,48
12,/Users/vedantdwivedi/Desktop/IRIS/emg_data/closed_vocab/silent/5-19_silent/12_emg.npy,/Users/vedantdwivedi/Desktop/IRIS/silent_speech_alignments/text_alignments/5-9/5-9_12_audio.TextGrid,SHOULD,2.74,2.88,0.13999999999999968,1644,1728,84
12,/Users/vedantdwivedi/Desktop/IRIS/emg_data/closed_vocab/silent/5-19_silent/12_emg.npy,/Users/vedantdwivedi/Desktop/IRIS/silent_speech_alignments/text_alignments/5-9/5-9_12_audio.TextGrid,HAVE,2.88,3.01,0.1299999999999999,1728,1806,78
12,/Users/vedantdwivedi/Desktop/IRIS/emg_data/closed_vocab/silent/5-19_silent/12_emg.npy,/Users/vedantdwivedi/Desktop/IRIS/silent_speech_alignments/text_alignments/5-9/5-9_12_audio.TextGrid,TAKEN,3.01,3.33,0.3200000000000003,1806,1998,192
12,/Users/vedantdwivedi/Desktop/IRIS/emg_data/closed_vocab/silent/5-19_silent/12_emg.npy,/Users/vedantdwivedi/Desktop/IRIS/silent_speech_alignments/text_alignments/5-9/5-9_12_audio.TextGrid,MY,3.33,3.47,0.14000000000000012,1998,2082,84
12,/Users/vedantdwivedi/Desktop/IRIS/emg_data/closed_vocab/silent/5-19_silent/12_emg.npy,/Users/vedantdwivedi/Desktop/IRIS/silent_speech_alignments/text_alignments/5-9/5-9_12_audio.TextGrid,CHANCE,3.47,4.1,0.6299999999999994,2082,2460,378
12,/Users/vedantdwivedi/Desktop/IRIS/emg_data/closed_vocab/silent/5-19_silent/12_emg.npy,/Users/vedantdwivedi/Desktop/IRIS/silent_speech_alignments/text_alignments/5-9/5-9_12_audio.TextGrid,AND,4.13,4.28,0.15000000000000036,2478,2568,90
12,/Users/vedantdwivedi/Desktop/IRIS/emg_data/closed_vocab/silent/5-19_silent/12_emg.npy,/Users/vedantdwivedi/Desktop/IRIS/silent_speech_alignments/text_alignments/5-9/5-9_12_audio.TextGrid,STRUCK,4.28,4.66,0.3799999999999999,2568,2796,228
12,/Users/vedantdwivedi/Desktop/IRIS/emg_data/closed_vocab/silent/5-19_silent/12_emg.npy,/Users/vedantdwivedi/Desktop/IRIS/silent_speech_alignments/text_alignments/5-9/5-9_12_audio.TextGrid,ACROSS,4.66,5.11,0.4500000000000002,2796,3066,270
12,/Users/vedantdwivedi/Desktop/IRIS/emg_data/closed_vocab/silent/5-19_silent/12_emg.npy,/Users/vedantdwivedi/Desktop/IRIS/silent_speech_alignments/text_alignments/5-9/5-9_12_audio.TextGrid,COUNTRY,5.11,5.61,0.5,3066,3366,300
130,/Users/vedantdwivedi/Desktop/IRIS/emg_data/closed_vocab/silent/5-19_silent/130_emg.npy,/Users/vedantdwivedi/Desktop/IRIS/silent_speech_alignments/text_alignments/5-9/5-9_130_audio.TextGrid,PART,1.19,1.38,0.18999999999999995,714,828,114
130,/Users/vedantdwivedi/Desktop/IRIS/emg_data/closed_vocab/silent/5-19_silent/130_emg.npy,/Users/vedantdwivedi/Desktop/IRIS/silent_speech_alignments/text_alignments/5-9/5-9_130_audio.TextGrid,OF,1.38,1.44,0.06000000000000005,828,864,36
130,/Users/vedantdwivedi/Desktop/IRIS/emg_data/closed_vocab/silent/5-19_silent/130_emg.npy,/Users/vedantdwivedi/Desktop/IRIS/silent_speech_alignments/text_alignments/5-9/5-9_130_audio.TextGrid,THE,1.44,1.56,0.1200000000000001,864,936,72
130,/Users/vedantdwivedi/Desktop/IRIS/emg_data/closed_vocab/silent/5-19_silent/130_emg.npy,/Users/vedantdwivedi/Desktop/IRIS/silent_speech_alignments/text_alignments/5-9/5-9_130_audio.TextGrid,TIME,1.56,1.93,0.3699999999999999,936,1158,222
130,/Users/vedantdwivedi/Desktop/IRIS/emg_data/closed_vocab/silent/5-19_silent/130_emg.npy,/Users/vedantdwivedi/Desktop/IRIS/silent_speech_alignments/text_alignments/5-9/5-9_130_audio.TextGrid,WE,1.93,2.03,0.09999999999999987,1158,1218,60
130,/Users/vedantdwivedi/Desktop/IRIS/emg_data/closed_vocab/silent/5-19_silent/130_emg.npy,/Users/vedantdwivedi/Desktop/IRIS/silent_speech_alignments/text_alignments/5-9/5-9_130_audio.TextGrid,SPENT,2.03,2.37,0.3400000000000003,1218,1422,204
130,/Users/vedantdwivedi/Desktop/IRIS/emg_data/closed_vocab/silent/5-19_silent/130_emg.npy,/Users/vedantdwivedi/Desktop/IRIS/silent_speech_alignments/text_alignments/5-9/5-9_130_audio.TextGrid,HELPING,2.37,2.83,0.45999999999999996,1422,1698,276
130,/Users/vedantdwivedi/Desktop/IRIS/emg_data/closed_vocab/silent/5-19_silent/130_emg.npy,/Users/vedantdwivedi/Desktop/IRIS/silent_speech_alignments/text_alignments/5-9/5-9_130_audio.TextGrid,TWO,2.83,3.14,0.31000000000000005,1698,1884,186
130,/Users/vedantdwivedi/Desktop/IRIS/emg_data/closed_vocab/silent/5-19_silent/130_emg.npy,/Users/vedantdwivedi/Desktop/IRIS/silent_speech_alignments/text_alignments/5-9/5-9_130_audio.TextGrid,OLD,3.14,3.31,0.16999999999999993,1884,1986,102
130,/Users/vedantdwivedi/Desktop/IRIS/emg_data/closed_vocab/silent/5-19_silent/130_emg.npy,/Users/vedantdwivedi/Desktop/IRIS/silent_speech_alignments/text_alignments/5-9/5-9_130_audio.TextGrid,WOMEN,3.31,3.69,0.3799999999999999,1986,2214,228
130,/Users/vedantdwivedi/Desktop/IRIS/emg_data/closed_vocab/silent/5-19_silent/130_emg.npy,/Users/vedantdwivedi/Desktop/IRIS/silent_speech_alignments/text_alignments/5-9/5-9_130_audio.TextGrid,TO,3.74,3.84,0.09999999999999964,2244,2304,60
130,/Users/vedantdwivedi/Desktop/IRIS/emg_data/closed_vocab/silent/5-19_silent/130_emg.npy,/Users/vedantdwivedi/Desktop/IRIS/silent_speech_alignments/text_alignments/5-9/5-9_130_audio.TextGrid,PACK,3.9,4.19,0.2900000000000005,2340,2514,174
130,/Users/vedantdwivedi/Desktop/IRIS/emg_data/closed_vocab/silent/5-19_silent/130_emg.npy,/Users/vedantdwivedi/Desktop/IRIS/silent_speech_alignments/text_alignments/5-9/5-9_130_audio.TextGrid,A,4.19,4.25,0.05999999999999961,2514,2550,36
130,/Users/vedantdwivedi/Desktop/IRIS/emg_data/closed_vocab/silent/5-19_silent/130_emg.npy,/Users/vedantdwivedi/Desktop/IRIS/silent_speech_alignments/text_alignments/5-9/5-9_130_audio.TextGrid,LITTLE,4.25,4.48,0.23000000000000043,2550,2688,138
130,/Users/vedantdwivedi/Desktop/IRIS/emg_data/closed_vocab/silent/5-19_silent/130_emg.npy,/Users/vedantdwivedi/Desktop/IRIS/silent_speech_alignments/text_alignments/5-9/5-9_130_audio.TextGrid,CART,4.48,4.8,0.3199999999999994,2688,2880,192
131,/Users/vedantdwivedi/Desktop/IRIS/emg_data/closed_vocab/silent/5-19_silent/131_emg.npy,/Users/vedantdwivedi/Desktop/IRIS/silent_speech_alignments/text_alignments/5-9/5-9_131_audio.TextGrid,THE,1.01,1.14,0.1299999999999999,606,684,78
131,/Users/vedantdwivedi/Desktop/IRIS/emg_data/closed_vocab/silent/5-19_silent/131_emg.npy,/Users/vedantdwivedi/Desktop/IRIS/silent_speech_alignments/text_alignments/5-9/5-9_131_audio.TextGrid,WEY,1.14,1.6,0.4600000000000002,684,960,276
131,/Users/vedantdwivedi/Desktop/IRIS/emg_data/closed_vocab/silent/5-19_silent/131_emg.npy,/Users/vedantdwivedi/Desktop/IRIS/silent_speech_alignments/text_alignments/5-9/5-9_131_audio.TextGrid,HAS,1.66,1.83,0.17000000000000015,996,1098,102
131,/Users/vedantdwivedi/Desktop/IRIS/emg_data/closed_vocab/silent/5-19_silent/131_emg.npy,/Users/vedantdwivedi/Desktop/IRIS/silent_speech_alignments/text_alignments/5-9/5-9_131_audio.TextGrid,A,1.83,1.91,0.07999999999999985,1098,1146,48
131,/Users/vedantdwivedi/Desktop/IRIS/emg_data/closed_vocab/silent/5-19_silent/131_emg.npy,/Users/vedantdwivedi/Desktop/IRIS/silent_speech_alignments/text_alignments/5-9/5-9_131_audio.TextGrid,TREBLE,1.91,2.28,0.3699999999999999,1146,1368,222
131,/Users/vedantdwivedi/Desktop/IRIS/emg_data/closed_vocab/silent/5-19_silent/131_emg.npy,/Users/vedantdwivedi/Desktop/IRIS/silent_speech_alignments/text_alignments/5-9/5-9_131_audio.TextGrid,MOUTH,2.28,2.74,0.4600000000000004,1368,1644,276
131,/Users/vedantdwivedi/Desktop/IRIS/emg_data/closed_vocab/silent/5-19_silent/131_emg.npy,/Users/vedantdwivedi/Desktop/IRIS/silent_speech_alignments/text_alignments/5-9/5-9_131_audio.TextGrid,AND,3.29,3.41,0.1200000000000001,1974,2046,72
131,/Users/vedantdwivedi/Desktop/IRIS/emg_data/closed_vocab/silent/5-19_silent/131_emg.npy,/Users/vedantdwivedi/Desktop/IRIS/silent_speech_alignments/text_alignments/5-9/5-9_131_audio.TextGrid,AT,3.41,3.52,0.10999999999999988,2046,2112,66
131,/Users/vedantdwivedi/Desktop/IRIS/emg_data/closed_vocab/silent/5-19_silent/131_emg.npy,/Users/vedantdwivedi/Desktop/IRIS/silent_speech_alignments/text_alignments/5-9/5-9_131_audio.TextGrid,THIS,3.52,3.7,0.18000000000000016,2112,2220,108
131,/Users/vedantdwivedi/Desktop/IRIS/emg_data/closed_vocab/silent/5-19_silent/131_emg.npy,/Users/vedantdwivedi/Desktop/IRIS/silent_speech_alignments/text_alignments/5-9/5-9_131_audio.TextGrid,POINT,3.7,4.06,0.35999999999999943,2220,2436,216
131,/Users/vedantdwivedi/Desktop/IRIS/emg_data/closed_vocab/silent/5-19_silent/131_emg.npy,/Users/vedantdwivedi/Desktop/IRIS/silent_speech_alignments/text_alignments/5-9/5-9_131_audio.TextGrid,BOATS,4.32,4.8,0.47999999999999954,2592,2880,288
131,/Users/vedantdwivedi/Desktop/IRIS/emg_data/closed_vocab/silent/5-19_silent/131_emg.npy,/Users/vedantdwivedi/Desktop/IRIS/silent_speech_alignments/text_alignments/5-9/5-9_131_audio.TextGrid,ARE,4.83,4.95,0.1200000000000001,2898,2928,30
132,/Users/vedantdwivedi/Desktop/IRIS/emg_data/closed_vocab/silent/5-19_silent/132_emg.npy,/Users/vedantdwivedi/Desktop/IRIS/silent_speech_alignments/text_alignments/5-9/5-9_132_audio.TextGrid,ON,1.22,1.33,0.1100000000000001,732,798,66
132,/Users/vedantdwivedi/Desktop/IRIS/emg_data/closed_vocab/silent/5-19_silent/132_emg.npy,/Users/vedantdwivedi/Desktop/IRIS/silent_speech_alignments/text_alignments/5-9/5-9_132_audio.TextGrid,THE,1.33,1.43,0.09999999999999987,798,858,60
132,/Users/vedantdwivedi/Desktop/IRIS/emg_data/closed_vocab/silent/5-19_silent/132_emg.npy,/Users/vedantdwivedi/Desktop/IRIS/silent_speech_alignments/text_alignments/5-9/5-9_132_audio.TextGrid,SHEPPERTON,1.43,1.79,0.3600000000000001,858,1074,216
132,/Users/vedantdwivedi/Desktop/IRIS/emg_data/closed_vocab/silent/5-19_silent/132_emg.npy,/Users/vedantdwivedi/Desktop/IRIS/silent_speech_alignments/text_alignments/5-9/5-9_132_audio.TextGrid,SIDE,1.79,2.22,0.43000000000000016,1074,1332,258
132,/Users/vedantdwivedi/Desktop/IRIS/emg_data/closed_vocab/silent/5-19_silent/132_emg.npy,/Users/vedantdwivedi/Desktop/IRIS/silent_speech_alignments/text_alignments/5-9/5-9_132_audio.TextGrid,WAS,2.42,2.61,0.18999999999999995,1452,1566,114
132,/Users/vedantdwivedi/Desktop/IRIS/emg_data/closed_vocab/silent/5-19_silent/132_emg.npy,/Users/vedantdwivedi/Desktop/IRIS/silent_speech_alignments/text_alignments/5-9/5-9_132_audio.TextGrid,AN,2.61,2.75,0.14000000000000012,1566,1650,84
132,/Users/vedantdwivedi/Desktop/IRIS/emg_data/closed_vocab/silent/5-19_silent/132_emg.npy,/Users/vedantdwivedi/Desktop/IRIS/silent_speech_alignments/text_alignments/5-9/5-9_132_audio.TextGrid,INN,2.78,3.06,0.28000000000000025,1668,1836,168
132,/Users/vedantdwivedi/Desktop/IRIS/emg_data/closed_vocab/silent/5-19_silent/132_emg.npy,/Users/vedantdwivedi/Desktop/IRIS/silent_speech_alignments/text_alignments/5-9/5-9_132_audio.TextGrid,WITH,3.06,3.18,0.1200000000000001,1836,1908,72
132,/Users/vedantdwivedi/Desktop/IRIS/emg_data/closed_vocab/silent/5-19_silent/132_emg.npy,/Users/vedantdwivedi/Desktop/IRIS/silent_speech_alignments/text_alignments/5-9/5-9_132_audio.TextGrid,A,3.18,3.27,0.08999999999999986,1908,1962,54
132,/Users/vedantdwivedi/Desktop/IRIS/emg_data/closed_vocab/silent/5-19_silent/132_emg.npy,/Users/vedantdwivedi/Desktop/IRIS/silent_speech_alignments/text_alignments/5-9/5-9_132_audio.TextGrid,LAWN,3.27,3.75,0.48,1962,2250,288
132,/Users/vedantdwivedi/Desktop/IRIS/emg_data/closed_vocab/silent/5-19_silent/132_emg.npy,/Users/vedantdwivedi/Desktop/IRIS/silent_speech_alignments/text_alignments/5-9/5-9_132_audio.TextGrid,AND,4.19,4.37,0.17999999999999972,2514,2622,108
132,/Users/vedantdwivedi/Desktop/IRIS/emg_data/closed_vocab/silent/5-19_silent/132_emg.npy,/Users/vedantdwivedi/Desktop/IRIS/silent_speech_alignments/text_alignments/5-9/5-9_132_audio.TextGrid,BEYOND,4.37,4.77,0.39999999999999947,2622,2862,240
132,/Users/vedantdwivedi/Desktop/IRIS/emg_data/closed_vocab/silent/5-19_silent/132_emg.npy,/Users/vedantdwivedi/Desktop/IRIS/silent_speech_alignments/text_alignments/5-9/5-9_132_audio.TextGrid,THAT,4.77,5.07,0.3000000000000007,2862,3042,180
132,/Users/vedantdwivedi/Desktop/IRIS/emg_data/closed_vocab/silent/5-19_silent/132_emg.npy,/Users/vedantdwivedi/Desktop/IRIS/silent_speech_alignments/text_alignments/5-9/5-9_132_audio.TextGrid,THE,5.15,5.3,0.14999999999999947,3090,3180,90
132,/Users/vedantdwivedi/Desktop/IRIS/emg_data/closed_vocab/silent/5-19_silent/132_emg.npy,/Users/vedantdwivedi/Desktop/IRIS/silent_speech_alignments/text_alignments/5-9/5-9_132_audio.TextGrid,TOWER,5.3,5.82,0.5200000000000005,3180,3492,312
132,/Users/vedantdwivedi/Desktop/IRIS/emg_data/closed_vocab/silent/5-19_silent/132_emg.npy,/Users/vedantdwivedi/Desktop/IRIS/silent_speech_alignments/text_alignments/5-9/5-9_132_audio.TextGrid,OF,5.82,5.96,0.13999999999999968,3492,3528,36
133,/Users/vedantdwivedi/Desktop/IRIS/emg_data/closed_vocab/silent/5-19_silent/133_emg.npy,/Users/vedantdwivedi/Desktop/IRIS/silent_speech_alignments/text_alignments/5-9/5-9_133_audio.TextGrid,HERE,1.25,1.47,0.21999999999999997,750,882,132
133,/Users/vedantdwivedi/Desktop/IRIS/emg_data/closed_vocab/silent/5-19_silent/133_emg.npy,/Users/vedantdwivedi/Desktop/IRIS/silent_speech_alignments/text_alignments/5-9/5-9_133_audio.TextGrid,WE,1.47,1.58,0.1100000000000001,882,948,66
133,/Users/vedantdwivedi/Desktop/IRIS/emg_data/closed_vocab/silent/5-19_silent/133_emg.npy,/Users/vedantdwivedi/Desktop/IRIS/silent_speech_alignments/text_alignments/5-9/5-9_133_audio.TextGrid,FOUND,1.58,1.92,0.33999999999999986,948,1152,204
133,/Users/vedantdwivedi/Desktop/IRIS/emg_data/closed_vocab/silent/5-19_silent/133_emg.npy,/Users/vedantdwivedi/Desktop/IRIS/silent_speech_alignments/text_alignments/5-9/5-9_133_audio.TextGrid,AN,1.92,2.05,0.1299999999999999,1152,1230,78
133,/Users/vedantdwivedi/Desktop/IRIS/emg_data/closed_vocab/silent/5-19_silent/133_emg.npy,/Users/vedantdwivedi/Desktop/IRIS/silent_speech_alignments/text_alignments/5-9/5-9_133_audio.TextGrid,EXCITED,2.05,2.51,0.45999999999999996,1230,1506,276
133,/Users/vedantdwivedi/Desktop/IRIS/emg_data/closed_vocab/silent/5-19_silent/133_emg.npy,/Users/vedantdwivedi/Desktop/IRIS/silent_speech_alignments/text_alignments/5-9/5-9_133_audio.TextGrid,AND,2.51,2.7,0.1900000000000004,1506,1620,114
133,/Users/vedantdwivedi/Desktop/IRIS/emg_data/closed_vocab/silent/5-19_silent/133_emg.npy,/Users/vedantdwivedi/Desktop/IRIS/silent_speech_alignments/text_alignments/5-9/5-9_133_audio.TextGrid,NOISY,2.7,3.06,0.3599999999999999,1620,1836,216
133,/Users/vedantdwivedi/Desktop/IRIS/emg_data/closed_vocab/silent/5-19_silent/133_emg.npy,/Users/vedantdwivedi/Desktop/IRIS/silent_speech_alignments/text_alignments/5-9/5-9_133_audio.TextGrid,CROWD,3.06,3.49,0.43000000000000016,1836,2094,258
133,/Users/vedantdwivedi/Desktop/IRIS/emg_data/closed_vocab/silent/5-19_silent/133_emg.npy,/Users/vedantdwivedi/Desktop/IRIS/silent_speech_alignments/text_alignments/5-9/5-9_133_audio.TextGrid,OF,3.49,3.62,0.1299999999999999,2094,2172,78
133,/Users/vedantdwivedi/Desktop/IRIS/emg_data/closed_vocab/silent/5-19_silent/133_emg.npy,/Users/vedantdwivedi/Desktop/IRIS/silent_speech_alignments/text_alignments/5-9/5-9_133_audio.TextGrid,FUGITIVES,3.62,4.36,0.7400000000000002,2172,2616,444
137,/Users/vedantdwivedi/Desktop/IRIS/emg_data/closed_vocab/silent/5-19_silent/137_emg.npy,/Users/vedantdwivedi/Desktop/IRIS/silent_speech_alignments/text_alignments/5-9/5-9_137_audio.TextGrid,PEOPLE,1.03,1.36,0.33000000000000007,618,816,198
137,/Users/vedantdwivedi/Desktop/IRIS/emg_data/closed_vocab/silent/5-19_silent/137_emg.npy,/Users/vedantdwivedi/Desktop/IRIS/silent_speech_alignments/text_alignments/5-9/5-9_137_audio.TextGrid,CAME,1.36,1.68,0.31999999999999984,816,1008,192
137,/Users/vedantdwivedi/Desktop/IRIS/emg_data/closed_vocab/silent/5-19_silent/137_emg.npy,/Users/vedantdwivedi/Desktop/IRIS/silent_speech_alignments/text_alignments/5-9/5-9_137_audio.TextGrid,PANTING,1.68,2.1,0.42000000000000015,1008,1260,252
137,/Users/vedantdwivedi/Desktop/IRIS/emg_data/closed_vocab/silent/5-19_silent/137_emg.npy,/Users/vedantdwivedi/Desktop/IRIS/silent_speech_alignments/text_alignments/5-9/5-9_137_audio.TextGrid,ALONG,2.1,2.51,0.4099999999999997,1260,1506,246
137,/Users/vedantdwivedi/Desktop/IRIS/emg_data/closed_vocab/silent/5-19_silent/137_emg.npy,/Users/vedantdwivedi/Desktop/IRIS/silent_speech_alignments/text_alignments/5-9/5-9_137_audio.TextGrid,UNDER,2.61,2.86,0.25,1566,1716,150
137,/Users/vedantdwivedi/Desktop/IRIS/emg_data/closed_vocab/silent/5-19_silent/137_emg.npy,/Users/vedantdwivedi/Desktop/IRIS/silent_speech_alignments/text_alignments/5-9/5-9_137_audio.TextGrid,HEAVY,2.86,3.13,0.27,1716,1878,162
137,/Users/vedantdwivedi/Desktop/IRIS/emg_data/closed_vocab/silent/5-19_silent/137_emg.npy,/Users/vedantdwivedi/Desktop/IRIS/silent_speech_alignments/text_alignments/5-9/5-9_137_audio.TextGrid,BURDENS,3.13,3.8,0.6699999999999999,1878,2280,402
137,/Users/vedantdwivedi/Desktop/IRIS/emg_data/closed_vocab/silent/5-19_silent/137_emg.npy,/Users/vedantdwivedi/Desktop/IRIS/silent_speech_alignments/text_alignments/5-9/5-9_137_audio.TextGrid,ONE,4.46,4.67,0.20999999999999996,2676,2802,126
137,/Users/vedantdwivedi/Desktop/IRIS/emg_data/closed_vocab/silent/5-19_silent/137_emg.npy,/Users/vedantdwivedi/Desktop/IRIS/silent_speech_alignments/text_alignments/5-9/5-9_137_audio.TextGrid,HUSBAND,4.67,5.17,0.5,2802,3102,300
137,/Users/vedantdwivedi/Desktop/IRIS/emg_data/closed_vocab/silent/5-19_silent/137_emg.npy,/Users/vedantdwivedi/Desktop/IRIS/silent_speech_alignments/text_alignments/5-9/5-9_137_audio.TextGrid,AND,5.17,5.34,0.16999999999999993,3102,3204,102
137,/Users/vedantdwivedi/Desktop/IRIS/emg_data/closed_vocab/silent/5-19_silent/137_emg.npy,/Users/vedantdwivedi/Desktop/IRIS/silent_speech_alignments/text_alignments/5-9/5-9_137_audio.TextGrid,WIFE,5.34,5.8,0.45999999999999996,3204,3480,276
137,/Users/vedantdwivedi/Desktop/IRIS/emg_data/closed_vocab/silent/5-19_silent/137_emg.npy,/Users/vedantdwivedi/Desktop/IRIS/silent_speech_alignments/text_alignments/5-9/5-9_137_audio.TextGrid,WERE,6.06,6.22,0.16000000000000014,3636,3732,96
137,/Users/vedantdwivedi/Desktop/IRIS/emg_data/closed_vocab/silent/5-19_silent/137_emg.npy,/Users/vedantdwivedi/Desktop/IRIS/silent_speech_alignments/text_alignments/5-9/5-9_137_audio.TextGrid,EVEN,6.22,6.5,0.28000000000000025,3732,3900,168
137,/Users/vedantdwivedi/Desktop/IRIS/emg_data/closed_vocab/silent/5-19_silent/137_emg.npy,/Users/vedantdwivedi/Desktop/IRIS/silent_speech_alignments/text_alignments/5-9/5-9_137_audio.TextGrid,CARRYING,6.5,6.97,0.46999999999999975,3900,3954,54
138,/Users/vedantdwivedi/Desktop/IRIS/emg_data/closed_vocab/silent/5-19_silent/138_emg.npy,/Users/vedantdwivedi/Desktop/IRIS/silent_speech_alignments/text_alignments/5-9/5-9_138_audio.TextGrid,ONE,0.71,0.97,0.26,426,500,74
13,/Users/vedantdwivedi/Desktop/IRIS/emg_data/closed_vocab/silent/5-19_silent/13_emg.npy,/Users/vedantdwivedi/Desktop/IRIS/silent_speech_alignments/text_alignments/5-9/5-9_13_audio.TextGrid,BUT,0.86,0.96,0.09999999999999998,516,576,60
13,/Users/vedantdwivedi/Desktop/IRIS/emg_data/closed_vocab/silent/5-19_silent/13_emg.npy,/Users/vedantdwivedi/Desktop/IRIS/silent_speech_alignments/text_alignments/5-9/5-9_13_audio.TextGrid,THE,0.96,1.05,0.09000000000000008,576,630,54
13,/Users/vedantdwivedi/Desktop/IRIS/emg_data/closed_vocab/silent/5-19_silent/13_emg.npy,/Users/vedantdwivedi/Desktop/IRIS/silent_speech_alignments/text_alignments/5-9/5-9_13_audio.TextGrid,ARTILLERYMAN,1.05,1.76,0.71,630,1056,426
13,/Users/vedantdwivedi/Desktop/IRIS/emg_data/closed_vocab/silent/5-19_silent/13_emg.npy,/Users/vedantdwivedi/Desktop/IRIS/silent_speech_alignments/text_alignments/5-9/5-9_13_audio.TextGrid,DISSUADED,1.79,2.25,0.45999999999999996,1074,1350,276
13,/Users/vedantdwivedi/Desktop/IRIS/emg_data/closed_vocab/silent/5-19_silent/13_emg.npy,/Users/vedantdwivedi/Desktop/IRIS/silent_speech_alignments/text_alignments/5-9/5-9_13_audio.TextGrid,ME,2.25,2.53,0.2799999999999998,1350,1518,168
13,/Users/vedantdwivedi/Desktop/IRIS/emg_data/closed_vocab/silent/5-19_silent/13_emg.npy,/Users/vedantdwivedi/Desktop/IRIS/silent_speech_alignments/text_alignments/5-9/5-9_13_audio.TextGrid,IT'S,3.64,3.93,0.29000000000000004,2184,2358,174
13,/Users/vedantdwivedi/Desktop/IRIS/emg_data/closed_vocab/silent/5-19_silent/13_emg.npy,/Users/vedantdwivedi/Desktop/IRIS/silent_speech_alignments/text_alignments/5-9/5-9_13_audio.TextGrid,NO,3.93,4.11,0.18000000000000016,2358,2466,108
13,/Users/vedantdwivedi/Desktop/IRIS/emg_data/closed_vocab/silent/5-19_silent/13_emg.npy,/Users/vedantdwivedi/Desktop/IRIS/silent_speech_alignments/text_alignments/5-9/5-9_13_audio.TextGrid,KINDNESS,4.11,4.85,0.7399999999999993,2466,2856,390
142,/Users/vedantdwivedi/Desktop/IRIS/emg_data/closed_vocab/silent/5-19_silent/142_emg.npy,/Users/vedantdwivedi/Desktop/IRIS/silent_speech_alignments/text_alignments/5-9/5-9_142_audio.TextGrid,ACROSS,1.36,1.72,0.3599999999999999,816,1032,216
142,/Users/vedantdwivedi/Desktop/IRIS/emg_data/closed_vocab/silent/5-19_silent/142_emg.npy,/Users/vedantdwivedi/Desktop/IRIS/silent_speech_alignments/text_alignments/5-9/5-9_142_audio.TextGrid,THE,1.72,1.82,0.10000000000000009,1032,1092,60
142,/Users/vedantdwivedi/Desktop/IRIS/emg_data/closed_vocab/silent/5-19_silent/142_emg.npy,/Users/vedantdwivedi/Desktop/IRIS/silent_speech_alignments/text_alignments/5-9/5-9_142_audio.TextGrid,THAMES,1.82,2.48,0.6599999999999999,1092,1488,396
142,/Users/vedantdwivedi/Desktop/IRIS/emg_data/closed_vocab/silent/5-19_silent/142_emg.npy,/Users/vedantdwivedi/Desktop/IRIS/silent_speech_alignments/text_alignments/5-9/5-9_142_audio.TextGrid,EXCEPT,2.94,3.55,0.6099999999999999,1764,2130,366
142,/Users/vedantdwivedi/Desktop/IRIS/emg_data/closed_vocab/silent/5-19_silent/142_emg.npy,/Users/vedantdwivedi/Desktop/IRIS/silent_speech_alignments/text_alignments/5-9/5-9_142_audio.TextGrid,JUST,3.55,3.87,0.3200000000000003,2130,2322,192
142,/Users/vedantdwivedi/Desktop/IRIS/emg_data/closed_vocab/silent/5-19_silent/142_emg.npy,/Users/vedantdwivedi/Desktop/IRIS/silent_speech_alignments/text_alignments/5-9/5-9_142_audio.TextGrid,WHERE,3.87,3.98,0.10999999999999988,2322,2388,66
142,/Users/vedantdwivedi/Desktop/IRIS/emg_data/closed_vocab/silent/5-19_silent/142_emg.npy,/Users/vedantdwivedi/Desktop/IRIS/silent_speech_alignments/text_alignments/5-9/5-9_142_audio.TextGrid,THE,3.98,4.06,0.07999999999999963,2388,2436,48
142,/Users/vedantdwivedi/Desktop/IRIS/emg_data/closed_vocab/silent/5-19_silent/142_emg.npy,/Users/vedantdwivedi/Desktop/IRIS/silent_speech_alignments/text_alignments/5-9/5-9_142_audio.TextGrid,BOATS,4.06,4.37,0.3100000000000005,2436,2622,186
142,/Users/vedantdwivedi/Desktop/IRIS/emg_data/closed_vocab/silent/5-19_silent/142_emg.npy,/Users/vedantdwivedi/Desktop/IRIS/silent_speech_alignments/text_alignments/5-9/5-9_142_audio.TextGrid,LANDED,4.37,4.82,0.4500000000000002,2622,2892,270
142,/Users/vedantdwivedi/Desktop/IRIS/emg_data/closed_vocab/silent/5-19_silent/142_emg.npy,/Users/vedantdwivedi/Desktop/IRIS/silent_speech_alignments/text_alignments/5-9/5-9_142_audio.TextGrid,EVERYTHING,5.28,5.63,0.34999999999999964,3168,3378,210
142,/Users/vedantdwivedi/Desktop/IRIS/emg_data/closed_vocab/silent/5-19_silent/142_emg.npy,/Users/vedantdwivedi/Desktop/IRIS/silent_speech_alignments/text_alignments/5-9/5-9_142_audio.TextGrid,WAS,5.63,5.79,0.16000000000000014,3378,3474,96
142,/Users/vedantdwivedi/Desktop/IRIS/emg_data/closed_vocab/silent/5-19_silent/142_emg.npy,/Users/vedantdwivedi/Desktop/IRIS/silent_speech_alignments/text_alignments/5-9/5-9_142_audio.TextGrid,QUIET,5.79,6.27,0.47999999999999954,3474,3570,96
143,/Users/vedantdwivedi/Desktop/IRIS/emg_data/closed_vocab/silent/5-19_silent/143_emg.npy,/Users/vedantdwivedi/Desktop/IRIS/silent_speech_alignments/text_alignments/5-9/5-9_143_audio.TextGrid,THE,0.81,0.93,0.12,486,558,72
143,/Users/vedantdwivedi/Desktop/IRIS/emg_data/closed_vocab/silent/5-19_silent/143_emg.npy,/Users/vedantdwivedi/Desktop/IRIS/silent_speech_alignments/text_alignments/5-9/5-9_143_audio.TextGrid,PEOPLE,0.93,1.19,0.2599999999999999,558,714,156
143,/Users/vedantdwivedi/Desktop/IRIS/emg_data/closed_vocab/silent/5-19_silent/143_emg.npy,/Users/vedantdwivedi/Desktop/IRIS/silent_speech_alignments/text_alignments/5-9/5-9_143_audio.TextGrid,WHO,1.19,1.27,0.08000000000000007,714,762,48
143,/Users/vedantdwivedi/Desktop/IRIS/emg_data/closed_vocab/silent/5-19_silent/143_emg.npy,/Users/vedantdwivedi/Desktop/IRIS/silent_speech_alignments/text_alignments/5-9/5-9_143_audio.TextGrid,LANDED,1.27,1.66,0.3899999999999999,762,996,234
143,/Users/vedantdwivedi/Desktop/IRIS/emg_data/closed_vocab/silent/5-19_silent/143_emg.npy,/Users/vedantdwivedi/Desktop/IRIS/silent_speech_alignments/text_alignments/5-9/5-9_143_audio.TextGrid,THERE,1.66,1.97,0.31000000000000005,996,1182,186
143,/Users/vedantdwivedi/Desktop/IRIS/emg_data/closed_vocab/silent/5-19_silent/143_emg.npy,/Users/vedantdwivedi/Desktop/IRIS/silent_speech_alignments/text_alignments/5-9/5-9_143_audio.TextGrid,FROM,2.0,2.14,0.14000000000000012,1200,1284,84
143,/Users/vedantdwivedi/Desktop/IRIS/emg_data/closed_vocab/silent/5-19_silent/143_emg.npy,/Users/vedantdwivedi/Desktop/IRIS/silent_speech_alignments/text_alignments/5-9/5-9_143_audio.TextGrid,THE,2.14,2.22,0.08000000000000007,1284,1332,48
143,/Users/vedantdwivedi/Desktop/IRIS/emg_data/closed_vocab/silent/5-19_silent/143_emg.npy,/Users/vedantdwivedi/Desktop/IRIS/silent_speech_alignments/text_alignments/5-9/5-9_143_audio.TextGrid,BOATS,2.22,2.81,0.5899999999999999,1332,1686,354
143,/Users/vedantdwivedi/Desktop/IRIS/emg_data/closed_vocab/silent/5-19_silent/143_emg.npy,/Users/vedantdwivedi/Desktop/IRIS/silent_speech_alignments/text_alignments/5-9/5-9_143_audio.TextGrid,WENT,3.03,3.26,0.22999999999999998,1818,1956,138
143,/Users/vedantdwivedi/Desktop/IRIS/emg_data/closed_vocab/silent/5-19_silent/143_emg.npy,/Users/vedantdwivedi/Desktop/IRIS/silent_speech_alignments/text_alignments/5-9/5-9_143_audio.TextGrid,TRAMPING,3.26,3.69,0.43000000000000016,1956,2214,258
143,/Users/vedantdwivedi/Desktop/IRIS/emg_data/closed_vocab/silent/5-19_silent/143_emg.npy,/Users/vedantdwivedi/Desktop/IRIS/silent_speech_alignments/text_alignments/5-9/5-9_143_audio.TextGrid,OFF,3.69,3.95,0.26000000000000023,2214,2370,156
143,/Users/vedantdwivedi/Desktop/IRIS/emg_data/closed_vocab/silent/5-19_silent/143_emg.npy,/Users/vedantdwivedi/Desktop/IRIS/silent_speech_alignments/text_alignments/5-9/5-9_143_audio.TextGrid,DOWN,3.98,4.24,0.26000000000000023,2388,2544,156
143,/Users/vedantdwivedi/Desktop/IRIS/emg_data/closed_vocab/silent/5-19_silent/143_emg.npy,/Users/vedantdwivedi/Desktop/IRIS/silent_speech_alignments/text_alignments/5-9/5-9_143_audio.TextGrid,THE,4.24,4.3,0.05999999999999961,2544,2580,36
143,/Users/vedantdwivedi/Desktop/IRIS/emg_data/closed_vocab/silent/5-19_silent/143_emg.npy,/Users/vedantdwivedi/Desktop/IRIS/silent_speech_alignments/text_alignments/5-9/5-9_143_audio.TextGrid,LANE,4.3,4.79,0.4900000000000002,2580,2874,294
144,/Users/vedantdwivedi/Desktop/IRIS/emg_data/closed_vocab/silent/5-19_silent/144_emg.npy,/Users/vedantdwivedi/Desktop/IRIS/silent_speech_alignments/text_alignments/5-9/5-9_144_audio.TextGrid,THE,0.79,0.9,0.10999999999999999,474,540,66
144,/Users/vedantdwivedi/Desktop/IRIS/emg_data/closed_vocab/silent/5-19_silent/144_emg.npy,/Users/vedantdwivedi/Desktop/IRIS/silent_speech_alignments/text_alignments/5-9/5-9_144_audio.TextGrid,BIG,0.9,1.21,0.30999999999999994,540,726,186
144,/Users/vedantdwivedi/Desktop/IRIS/emg_data/closed_vocab/silent/5-19_silent/144_emg.npy,/Users/vedantdwivedi/Desktop/IRIS/silent_speech_alignments/text_alignments/5-9/5-9_144_audio.TextGrid,FERRYBOAT,1.21,1.77,0.56,726,1062,336
144,/Users/vedantdwivedi/Desktop/IRIS/emg_data/closed_vocab/silent/5-19_silent/144_emg.npy,/Users/vedantdwivedi/Desktop/IRIS/silent_speech_alignments/text_alignments/5-9/5-9_144_audio.TextGrid,HAD,1.99,2.21,0.21999999999999997,1194,1326,132
144,/Users/vedantdwivedi/Desktop/IRIS/emg_data/closed_vocab/silent/5-19_silent/144_emg.npy,/Users/vedantdwivedi/Desktop/IRIS/silent_speech_alignments/text_alignments/5-9/5-9_144_audio.TextGrid,JUST,2.21,2.52,0.31000000000000005,1326,1512,186
144,/Users/vedantdwivedi/Desktop/IRIS/emg_data/closed_vocab/silent/5-19_silent/144_emg.npy,/Users/vedantdwivedi/Desktop/IRIS/silent_speech_alignments/text_alignments/5-9/5-9_144_audio.TextGrid,MADE,2.52,2.72,0.20000000000000018,1512,1632,120
144,/Users/vedantdwivedi/Desktop/IRIS/emg_data/closed_vocab/silent/5-19_silent/144_emg.npy,/Users/vedantdwivedi/Desktop/IRIS/silent_speech_alignments/text_alignments/5-9/5-9_144_audio.TextGrid,A,2.72,2.79,0.06999999999999984,1632,1674,42
144,/Users/vedantdwivedi/Desktop/IRIS/emg_data/closed_vocab/silent/5-19_silent/144_emg.npy,/Users/vedantdwivedi/Desktop/IRIS/silent_speech_alignments/text_alignments/5-9/5-9_144_audio.TextGrid,JOURNEY,2.79,3.22,0.43000000000000016,1674,1932,258
147,/Users/vedantdwivedi/Desktop/IRIS/emg_data/closed_vocab/silent/5-19_silent/147_emg.npy,/Users/vedantdwivedi/Desktop/IRIS/silent_speech_alignments/text_alignments/5-9/5-9_147_audio.TextGrid,THREE,0.78,1.06,0.28,468,636,168
147,/Users/vedantdwivedi/Desktop/IRIS/emg_data/closed_vocab/silent/5-19_silent/147_emg.npy,/Users/vedantdwivedi/Desktop/IRIS/silent_speech_alignments/text_alignments/5-9/5-9_147_audio.TextGrid,OR,1.06,1.17,0.10999999999999988,636,702,66
147,/Users/vedantdwivedi/Desktop/IRIS/emg_data/closed_vocab/silent/5-19_silent/147_emg.npy,/Users/vedantdwivedi/Desktop/IRIS/silent_speech_alignments/text_alignments/5-9/5-9_147_audio.TextGrid,FOUR,1.17,1.5,0.33000000000000007,702,900,198
147,/Users/vedantdwivedi/Desktop/IRIS/emg_data/closed_vocab/silent/5-19_silent/147_emg.npy,/Users/vedantdwivedi/Desktop/IRIS/silent_speech_alignments/text_alignments/5-9/5-9_147_audio.TextGrid,SOLDIERS,1.5,2.1,0.6000000000000001,900,1260,360
147,/Users/vedantdwivedi/Desktop/IRIS/emg_data/closed_vocab/silent/5-19_silent/147_emg.npy,/Users/vedantdwivedi/Desktop/IRIS/silent_speech_alignments/text_alignments/5-9/5-9_147_audio.TextGrid,STOOD,2.13,2.64,0.5100000000000002,1278,1584,306
147,/Users/vedantdwivedi/Desktop/IRIS/emg_data/closed_vocab/silent/5-19_silent/147_emg.npy,/Users/vedantdwivedi/Desktop/IRIS/silent_speech_alignments/text_alignments/5-9/5-9_147_audio.TextGrid,ON,2.64,2.74,0.10000000000000009,1584,1644,60
147,/Users/vedantdwivedi/Desktop/IRIS/emg_data/closed_vocab/silent/5-19_silent/147_emg.npy,/Users/vedantdwivedi/Desktop/IRIS/silent_speech_alignments/text_alignments/5-9/5-9_147_audio.TextGrid,THE,2.74,2.84,0.09999999999999964,1644,1704,60
147,/Users/vedantdwivedi/Desktop/IRIS/emg_data/closed_vocab/silent/5-19_silent/147_emg.npy,/Users/vedantdwivedi/Desktop/IRIS/silent_speech_alignments/text_alignments/5-9/5-9_147_audio.TextGrid,LAWN,2.84,3.19,0.3500000000000001,1704,1914,210
147,/Users/vedantdwivedi/Desktop/IRIS/emg_data/closed_vocab/silent/5-19_silent/147_emg.npy,/Users/vedantdwivedi/Desktop/IRIS/silent_speech_alignments/text_alignments/5-9/5-9_147_audio.TextGrid,OF,3.19,3.35,0.16000000000000014,1914,2010,96
147,/Users/vedantdwivedi/Desktop/IRIS/emg_data/closed_vocab/silent/5-19_silent/147_emg.npy,/Users/vedantdwivedi/Desktop/IRIS/silent_speech_alignments/text_alignments/5-9/5-9_147_audio.TextGrid,THE,3.35,3.5,0.1499999999999999,2010,2100,90
147,/Users/vedantdwivedi/Desktop/IRIS/emg_data/closed_vocab/silent/5-19_silent/147_emg.npy,/Users/vedantdwivedi/Desktop/IRIS/silent_speech_alignments/text_alignments/5-9/5-9_147_audio.TextGrid,INN,3.5,3.86,0.3599999999999999,2100,2316,216
147,/Users/vedantdwivedi/Desktop/IRIS/emg_data/closed_vocab/silent/5-19_silent/147_emg.npy,/Users/vedantdwivedi/Desktop/IRIS/silent_speech_alignments/text_alignments/5-9/5-9_147_audio.TextGrid,STARING,4.15,4.72,0.5699999999999994,2490,2832,342
147,/Users/vedantdwivedi/Desktop/IRIS/emg_data/closed_vocab/silent/5-19_silent/147_emg.npy,/Users/vedantdwivedi/Desktop/IRIS/silent_speech_alignments/text_alignments/5-9/5-9_147_audio.TextGrid,AND,4.72,4.86,0.14000000000000057,2832,2916,84
147,/Users/vedantdwivedi/Desktop/IRIS/emg_data/closed_vocab/silent/5-19_silent/147_emg.npy,/Users/vedantdwivedi/Desktop/IRIS/silent_speech_alignments/text_alignments/5-9/5-9_147_audio.TextGrid,JESTING,4.86,5.47,0.6099999999999994,2916,3282,366
148,/Users/vedantdwivedi/Desktop/IRIS/emg_data/closed_vocab/silent/5-19_silent/148_emg.npy,/Users/vedantdwivedi/Desktop/IRIS/silent_speech_alignments/text_alignments/5-9/5-9_148_audio.TextGrid,THE,0.76,0.91,0.15000000000000002,456,546,90
148,/Users/vedantdwivedi/Desktop/IRIS/emg_data/closed_vocab/silent/5-19_silent/148_emg.npy,/Users/vedantdwivedi/Desktop/IRIS/silent_speech_alignments/text_alignments/5-9/5-9_148_audio.TextGrid,INN,0.91,1.02,0.10999999999999999,546,612,66
148,/Users/vedantdwivedi/Desktop/IRIS/emg_data/closed_vocab/silent/5-19_silent/148_emg.npy,/Users/vedantdwivedi/Desktop/IRIS/silent_speech_alignments/text_alignments/5-9/5-9_148_audio.TextGrid,WAS,1.02,1.21,0.18999999999999995,612,726,114
148,/Users/vedantdwivedi/Desktop/IRIS/emg_data/closed_vocab/silent/5-19_silent/148_emg.npy,/Users/vedantdwivedi/Desktop/IRIS/silent_speech_alignments/text_alignments/5-9/5-9_148_audio.TextGrid,CLOSED,1.21,1.76,0.55,726,1056,330
148,/Users/vedantdwivedi/Desktop/IRIS/emg_data/closed_vocab/silent/5-19_silent/148_emg.npy,/Users/vedantdwivedi/Desktop/IRIS/silent_speech_alignments/text_alignments/5-9/5-9_148_audio.TextGrid,AS,2.15,2.3,0.1499999999999999,1290,1380,90
148,/Users/vedantdwivedi/Desktop/IRIS/emg_data/closed_vocab/silent/5-19_silent/148_emg.npy,/Users/vedantdwivedi/Desktop/IRIS/silent_speech_alignments/text_alignments/5-9/5-9_148_audio.TextGrid,IT,2.3,2.36,0.06000000000000005,1380,1416,36
148,/Users/vedantdwivedi/Desktop/IRIS/emg_data/closed_vocab/silent/5-19_silent/148_emg.npy,/Users/vedantdwivedi/Desktop/IRIS/silent_speech_alignments/text_alignments/5-9/5-9_148_audio.TextGrid,WAS,2.36,2.5,0.14000000000000012,1416,1500,84
148,/Users/vedantdwivedi/Desktop/IRIS/emg_data/closed_vocab/silent/5-19_silent/148_emg.npy,/Users/vedantdwivedi/Desktop/IRIS/silent_speech_alignments/text_alignments/5-9/5-9_148_audio.TextGrid,NOW,2.5,2.79,0.29000000000000004,1500,1674,174
148,/Users/vedantdwivedi/Desktop/IRIS/emg_data/closed_vocab/silent/5-19_silent/148_emg.npy,/Users/vedantdwivedi/Desktop/IRIS/silent_speech_alignments/text_alignments/5-9/5-9_148_audio.TextGrid,WITHIN,2.79,3.2,0.41000000000000014,1674,1920,246
148,/Users/vedantdwivedi/Desktop/IRIS/emg_data/closed_vocab/silent/5-19_silent/148_emg.npy,/Users/vedantdwivedi/Desktop/IRIS/silent_speech_alignments/text_alignments/5-9/5-9_148_audio.TextGrid,PROHIBITED,3.23,3.7,0.4700000000000002,1938,2220,282
148,/Users/vedantdwivedi/Desktop/IRIS/emg_data/closed_vocab/silent/5-19_silent/148_emg.npy,/Users/vedantdwivedi/Desktop/IRIS/silent_speech_alignments/text_alignments/5-9/5-9_148_audio.TextGrid,HOURS,3.7,4.38,0.6799999999999997,2220,2628,408
149,/Users/vedantdwivedi/Desktop/IRIS/emg_data/closed_vocab/silent/5-19_silent/149_emg.npy,/Users/vedantdwivedi/Desktop/IRIS/silent_speech_alignments/text_alignments/5-9/5-9_149_audio.TextGrid,WHAT'S,1.28,1.5,0.21999999999999997,768,900,132
149,/Users/vedantdwivedi/Desktop/IRIS/emg_data/closed_vocab/silent/5-19_silent/149_emg.npy,/Users/vedantdwivedi/Desktop/IRIS/silent_speech_alignments/text_alignments/5-9/5-9_149_audio.TextGrid,THAT,1.5,1.86,0.3600000000000001,900,1116,216
149,/Users/vedantdwivedi/Desktop/IRIS/emg_data/closed_vocab/silent/5-19_silent/149_emg.npy,/Users/vedantdwivedi/Desktop/IRIS/silent_speech_alignments/text_alignments/5-9/5-9_149_audio.TextGrid,CRIED,2.04,2.25,0.20999999999999996,1224,1350,126
149,/Users/vedantdwivedi/Desktop/IRIS/emg_data/closed_vocab/silent/5-19_silent/149_emg.npy,/Users/vedantdwivedi/Desktop/IRIS/silent_speech_alignments/text_alignments/5-9/5-9_149_audio.TextGrid,A,2.25,2.3,0.04999999999999982,1350,1380,30
149,/Users/vedantdwivedi/Desktop/IRIS/emg_data/closed_vocab/silent/5-19_silent/149_emg.npy,/Users/vedantdwivedi/Desktop/IRIS/silent_speech_alignments/text_alignments/5-9/5-9_149_audio.TextGrid,BOATMAN,2.3,2.94,0.6400000000000001,1380,1764,384
149,/Users/vedantdwivedi/Desktop/IRIS/emg_data/closed_vocab/silent/5-19_silent/149_emg.npy,/Users/vedantdwivedi/Desktop/IRIS/silent_speech_alignments/text_alignments/5-9/5-9_149_audio.TextGrid,AND,3.18,3.52,0.33999999999999986,1908,2112,204
149,/Users/vedantdwivedi/Desktop/IRIS/emg_data/closed_vocab/silent/5-19_silent/149_emg.npy,/Users/vedantdwivedi/Desktop/IRIS/silent_speech_alignments/text_alignments/5-9/5-9_149_audio.TextGrid,SHUT,3.6,3.86,0.2599999999999998,2160,2316,156
149,/Users/vedantdwivedi/Desktop/IRIS/emg_data/closed_vocab/silent/5-19_silent/149_emg.npy,/Users/vedantdwivedi/Desktop/IRIS/silent_speech_alignments/text_alignments/5-9/5-9_149_audio.TextGrid,UP,3.86,4.04,0.18000000000000016,2316,2424,108
149,/Users/vedantdwivedi/Desktop/IRIS/emg_data/closed_vocab/silent/5-19_silent/149_emg.npy,/Users/vedantdwivedi/Desktop/IRIS/silent_speech_alignments/text_alignments/5-9/5-9_149_audio.TextGrid,YOU,4.04,4.16,0.1200000000000001,2424,2496,72
149,/Users/vedantdwivedi/Desktop/IRIS/emg_data/closed_vocab/silent/5-19_silent/149_emg.npy,/Users/vedantdwivedi/Desktop/IRIS/silent_speech_alignments/text_alignments/5-9/5-9_149_audio.TextGrid,FOOL,4.16,4.58,0.41999999999999993,2496,2628,132
14,/Users/vedantdwivedi/Desktop/IRIS/emg_data/closed_vocab/silent/5-19_silent/14_emg.npy,/Users/vedantdwivedi/Desktop/IRIS/silent_speech_alignments/text_alignments/5-9/5-9_14_audio.TextGrid,THENCE,0.99,1.4,0.4099999999999999,594,840,246
14,/Users/vedantdwivedi/Desktop/IRIS/emg_data/closed_vocab/silent/5-19_silent/14_emg.npy,/Users/vedantdwivedi/Desktop/IRIS/silent_speech_alignments/text_alignments/5-9/5-9_14_audio.TextGrid,I,1.4,1.48,0.08000000000000007,840,888,48
14,/Users/vedantdwivedi/Desktop/IRIS/emg_data/closed_vocab/silent/5-19_silent/14_emg.npy,/Users/vedantdwivedi/Desktop/IRIS/silent_speech_alignments/text_alignments/5-9/5-9_14_audio.TextGrid,WOULD,1.48,1.63,0.1499999999999999,888,978,90
14,/Users/vedantdwivedi/Desktop/IRIS/emg_data/closed_vocab/silent/5-19_silent/14_emg.npy,/Users/vedantdwivedi/Desktop/IRIS/silent_speech_alignments/text_alignments/5-9/5-9_14_audio.TextGrid,MAKE,1.63,1.94,0.31000000000000005,978,1164,186
14,/Users/vedantdwivedi/Desktop/IRIS/emg_data/closed_vocab/silent/5-19_silent/14_emg.npy,/Users/vedantdwivedi/Desktop/IRIS/silent_speech_alignments/text_alignments/5-9/5-9_14_audio.TextGrid,A,2.03,2.14,0.11000000000000032,1218,1284,66
14,/Users/vedantdwivedi/Desktop/IRIS/emg_data/closed_vocab/silent/5-19_silent/14_emg.npy,/Users/vedantdwivedi/Desktop/IRIS/silent_speech_alignments/text_alignments/5-9/5-9_14_audio.TextGrid,BIG,2.14,2.35,0.20999999999999996,1284,1410,126
14,/Users/vedantdwivedi/Desktop/IRIS/emg_data/closed_vocab/silent/5-19_silent/14_emg.npy,/Users/vedantdwivedi/Desktop/IRIS/silent_speech_alignments/text_alignments/5-9/5-9_14_audio.TextGrid,DETOUR,2.35,3.01,0.6599999999999997,1410,1806,396
14,/Users/vedantdwivedi/Desktop/IRIS/emg_data/closed_vocab/silent/5-19_silent/14_emg.npy,/Users/vedantdwivedi/Desktop/IRIS/silent_speech_alignments/text_alignments/5-9/5-9_14_audio.TextGrid,BY,3.1,3.25,0.1499999999999999,1860,1950,90
14,/Users/vedantdwivedi/Desktop/IRIS/emg_data/closed_vocab/silent/5-19_silent/14_emg.npy,/Users/vedantdwivedi/Desktop/IRIS/silent_speech_alignments/text_alignments/5-9/5-9_14_audio.TextGrid,EPSOM,3.25,3.81,0.56,1950,2286,336
14,/Users/vedantdwivedi/Desktop/IRIS/emg_data/closed_vocab/silent/5-19_silent/14_emg.npy,/Users/vedantdwivedi/Desktop/IRIS/silent_speech_alignments/text_alignments/5-9/5-9_14_audio.TextGrid,TO,3.84,3.97,0.13000000000000034,2304,2382,78
14,/Users/vedantdwivedi/Desktop/IRIS/emg_data/closed_vocab/silent/5-19_silent/14_emg.npy,/Users/vedantdwivedi/Desktop/IRIS/silent_speech_alignments/text_alignments/5-9/5-9_14_audio.TextGrid,REACH,3.97,4.23,0.26000000000000023,2382,2538,156
14,/Users/vedantdwivedi/Desktop/IRIS/emg_data/closed_vocab/silent/5-19_silent/14_emg.npy,/Users/vedantdwivedi/Desktop/IRIS/silent_speech_alignments/text_alignments/5-9/5-9_14_audio.TextGrid,LEATHERHEAD,4.26,4.77,0.5099999999999998,2556,2862,306
153,/Users/vedantdwivedi/Desktop/IRIS/emg_data/closed_vocab/silent/5-19_silent/153_emg.npy,/Users/vedantdwivedi/Desktop/IRIS/silent_speech_alignments/text_alignments/5-9/5-9_153_audio.TextGrid,THE,0.79,0.89,0.09999999999999998,474,500,26
154,/Users/vedantdwivedi/Desktop/IRIS/emg_data/closed_vocab/silent/5-19_silent/154_emg.npy,/Users/vedantdwivedi/Desktop/IRIS/silent_speech_alignments/text_alignments/5-9/5-9_154_audio.TextGrid,ALMOST,0.77,1.05,0.28,462,500,38
155,/Users/vedantdwivedi/Desktop/IRIS/emg_data/closed_vocab/silent/5-19_silent/155_emg.npy,/Users/vedantdwivedi/Desktop/IRIS/silent_speech_alignments/text_alignments/5-9/5-9_155_audio.TextGrid,A,0.7,0.83,0.13,420,498,78
156,/Users/vedantdwivedi/Desktop/IRIS/emg_data/closed_vocab/silent/5-19_silent/156_emg.npy,/Users/vedantdwivedi/Desktop/IRIS/silent_speech_alignments/text_alignments/5-9/5-9_156_audio.TextGrid,EVERYONE,1.03,1.4,0.3699999999999999,618,840,222
156,/Users/vedantdwivedi/Desktop/IRIS/emg_data/closed_vocab/silent/5-19_silent/156_emg.npy,/Users/vedantdwivedi/Desktop/IRIS/silent_speech_alignments/text_alignments/5-9/5-9_156_audio.TextGrid,STOOD,1.4,1.77,0.3700000000000001,840,1062,222
156,/Users/vedantdwivedi/Desktop/IRIS/emg_data/closed_vocab/silent/5-19_silent/156_emg.npy,/Users/vedantdwivedi/Desktop/IRIS/silent_speech_alignments/text_alignments/5-9/5-9_156_audio.TextGrid,ARRESTED,1.77,2.26,0.48999999999999977,1062,1356,294
156,/Users/vedantdwivedi/Desktop/IRIS/emg_data/closed_vocab/silent/5-19_silent/156_emg.npy,/Users/vedantdwivedi/Desktop/IRIS/silent_speech_alignments/text_alignments/5-9/5-9_156_audio.TextGrid,BY,2.26,2.34,0.08000000000000007,1356,1404,48
156,/Users/vedantdwivedi/Desktop/IRIS/emg_data/closed_vocab/silent/5-19_silent/156_emg.npy,/Users/vedantdwivedi/Desktop/IRIS/silent_speech_alignments/text_alignments/5-9/5-9_156_audio.TextGrid,THE,2.34,2.45,0.11000000000000032,1404,1470,66
156,/Users/vedantdwivedi/Desktop/IRIS/emg_data/closed_vocab/silent/5-19_silent/156_emg.npy,/Users/vedantdwivedi/Desktop/IRIS/silent_speech_alignments/text_alignments/5-9/5-9_156_audio.TextGrid,SUDDEN,2.45,2.76,0.3099999999999996,1470,1656,186
156,/Users/vedantdwivedi/Desktop/IRIS/emg_data/closed_vocab/silent/5-19_silent/156_emg.npy,/Users/vedantdwivedi/Desktop/IRIS/silent_speech_alignments/text_alignments/5-9/5-9_156_audio.TextGrid,STIR,2.76,3.13,0.3700000000000001,1656,1878,222
156,/Users/vedantdwivedi/Desktop/IRIS/emg_data/closed_vocab/silent/5-19_silent/156_emg.npy,/Users/vedantdwivedi/Desktop/IRIS/silent_speech_alignments/text_alignments/5-9/5-9_156_audio.TextGrid,OF,3.13,3.25,0.1200000000000001,1878,1950,72
156,/Users/vedantdwivedi/Desktop/IRIS/emg_data/closed_vocab/silent/5-19_silent/156_emg.npy,/Users/vedantdwivedi/Desktop/IRIS/silent_speech_alignments/text_alignments/5-9/5-9_156_audio.TextGrid,BATTLE,3.25,3.73,0.48,1950,2238,288
15,/Users/vedantdwivedi/Desktop/IRIS/emg_data/closed_vocab/silent/5-19_silent/15_emg.npy,/Users/vedantdwivedi/Desktop/IRIS/silent_speech_alignments/text_alignments/5-9/5-9_15_audio.TextGrid,I,1.19,1.31,0.1200000000000001,714,786,72
15,/Users/vedantdwivedi/Desktop/IRIS/emg_data/closed_vocab/silent/5-19_silent/15_emg.npy,/Users/vedantdwivedi/Desktop/IRIS/silent_speech_alignments/text_alignments/5-9/5-9_15_audio.TextGrid,SHOULD,1.31,1.46,0.1499999999999999,786,876,90
15,/Users/vedantdwivedi/Desktop/IRIS/emg_data/closed_vocab/silent/5-19_silent/15_emg.npy,/Users/vedantdwivedi/Desktop/IRIS/silent_speech_alignments/text_alignments/5-9/5-9_15_audio.TextGrid,HAVE,1.46,1.56,0.10000000000000009,876,936,60
15,/Users/vedantdwivedi/Desktop/IRIS/emg_data/closed_vocab/silent/5-19_silent/15_emg.npy,/Users/vedantdwivedi/Desktop/IRIS/silent_speech_alignments/text_alignments/5-9/5-9_15_audio.TextGrid,STARTED,1.56,1.83,0.27,936,1098,162
15,/Users/vedantdwivedi/Desktop/IRIS/emg_data/closed_vocab/silent/5-19_silent/15_emg.npy,/Users/vedantdwivedi/Desktop/IRIS/silent_speech_alignments/text_alignments/5-9/5-9_15_audio.TextGrid,AT,1.83,1.94,0.10999999999999988,1098,1164,66
15,/Users/vedantdwivedi/Desktop/IRIS/emg_data/closed_vocab/silent/5-19_silent/15_emg.npy,/Users/vedantdwivedi/Desktop/IRIS/silent_speech_alignments/text_alignments/5-9/5-9_15_audio.TextGrid,ONCE,1.94,2.55,0.6099999999999999,1164,1530,366
15,/Users/vedantdwivedi/Desktop/IRIS/emg_data/closed_vocab/silent/5-19_silent/15_emg.npy,/Users/vedantdwivedi/Desktop/IRIS/silent_speech_alignments/text_alignments/5-9/5-9_15_audio.TextGrid,BUT,2.71,2.82,0.10999999999999988,1626,1692,66
15,/Users/vedantdwivedi/Desktop/IRIS/emg_data/closed_vocab/silent/5-19_silent/15_emg.npy,/Users/vedantdwivedi/Desktop/IRIS/silent_speech_alignments/text_alignments/5-9/5-9_15_audio.TextGrid,MY,2.82,2.92,0.10000000000000009,1692,1752,60
15,/Users/vedantdwivedi/Desktop/IRIS/emg_data/closed_vocab/silent/5-19_silent/15_emg.npy,/Users/vedantdwivedi/Desktop/IRIS/silent_speech_alignments/text_alignments/5-9/5-9_15_audio.TextGrid,COMPANION,2.92,3.62,0.7000000000000002,1752,2172,420
15,/Users/vedantdwivedi/Desktop/IRIS/emg_data/closed_vocab/silent/5-19_silent/15_emg.npy,/Users/vedantdwivedi/Desktop/IRIS/silent_speech_alignments/text_alignments/5-9/5-9_15_audio.TextGrid,HAD,3.76,3.95,0.1900000000000004,2256,2370,114
15,/Users/vedantdwivedi/Desktop/IRIS/emg_data/closed_vocab/silent/5-19_silent/15_emg.npy,/Users/vedantdwivedi/Desktop/IRIS/silent_speech_alignments/text_alignments/5-9/5-9_15_audio.TextGrid,BEEN,3.95,4.09,0.13999999999999968,2370,2454,84
15,/Users/vedantdwivedi/Desktop/IRIS/emg_data/closed_vocab/silent/5-19_silent/15_emg.npy,/Users/vedantdwivedi/Desktop/IRIS/silent_speech_alignments/text_alignments/5-9/5-9_15_audio.TextGrid,IN,4.09,4.24,0.15000000000000036,2454,2544,90
15,/Users/vedantdwivedi/Desktop/IRIS/emg_data/closed_vocab/silent/5-19_silent/15_emg.npy,/Users/vedantdwivedi/Desktop/IRIS/silent_speech_alignments/text_alignments/5-9/5-9_15_audio.TextGrid,ACTIVE,4.24,4.59,0.34999999999999964,2544,2754,210
15,/Users/vedantdwivedi/Desktop/IRIS/emg_data/closed_vocab/silent/5-19_silent/15_emg.npy,/Users/vedantdwivedi/Desktop/IRIS/silent_speech_alignments/text_alignments/5-9/5-9_15_audio.TextGrid,SERVICE,4.59,5.24,0.6500000000000004,2754,3144,390
15,/Users/vedantdwivedi/Desktop/IRIS/emg_data/closed_vocab/silent/5-19_silent/15_emg.npy,/Users/vedantdwivedi/Desktop/IRIS/silent_speech_alignments/text_alignments/5-9/5-9_15_audio.TextGrid,AND,5.48,5.61,0.1299999999999999,3288,3366,78
15,/Users/vedantdwivedi/Desktop/IRIS/emg_data/closed_vocab/silent/5-19_silent/15_emg.npy,/Users/vedantdwivedi/Desktop/IRIS/silent_speech_alignments/text_alignments/5-9/5-9_15_audio.TextGrid,HE,5.61,5.74,0.1299999999999999,3366,3378,12
161,/Users/vedantdwivedi/Desktop/IRIS/emg_data/closed_vocab/silent/5-19_silent/161_emg.npy,/Users/vedantdwivedi/Desktop/IRIS/silent_speech_alignments/text_alignments/5-9/5-9_161_audio.TextGrid,NOTHING,1.1,1.39,0.2899999999999998,660,834,174
161,/Users/vedantdwivedi/Desktop/IRIS/emg_data/closed_vocab/silent/5-19_silent/161_emg.npy,/Users/vedantdwivedi/Desktop/IRIS/silent_speech_alignments/text_alignments/5-9/5-9_161_audio.TextGrid,WAS,1.39,1.51,0.1200000000000001,834,906,72
161,/Users/vedantdwivedi/Desktop/IRIS/emg_data/closed_vocab/silent/5-19_silent/161_emg.npy,/Users/vedantdwivedi/Desktop/IRIS/silent_speech_alignments/text_alignments/5-9/5-9_161_audio.TextGrid,TO,1.51,1.61,0.10000000000000009,906,966,60
161,/Users/vedantdwivedi/Desktop/IRIS/emg_data/closed_vocab/silent/5-19_silent/161_emg.npy,/Users/vedantdwivedi/Desktop/IRIS/silent_speech_alignments/text_alignments/5-9/5-9_161_audio.TextGrid,BE,1.61,1.74,0.1299999999999999,966,1044,78
161,/Users/vedantdwivedi/Desktop/IRIS/emg_data/closed_vocab/silent/5-19_silent/161_emg.npy,/Users/vedantdwivedi/Desktop/IRIS/silent_speech_alignments/text_alignments/5-9/5-9_161_audio.TextGrid,SEEN,1.74,2.3,0.5599999999999998,1044,1380,336
161,/Users/vedantdwivedi/Desktop/IRIS/emg_data/closed_vocab/silent/5-19_silent/161_emg.npy,/Users/vedantdwivedi/Desktop/IRIS/silent_speech_alignments/text_alignments/5-9/5-9_161_audio.TextGrid,SAVE,2.55,2.92,0.3700000000000001,1530,1752,222
161,/Users/vedantdwivedi/Desktop/IRIS/emg_data/closed_vocab/silent/5-19_silent/161_emg.npy,/Users/vedantdwivedi/Desktop/IRIS/silent_speech_alignments/text_alignments/5-9/5-9_161_audio.TextGrid,FLAT,2.92,3.3,0.3799999999999999,1752,1980,228
161,/Users/vedantdwivedi/Desktop/IRIS/emg_data/closed_vocab/silent/5-19_silent/161_emg.npy,/Users/vedantdwivedi/Desktop/IRIS/silent_speech_alignments/text_alignments/5-9/5-9_161_audio.TextGrid,MEADOWS,3.3,3.93,0.6300000000000003,1980,2358,378
161,/Users/vedantdwivedi/Desktop/IRIS/emg_data/closed_vocab/silent/5-19_silent/161_emg.npy,/Users/vedantdwivedi/Desktop/IRIS/silent_speech_alignments/text_alignments/5-9/5-9_161_audio.TextGrid,COWS,4.39,4.85,0.45999999999999996,2634,2910,276
161,/Users/vedantdwivedi/Desktop/IRIS/emg_data/closed_vocab/silent/5-19_silent/161_emg.npy,/Users/vedantdwivedi/Desktop/IRIS/silent_speech_alignments/text_alignments/5-9/5-9_161_audio.TextGrid,FEEDING,4.85,5.39,0.54,2910,3234,324
161,/Users/vedantdwivedi/Desktop/IRIS/emg_data/closed_vocab/silent/5-19_silent/161_emg.npy,/Users/vedantdwivedi/Desktop/IRIS/silent_speech_alignments/text_alignments/5-9/5-9_161_audio.TextGrid,UNCONCERNEDLY,5.64,6.64,1.0,3384,3594,210
162,/Users/vedantdwivedi/Desktop/IRIS/emg_data/closed_vocab/silent/5-19_silent/162_emg.npy,/Users/vedantdwivedi/Desktop/IRIS/silent_speech_alignments/text_alignments/5-9/5-9_162_audio.TextGrid,THE,1.57,1.66,0.08999999999999986,942,996,54
162,/Users/vedantdwivedi/Desktop/IRIS/emg_data/closed_vocab/silent/5-19_silent/162_emg.npy,/Users/vedantdwivedi/Desktop/IRIS/silent_speech_alignments/text_alignments/5-9/5-9_162_audio.TextGrid,<UNK>,1.66,2.17,0.51,996,1302,306
162,/Users/vedantdwivedi/Desktop/IRIS/emg_data/closed_vocab/silent/5-19_silent/162_emg.npy,/Users/vedantdwivedi/Desktop/IRIS/silent_speech_alignments/text_alignments/5-9/5-9_162_audio.TextGrid,STOP,2.17,2.55,0.3799999999999999,1302,1530,228
162,/Users/vedantdwivedi/Desktop/IRIS/emg_data/closed_vocab/silent/5-19_silent/162_emg.npy,/Users/vedantdwivedi/Desktop/IRIS/silent_speech_alignments/text_alignments/5-9/5-9_162_audio.TextGrid,<UNK>,2.55,2.78,0.22999999999999998,1530,1668,138
162,/Users/vedantdwivedi/Desktop/IRIS/emg_data/closed_vocab/silent/5-19_silent/162_emg.npy,/Users/vedantdwivedi/Desktop/IRIS/silent_speech_alignments/text_alignments/5-9/5-9_162_audio.TextGrid,SAID,3.62,3.78,0.1599999999999997,2172,2268,96
162,/Users/vedantdwivedi/Desktop/IRIS/emg_data/closed_vocab/silent/5-19_silent/162_emg.npy,/Users/vedantdwivedi/Desktop/IRIS/silent_speech_alignments/text_alignments/5-9/5-9_162_audio.TextGrid,A,3.78,3.84,0.06000000000000005,2268,2304,36
162,/Users/vedantdwivedi/Desktop/IRIS/emg_data/closed_vocab/silent/5-19_silent/162_emg.npy,/Users/vedantdwivedi/Desktop/IRIS/silent_speech_alignments/text_alignments/5-9/5-9_162_audio.TextGrid,WOMAN,3.84,4.04,0.20000000000000018,2304,2424,120
162,/Users/vedantdwivedi/Desktop/IRIS/emg_data/closed_vocab/silent/5-19_silent/162_emg.npy,/Users/vedantdwivedi/Desktop/IRIS/silent_speech_alignments/text_alignments/5-9/5-9_162_audio.TextGrid,BESIDE,4.04,4.41,0.3700000000000001,2424,2646,222
162,/Users/vedantdwivedi/Desktop/IRIS/emg_data/closed_vocab/silent/5-19_silent/162_emg.npy,/Users/vedantdwivedi/Desktop/IRIS/silent_speech_alignments/text_alignments/5-9/5-9_162_audio.TextGrid,ME,4.41,4.7,0.29000000000000004,2646,2820,174
163,/Users/vedantdwivedi/Desktop/IRIS/emg_data/closed_vocab/silent/5-19_silent/163_emg.npy,/Users/vedantdwivedi/Desktop/IRIS/silent_speech_alignments/text_alignments/5-9/5-9_163_audio.TextGrid,A,1.06,1.18,0.11999999999999988,636,708,72
163,/Users/vedantdwivedi/Desktop/IRIS/emg_data/closed_vocab/silent/5-19_silent/163_emg.npy,/Users/vedantdwivedi/Desktop/IRIS/silent_speech_alignments/text_alignments/5-9/5-9_163_audio.TextGrid,HAZINESS,1.18,1.95,0.77,708,1170,462
163,/Users/vedantdwivedi/Desktop/IRIS/emg_data/closed_vocab/silent/5-19_silent/163_emg.npy,/Users/vedantdwivedi/Desktop/IRIS/silent_speech_alignments/text_alignments/5-9/5-9_163_audio.TextGrid,ROSE,2.02,2.45,0.43000000000000016,1212,1470,258
163,/Users/vedantdwivedi/Desktop/IRIS/emg_data/closed_vocab/silent/5-19_silent/163_emg.npy,/Users/vedantdwivedi/Desktop/IRIS/silent_speech_alignments/text_alignments/5-9/5-9_163_audio.TextGrid,OVER,2.45,2.59,0.13999999999999968,1470,1554,84
163,/Users/vedantdwivedi/Desktop/IRIS/emg_data/closed_vocab/silent/5-19_silent/163_emg.npy,/Users/vedantdwivedi/Desktop/IRIS/silent_speech_alignments/text_alignments/5-9/5-9_163_audio.TextGrid,THE,2.59,2.68,0.0900000000000003,1554,1608,54
163,/Users/vedantdwivedi/Desktop/IRIS/emg_data/closed_vocab/silent/5-19_silent/163_emg.npy,/Users/vedantdwivedi/Desktop/IRIS/silent_speech_alignments/text_alignments/5-9/5-9_163_audio.TextGrid,TREETOPS,2.68,3.47,0.79,1608,2082,474
164,/Users/vedantdwivedi/Desktop/IRIS/emg_data/closed_vocab/silent/5-19_silent/164_emg.npy,/Users/vedantdwivedi/Desktop/IRIS/silent_speech_alignments/text_alignments/5-9/5-9_164_audio.TextGrid,THEN,0.9,1.1,0.20000000000000007,540,660,120
164,/Users/vedantdwivedi/Desktop/IRIS/emg_data/closed_vocab/silent/5-19_silent/164_emg.npy,/Users/vedantdwivedi/Desktop/IRIS/silent_speech_alignments/text_alignments/5-9/5-9_164_audio.TextGrid,SUDDENLY,1.1,1.62,0.52,660,972,312
164,/Users/vedantdwivedi/Desktop/IRIS/emg_data/closed_vocab/silent/5-19_silent/164_emg.npy,/Users/vedantdwivedi/Desktop/IRIS/silent_speech_alignments/text_alignments/5-9/5-9_164_audio.TextGrid,WE,1.65,1.77,0.1200000000000001,990,1062,72
164,/Users/vedantdwivedi/Desktop/IRIS/emg_data/closed_vocab/silent/5-19_silent/164_emg.npy,/Users/vedantdwivedi/Desktop/IRIS/silent_speech_alignments/text_alignments/5-9/5-9_164_audio.TextGrid,SAW,1.77,2.04,0.27,1062,1224,162
164,/Users/vedantdwivedi/Desktop/IRIS/emg_data/closed_vocab/silent/5-19_silent/164_emg.npy,/Users/vedantdwivedi/Desktop/IRIS/silent_speech_alignments/text_alignments/5-9/5-9_164_audio.TextGrid,A,2.04,2.1,0.06000000000000005,1224,1260,36
164,/Users/vedantdwivedi/Desktop/IRIS/emg_data/closed_vocab/silent/5-19_silent/164_emg.npy,/Users/vedantdwivedi/Desktop/IRIS/silent_speech_alignments/text_alignments/5-9/5-9_164_audio.TextGrid,RUSH,2.1,2.47,0.3700000000000001,1260,1482,222
164,/Users/vedantdwivedi/Desktop/IRIS/emg_data/closed_vocab/silent/5-19_silent/164_emg.npy,/Users/vedantdwivedi/Desktop/IRIS/silent_speech_alignments/text_alignments/5-9/5-9_164_audio.TextGrid,OF,2.52,2.69,0.16999999999999993,1512,1614,102
164,/Users/vedantdwivedi/Desktop/IRIS/emg_data/closed_vocab/silent/5-19_silent/164_emg.npy,/Users/vedantdwivedi/Desktop/IRIS/silent_speech_alignments/text_alignments/5-9/5-9_164_audio.TextGrid,SMOKE,2.69,3.13,0.43999999999999995,1614,1878,264
164,/Users/vedantdwivedi/Desktop/IRIS/emg_data/closed_vocab/silent/5-19_silent/164_emg.npy,/Users/vedantdwivedi/Desktop/IRIS/silent_speech_alignments/text_alignments/5-9/5-9_164_audio.TextGrid,FAR,3.45,3.81,0.3599999999999999,2070,2286,216
164,/Users/vedantdwivedi/Desktop/IRIS/emg_data/closed_vocab/silent/5-19_silent/164_emg.npy,/Users/vedantdwivedi/Desktop/IRIS/silent_speech_alignments/text_alignments/5-9/5-9_164_audio.TextGrid,AWAY,3.81,4.11,0.30000000000000027,2286,2466,180
164,/Users/vedantdwivedi/Desktop/IRIS/emg_data/closed_vocab/silent/5-19_silent/164_emg.npy,/Users/vedantdwivedi/Desktop/IRIS/silent_speech_alignments/text_alignments/5-9/5-9_164_audio.TextGrid,UP,4.11,4.22,0.10999999999999943,2466,2532,66
164,/Users/vedantdwivedi/Desktop/IRIS/emg_data/closed_vocab/silent/5-19_silent/164_emg.npy,/Users/vedantdwivedi/Desktop/IRIS/silent_speech_alignments/text_alignments/5-9/5-9_164_audio.TextGrid,THE,4.22,4.29,0.07000000000000028,2532,2574,42
164,/Users/vedantdwivedi/Desktop/IRIS/emg_data/closed_vocab/silent/5-19_silent/164_emg.npy,/Users/vedantdwivedi/Desktop/IRIS/silent_speech_alignments/text_alignments/5-9/5-9_164_audio.TextGrid,RIVER,4.29,4.73,0.4400000000000004,2574,2838,264
165,/Users/vedantdwivedi/Desktop/IRIS/emg_data/closed_vocab/silent/5-19_silent/165_emg.npy,/Users/vedantdwivedi/Desktop/IRIS/silent_speech_alignments/text_alignments/5-9/5-9_165_audio.TextGrid,HERE,1.12,1.33,0.20999999999999996,672,798,126
165,/Users/vedantdwivedi/Desktop/IRIS/emg_data/closed_vocab/silent/5-19_silent/165_emg.npy,/Users/vedantdwivedi/Desktop/IRIS/silent_speech_alignments/text_alignments/5-9/5-9_165_audio.TextGrid,THEY,1.33,1.5,0.16999999999999993,798,900,102
165,/Users/vedantdwivedi/Desktop/IRIS/emg_data/closed_vocab/silent/5-19_silent/165_emg.npy,/Users/vedantdwivedi/Desktop/IRIS/silent_speech_alignments/text_alignments/5-9/5-9_165_audio.TextGrid,ARE,1.5,1.87,0.3700000000000001,900,1122,222
165,/Users/vedantdwivedi/Desktop/IRIS/emg_data/closed_vocab/silent/5-19_silent/165_emg.npy,/Users/vedantdwivedi/Desktop/IRIS/silent_speech_alignments/text_alignments/5-9/5-9_165_audio.TextGrid,SHOUTED,1.96,2.23,0.27,1176,1338,162
165,/Users/vedantdwivedi/Desktop/IRIS/emg_data/closed_vocab/silent/5-19_silent/165_emg.npy,/Users/vedantdwivedi/Desktop/IRIS/silent_speech_alignments/text_alignments/5-9/5-9_165_audio.TextGrid,A,2.23,2.28,0.04999999999999982,1338,1368,30
165,/Users/vedantdwivedi/Desktop/IRIS/emg_data/closed_vocab/silent/5-19_silent/165_emg.npy,/Users/vedantdwivedi/Desktop/IRIS/silent_speech_alignments/text_alignments/5-9/5-9_165_audio.TextGrid,MAN,2.28,2.66,0.38000000000000034,1368,1596,228
165,/Users/vedantdwivedi/Desktop/IRIS/emg_data/closed_vocab/silent/5-19_silent/165_emg.npy,/Users/vedantdwivedi/Desktop/IRIS/silent_speech_alignments/text_alignments/5-9/5-9_165_audio.TextGrid,IN,2.96,3.07,0.10999999999999988,1776,1842,66
165,/Users/vedantdwivedi/Desktop/IRIS/emg_data/closed_vocab/silent/5-19_silent/165_emg.npy,/Users/vedantdwivedi/Desktop/IRIS/silent_speech_alignments/text_alignments/5-9/5-9_165_audio.TextGrid,A,3.07,3.13,0.06000000000000005,1842,1878,36
165,/Users/vedantdwivedi/Desktop/IRIS/emg_data/closed_vocab/silent/5-19_silent/165_emg.npy,/Users/vedantdwivedi/Desktop/IRIS/silent_speech_alignments/text_alignments/5-9/5-9_165_audio.TextGrid,BLUE,3.13,3.42,0.29000000000000004,1878,2052,174
165,/Users/vedantdwivedi/Desktop/IRIS/emg_data/closed_vocab/silent/5-19_silent/165_emg.npy,/Users/vedantdwivedi/Desktop/IRIS/silent_speech_alignments/text_alignments/5-9/5-9_165_audio.TextGrid,JERSEY,3.42,3.94,0.52,2052,2364,312
166,/Users/vedantdwivedi/Desktop/IRIS/emg_data/closed_vocab/silent/5-19_silent/166_emg.npy,/Users/vedantdwivedi/Desktop/IRIS/silent_speech_alignments/text_alignments/5-9/5-9_166_audio.TextGrid,YONDER,0.65,1.28,0.63,390,768,378
169,/Users/vedantdwivedi/Desktop/IRIS/emg_data/closed_vocab/silent/5-19_silent/169_emg.npy,/Users/vedantdwivedi/Desktop/IRIS/silent_speech_alignments/text_alignments/5-9/5-9_169_audio.TextGrid,D'YER,0.58,0.94,0.36,348,564,216
169,/Users/vedantdwivedi/Desktop/IRIS/emg_data/closed_vocab/silent/5-19_silent/169_emg.npy,/Users/vedantdwivedi/Desktop/IRIS/silent_speech_alignments/text_alignments/5-9/5-9_169_audio.TextGrid,SEE,0.94,1.15,0.20999999999999996,564,690,126
169,/Users/vedantdwivedi/Desktop/IRIS/emg_data/closed_vocab/silent/5-19_silent/169_emg.npy,/Users/vedantdwivedi/Desktop/IRIS/silent_speech_alignments/text_alignments/5-9/5-9_169_audio.TextGrid,THEM,1.15,1.51,0.3600000000000001,690,906,216
170,/Users/vedantdwivedi/Desktop/IRIS/emg_data/closed_vocab/silent/5-19_silent/170_emg.npy,/Users/vedantdwivedi/Desktop/IRIS/silent_speech_alignments/text_alignments/5-9/5-9_170_audio.TextGrid,YONDER,0.64,1.25,0.61,384,750,366
171,/Users/vedantdwivedi/Desktop/IRIS/emg_data/closed_vocab/silent/5-19_silent/171_emg.npy,/Users/vedantdwivedi/Desktop/IRIS/silent_speech_alignments/text_alignments/5-9/5-9_171_audio.TextGrid,QUICKLY,0.76,1.29,0.53,456,774,318
171,/Users/vedantdwivedi/Desktop/IRIS/emg_data/closed_vocab/silent/5-19_silent/171_emg.npy,/Users/vedantdwivedi/Desktop/IRIS/silent_speech_alignments/text_alignments/5-9/5-9_171_audio.TextGrid,ONE,1.56,1.87,0.31000000000000005,936,1122,186
171,/Users/vedantdwivedi/Desktop/IRIS/emg_data/closed_vocab/silent/5-19_silent/171_emg.npy,/Users/vedantdwivedi/Desktop/IRIS/silent_speech_alignments/text_alignments/5-9/5-9_171_audio.TextGrid,AFTER,1.87,2.04,0.16999999999999993,1122,1224,102
171,/Users/vedantdwivedi/Desktop/IRIS/emg_data/closed_vocab/silent/5-19_silent/171_emg.npy,/Users/vedantdwivedi/Desktop/IRIS/silent_speech_alignments/text_alignments/5-9/5-9_171_audio.TextGrid,THE,2.04,2.19,0.1499999999999999,1224,1314,90
171,/Users/vedantdwivedi/Desktop/IRIS/emg_data/closed_vocab/silent/5-19_silent/171_emg.npy,/Users/vedantdwivedi/Desktop/IRIS/silent_speech_alignments/text_alignments/5-9/5-9_171_audio.TextGrid,OTHER,2.19,2.59,0.3999999999999999,1314,1554,240
171,/Users/vedantdwivedi/Desktop/IRIS/emg_data/closed_vocab/silent/5-19_silent/171_emg.npy,/Users/vedantdwivedi/Desktop/IRIS/silent_speech_alignments/text_alignments/5-9/5-9_171_audio.TextGrid,ONE,3.38,3.88,0.5,2028,2328,300
172,/Users/vedantdwivedi/Desktop/IRIS/emg_data/closed_vocab/silent/5-19_silent/172_emg.npy,/Users/vedantdwivedi/Desktop/IRIS/silent_speech_alignments/text_alignments/5-9/5-9_172_audio.TextGrid,LITTLE,1.09,1.45,0.3599999999999999,654,870,216
172,/Users/vedantdwivedi/Desktop/IRIS/emg_data/closed_vocab/silent/5-19_silent/172_emg.npy,/Users/vedantdwivedi/Desktop/IRIS/silent_speech_alignments/text_alignments/5-9/5-9_172_audio.TextGrid,COWLED,1.45,1.99,0.54,870,1194,324
172,/Users/vedantdwivedi/Desktop/IRIS/emg_data/closed_vocab/silent/5-19_silent/172_emg.npy,/Users/vedantdwivedi/Desktop/IRIS/silent_speech_alignments/text_alignments/5-9/5-9_172_audio.TextGrid,FIGURES,1.99,2.46,0.47,1194,1476,282
172,/Users/vedantdwivedi/Desktop/IRIS/emg_data/closed_vocab/silent/5-19_silent/172_emg.npy,/Users/vedantdwivedi/Desktop/IRIS/silent_speech_alignments/text_alignments/5-9/5-9_172_audio.TextGrid,THEY,2.5,2.63,0.1299999999999999,1500,1578,78
172,/Users/vedantdwivedi/Desktop/IRIS/emg_data/closed_vocab/silent/5-19_silent/172_emg.npy,/Users/vedantdwivedi/Desktop/IRIS/silent_speech_alignments/text_alignments/5-9/5-9_172_audio.TextGrid,SEEMED,2.63,2.93,0.30000000000000027,1578,1758,180
172,/Users/vedantdwivedi/Desktop/IRIS/emg_data/closed_vocab/silent/5-19_silent/172_emg.npy,/Users/vedantdwivedi/Desktop/IRIS/silent_speech_alignments/text_alignments/5-9/5-9_172_audio.TextGrid,AT,2.93,3.05,0.11999999999999966,1758,1830,72
172,/Users/vedantdwivedi/Desktop/IRIS/emg_data/closed_vocab/silent/5-19_silent/172_emg.npy,/Users/vedantdwivedi/Desktop/IRIS/silent_speech_alignments/text_alignments/5-9/5-9_172_audio.TextGrid,FIRST,3.05,3.59,0.54,1830,2154,324
172,/Users/vedantdwivedi/Desktop/IRIS/emg_data/closed_vocab/silent/5-19_silent/172_emg.npy,/Users/vedantdwivedi/Desktop/IRIS/silent_speech_alignments/text_alignments/5-9/5-9_172_audio.TextGrid,GOING,4.01,4.35,0.33999999999999986,2406,2424,18
173,/Users/vedantdwivedi/Desktop/IRIS/emg_data/closed_vocab/silent/5-19_silent/173_emg.npy,/Users/vedantdwivedi/Desktop/IRIS/silent_speech_alignments/text_alignments/5-9/5-9_173_audio.TextGrid,THEN,0.7,1.17,0.47,420,702,282
173,/Users/vedantdwivedi/Desktop/IRIS/emg_data/closed_vocab/silent/5-19_silent/173_emg.npy,/Users/vedantdwivedi/Desktop/IRIS/silent_speech_alignments/text_alignments/5-9/5-9_173_audio.TextGrid,ADVANCING,1.49,2.07,0.5799999999999998,894,1242,348
173,/Users/vedantdwivedi/Desktop/IRIS/emg_data/closed_vocab/silent/5-19_silent/173_emg.npy,/Users/vedantdwivedi/Desktop/IRIS/silent_speech_alignments/text_alignments/5-9/5-9_173_audio.TextGrid,OBLIQUELY,2.14,2.66,0.52,1284,1596,312
173,/Users/vedantdwivedi/Desktop/IRIS/emg_data/closed_vocab/silent/5-19_silent/173_emg.npy,/Users/vedantdwivedi/Desktop/IRIS/silent_speech_alignments/text_alignments/5-9/5-9_173_audio.TextGrid,TOWARDS,2.66,3.0,0.33999999999999986,1596,1800,204
173,/Users/vedantdwivedi/Desktop/IRIS/emg_data/closed_vocab/silent/5-19_silent/173_emg.npy,/Users/vedantdwivedi/Desktop/IRIS/silent_speech_alignments/text_alignments/5-9/5-9_173_audio.TextGrid,US,3.0,3.43,0.43000000000000016,1800,2058,258
173,/Users/vedantdwivedi/Desktop/IRIS/emg_data/closed_vocab/silent/5-19_silent/173_emg.npy,/Users/vedantdwivedi/Desktop/IRIS/silent_speech_alignments/text_alignments/5-9/5-9_173_audio.TextGrid,CAME,3.6,3.8,0.19999999999999973,2160,2280,120
173,/Users/vedantdwivedi/Desktop/IRIS/emg_data/closed_vocab/silent/5-19_silent/173_emg.npy,/Users/vedantdwivedi/Desktop/IRIS/silent_speech_alignments/text_alignments/5-9/5-9_173_audio.TextGrid,A,3.8,3.88,0.08000000000000007,2280,2328,48
173,/Users/vedantdwivedi/Desktop/IRIS/emg_data/closed_vocab/silent/5-19_silent/173_emg.npy,/Users/vedantdwivedi/Desktop/IRIS/silent_speech_alignments/text_alignments/5-9/5-9_173_audio.TextGrid,FIFTH,3.88,4.32,0.4400000000000004,2328,2592,264
174,/Users/vedantdwivedi/Desktop/IRIS/emg_data/closed_vocab/silent/5-19_silent/174_emg.npy,/Users/vedantdwivedi/Desktop/IRIS/silent_speech_alignments/text_alignments/5-9/5-9_174_audio.TextGrid,THEIR,0.98,1.22,0.24,588,732,144
174,/Users/vedantdwivedi/Desktop/IRIS/emg_data/closed_vocab/silent/5-19_silent/174_emg.npy,/Users/vedantdwivedi/Desktop/IRIS/silent_speech_alignments/text_alignments/5-9/5-9_174_audio.TextGrid,ARMOURED,1.22,1.51,0.29000000000000004,732,906,174
174,/Users/vedantdwivedi/Desktop/IRIS/emg_data/closed_vocab/silent/5-19_silent/174_emg.npy,/Users/vedantdwivedi/Desktop/IRIS/silent_speech_alignments/text_alignments/5-9/5-9_174_audio.TextGrid,BODIES,1.51,1.99,0.48,906,1194,288
174,/Users/vedantdwivedi/Desktop/IRIS/emg_data/closed_vocab/silent/5-19_silent/174_emg.npy,/Users/vedantdwivedi/Desktop/IRIS/silent_speech_alignments/text_alignments/5-9/5-9_174_audio.TextGrid,GLITTERED,1.99,2.42,0.42999999999999994,1194,1452,258
174,/Users/vedantdwivedi/Desktop/IRIS/emg_data/closed_vocab/silent/5-19_silent/174_emg.npy,/Users/vedantdwivedi/Desktop/IRIS/silent_speech_alignments/text_alignments/5-9/5-9_174_audio.TextGrid,IN,2.42,2.53,0.10999999999999988,1452,1518,66
174,/Users/vedantdwivedi/Desktop/IRIS/emg_data/closed_vocab/silent/5-19_silent/174_emg.npy,/Users/vedantdwivedi/Desktop/IRIS/silent_speech_alignments/text_alignments/5-9/5-9_174_audio.TextGrid,THE,2.53,2.63,0.10000000000000009,1518,1578,60
174,/Users/vedantdwivedi/Desktop/IRIS/emg_data/closed_vocab/silent/5-19_silent/174_emg.npy,/Users/vedantdwivedi/Desktop/IRIS/silent_speech_alignments/text_alignments/5-9/5-9_174_audio.TextGrid,SUN,2.63,3.1,0.4700000000000002,1578,1860,282
174,/Users/vedantdwivedi/Desktop/IRIS/emg_data/closed_vocab/silent/5-19_silent/174_emg.npy,/Users/vedantdwivedi/Desktop/IRIS/silent_speech_alignments/text_alignments/5-9/5-9_174_audio.TextGrid,AS,3.19,3.3,0.10999999999999988,1914,1980,66
174,/Users/vedantdwivedi/Desktop/IRIS/emg_data/closed_vocab/silent/5-19_silent/174_emg.npy,/Users/vedantdwivedi/Desktop/IRIS/silent_speech_alignments/text_alignments/5-9/5-9_174_audio.TextGrid,THEY,3.3,3.41,0.11000000000000032,1980,2046,66
174,/Users/vedantdwivedi/Desktop/IRIS/emg_data/closed_vocab/silent/5-19_silent/174_emg.npy,/Users/vedantdwivedi/Desktop/IRIS/silent_speech_alignments/text_alignments/5-9/5-9_174_audio.TextGrid,SWEPT,3.41,3.77,0.3599999999999999,2046,2262,216
174,/Users/vedantdwivedi/Desktop/IRIS/emg_data/closed_vocab/silent/5-19_silent/174_emg.npy,/Users/vedantdwivedi/Desktop/IRIS/silent_speech_alignments/text_alignments/5-9/5-9_174_audio.TextGrid,SWIFTLY,3.8,4.43,0.6299999999999999,2280,2658,378
174,/Users/vedantdwivedi/Desktop/IRIS/emg_data/closed_vocab/silent/5-19_silent/174_emg.npy,/Users/vedantdwivedi/Desktop/IRIS/silent_speech_alignments/text_alignments/5-9/5-9_174_audio.TextGrid,FORWARD,4.47,4.9,0.4300000000000006,2682,2916,234
180,/Users/vedantdwivedi/Desktop/IRIS/emg_data/closed_vocab/silent/5-19_silent/180_emg.npy,/Users/vedantdwivedi/Desktop/IRIS/silent_speech_alignments/text_alignments/5-9/5-9_180_audio.TextGrid,THEN,0.89,1.17,0.2799999999999999,534,702,168
180,/Users/vedantdwivedi/Desktop/IRIS/emg_data/closed_vocab/silent/5-19_silent/180_emg.npy,/Users/vedantdwivedi/Desktop/IRIS/silent_speech_alignments/text_alignments/5-9/5-9_180_audio.TextGrid,A,1.17,1.3,0.13000000000000012,702,780,78
180,/Users/vedantdwivedi/Desktop/IRIS/emg_data/closed_vocab/silent/5-19_silent/180_emg.npy,/Users/vedantdwivedi/Desktop/IRIS/silent_speech_alignments/text_alignments/5-9/5-9_180_audio.TextGrid,HOARSE,1.3,1.72,0.41999999999999993,780,1032,252
180,/Users/vedantdwivedi/Desktop/IRIS/emg_data/closed_vocab/silent/5-19_silent/180_emg.npy,/Users/vedantdwivedi/Desktop/IRIS/silent_speech_alignments/text_alignments/5-9/5-9_180_audio.TextGrid,MURMUR,1.72,2.27,0.55,1032,1362,330
180,/Users/vedantdwivedi/Desktop/IRIS/emg_data/closed_vocab/silent/5-19_silent/180_emg.npy,/Users/vedantdwivedi/Desktop/IRIS/silent_speech_alignments/text_alignments/5-9/5-9_180_audio.TextGrid,AND,2.66,2.79,0.1299999999999999,1596,1674,78
180,/Users/vedantdwivedi/Desktop/IRIS/emg_data/closed_vocab/silent/5-19_silent/180_emg.npy,/Users/vedantdwivedi/Desktop/IRIS/silent_speech_alignments/text_alignments/5-9/5-9_180_audio.TextGrid,A,2.79,2.84,0.04999999999999982,1674,1704,30
180,/Users/vedantdwivedi/Desktop/IRIS/emg_data/closed_vocab/silent/5-19_silent/180_emg.npy,/Users/vedantdwivedi/Desktop/IRIS/silent_speech_alignments/text_alignments/5-9/5-9_180_audio.TextGrid,MOVEMENT,2.84,3.18,0.3400000000000003,1704,1908,204
180,/Users/vedantdwivedi/Desktop/IRIS/emg_data/closed_vocab/silent/5-19_silent/180_emg.npy,/Users/vedantdwivedi/Desktop/IRIS/silent_speech_alignments/text_alignments/5-9/5-9_180_audio.TextGrid,OF,3.18,3.32,0.13999999999999968,1908,1992,84
180,/Users/vedantdwivedi/Desktop/IRIS/emg_data/closed_vocab/silent/5-19_silent/180_emg.npy,/Users/vedantdwivedi/Desktop/IRIS/silent_speech_alignments/text_alignments/5-9/5-9_180_audio.TextGrid,FEET,3.32,3.67,0.3500000000000001,1992,2124,132
181,/Users/vedantdwivedi/Desktop/IRIS/emg_data/closed_vocab/silent/5-19_silent/181_emg.npy,/Users/vedantdwivedi/Desktop/IRIS/silent_speech_alignments/text_alignments/5-9/5-9_181_audio.TextGrid,A,0.84,0.96,0.12,504,576,72
181,/Users/vedantdwivedi/Desktop/IRIS/emg_data/closed_vocab/silent/5-19_silent/181_emg.npy,/Users/vedantdwivedi/Desktop/IRIS/silent_speech_alignments/text_alignments/5-9/5-9_181_audio.TextGrid,MAN,0.96,1.45,0.49,576,870,294
181,/Users/vedantdwivedi/Desktop/IRIS/emg_data/closed_vocab/silent/5-19_silent/181_emg.npy,/Users/vedantdwivedi/Desktop/IRIS/silent_speech_alignments/text_alignments/5-9/5-9_181_audio.TextGrid,TOO,1.48,1.68,0.19999999999999996,888,1008,120
181,/Users/vedantdwivedi/Desktop/IRIS/emg_data/closed_vocab/silent/5-19_silent/181_emg.npy,/Users/vedantdwivedi/Desktop/IRIS/silent_speech_alignments/text_alignments/5-9/5-9_181_audio.TextGrid,FRIGHTENED,1.68,2.08,0.40000000000000013,1008,1248,240
181,/Users/vedantdwivedi/Desktop/IRIS/emg_data/closed_vocab/silent/5-19_silent/181_emg.npy,/Users/vedantdwivedi/Desktop/IRIS/silent_speech_alignments/text_alignments/5-9/5-9_181_audio.TextGrid,TO,2.11,2.25,0.14000000000000012,1266,1350,84
181,/Users/vedantdwivedi/Desktop/IRIS/emg_data/closed_vocab/silent/5-19_silent/181_emg.npy,/Users/vedantdwivedi/Desktop/IRIS/silent_speech_alignments/text_alignments/5-9/5-9_181_audio.TextGrid,DROP,2.25,2.63,0.3799999999999999,1350,1578,228
181,/Users/vedantdwivedi/Desktop/IRIS/emg_data/closed_vocab/silent/5-19_silent/181_emg.npy,/Users/vedantdwivedi/Desktop/IRIS/silent_speech_alignments/text_alignments/5-9/5-9_181_audio.TextGrid,THE,2.63,2.72,0.0900000000000003,1578,1632,54
181,/Users/vedantdwivedi/Desktop/IRIS/emg_data/closed_vocab/silent/5-19_silent/181_emg.npy,/Users/vedantdwivedi/Desktop/IRIS/silent_speech_alignments/text_alignments/5-9/5-9_181_audio.TextGrid,PORTMANTEAU,2.72,3.47,0.75,1632,2082,450
181,/Users/vedantdwivedi/Desktop/IRIS/emg_data/closed_vocab/silent/5-19_silent/181_emg.npy,/Users/vedantdwivedi/Desktop/IRIS/silent_speech_alignments/text_alignments/5-9/5-9_181_audio.TextGrid,HE,3.47,3.58,0.10999999999999988,2082,2148,66
181,/Users/vedantdwivedi/Desktop/IRIS/emg_data/closed_vocab/silent/5-19_silent/181_emg.npy,/Users/vedantdwivedi/Desktop/IRIS/silent_speech_alignments/text_alignments/5-9/5-9_181_audio.TextGrid,CARRIED,3.58,4.03,0.4500000000000002,2148,2418,270
181,/Users/vedantdwivedi/Desktop/IRIS/emg_data/closed_vocab/silent/5-19_silent/181_emg.npy,/Users/vedantdwivedi/Desktop/IRIS/silent_speech_alignments/text_alignments/5-9/5-9_181_audio.TextGrid,ON,4.15,4.27,0.11999999999999922,2490,2562,72
181,/Users/vedantdwivedi/Desktop/IRIS/emg_data/closed_vocab/silent/5-19_silent/181_emg.npy,/Users/vedantdwivedi/Desktop/IRIS/silent_speech_alignments/text_alignments/5-9/5-9_181_audio.TextGrid,HIS,4.27,4.42,0.15000000000000036,2562,2652,90
181,/Users/vedantdwivedi/Desktop/IRIS/emg_data/closed_vocab/silent/5-19_silent/181_emg.npy,/Users/vedantdwivedi/Desktop/IRIS/silent_speech_alignments/text_alignments/5-9/5-9_181_audio.TextGrid,SHOULDER,4.42,4.91,0.4900000000000002,2652,2946,294
182,/Users/vedantdwivedi/Desktop/IRIS/emg_data/closed_vocab/silent/5-19_silent/182_emg.npy,/Users/vedantdwivedi/Desktop/IRIS/silent_speech_alignments/text_alignments/5-9/5-9_182_audio.TextGrid,A,0.94,1.08,0.14000000000000012,564,648,84
182,/Users/vedantdwivedi/Desktop/IRIS/emg_data/closed_vocab/silent/5-19_silent/182_emg.npy,/Users/vedantdwivedi/Desktop/IRIS/silent_speech_alignments/text_alignments/5-9/5-9_182_audio.TextGrid,WOMAN,1.08,1.42,0.33999999999999986,648,852,204
182,/Users/vedantdwivedi/Desktop/IRIS/emg_data/closed_vocab/silent/5-19_silent/182_emg.npy,/Users/vedantdwivedi/Desktop/IRIS/silent_speech_alignments/text_alignments/5-9/5-9_182_audio.TextGrid,THRUST,1.42,1.84,0.42000000000000015,852,1104,252
182,/Users/vedantdwivedi/Desktop/IRIS/emg_data/closed_vocab/silent/5-19_silent/182_emg.npy,/Users/vedantdwivedi/Desktop/IRIS/silent_speech_alignments/text_alignments/5-9/5-9_182_audio.TextGrid,AT,1.84,1.94,0.09999999999999987,1104,1164,60
182,/Users/vedantdwivedi/Desktop/IRIS/emg_data/closed_vocab/silent/5-19_silent/182_emg.npy,/Users/vedantdwivedi/Desktop/IRIS/silent_speech_alignments/text_alignments/5-9/5-9_182_audio.TextGrid,ME,1.94,2.23,0.29000000000000004,1164,1338,174
182,/Users/vedantdwivedi/Desktop/IRIS/emg_data/closed_vocab/silent/5-19_silent/182_emg.npy,/Users/vedantdwivedi/Desktop/IRIS/silent_speech_alignments/text_alignments/5-9/5-9_182_audio.TextGrid,WITH,2.26,2.41,0.15000000000000036,1356,1446,90
182,/Users/vedantdwivedi/Desktop/IRIS/emg_data/closed_vocab/silent/5-19_silent/182_emg.npy,/Users/vedantdwivedi/Desktop/IRIS/silent_speech_alignments/text_alignments/5-9/5-9_182_audio.TextGrid,HER,2.41,2.58,0.16999999999999993,1446,1548,102
182,/Users/vedantdwivedi/Desktop/IRIS/emg_data/closed_vocab/silent/5-19_silent/182_emg.npy,/Users/vedantdwivedi/Desktop/IRIS/silent_speech_alignments/text_alignments/5-9/5-9_182_audio.TextGrid,HAND,2.58,2.99,0.41000000000000014,1548,1794,246
182,/Users/vedantdwivedi/Desktop/IRIS/emg_data/closed_vocab/silent/5-19_silent/182_emg.npy,/Users/vedantdwivedi/Desktop/IRIS/silent_speech_alignments/text_alignments/5-9/5-9_182_audio.TextGrid,AND,3.03,3.19,0.16000000000000014,1818,1914,96
182,/Users/vedantdwivedi/Desktop/IRIS/emg_data/closed_vocab/silent/5-19_silent/182_emg.npy,/Users/vedantdwivedi/Desktop/IRIS/silent_speech_alignments/text_alignments/5-9/5-9_182_audio.TextGrid,RUSHED,3.19,3.52,0.33000000000000007,1914,2112,198
182,/Users/vedantdwivedi/Desktop/IRIS/emg_data/closed_vocab/silent/5-19_silent/182_emg.npy,/Users/vedantdwivedi/Desktop/IRIS/silent_speech_alignments/text_alignments/5-9/5-9_182_audio.TextGrid,PAST,3.52,3.88,0.3599999999999999,2112,2328,216
182,/Users/vedantdwivedi/Desktop/IRIS/emg_data/closed_vocab/silent/5-19_silent/182_emg.npy,/Users/vedantdwivedi/Desktop/IRIS/silent_speech_alignments/text_alignments/5-9/5-9_182_audio.TextGrid,ME,3.88,4.12,0.2400000000000002,2328,2472,144
184,/Users/vedantdwivedi/Desktop/IRIS/emg_data/closed_vocab/silent/5-19_silent/184_emg.npy,/Users/vedantdwivedi/Desktop/IRIS/silent_speech_alignments/text_alignments/5-9/5-9_184_audio.TextGrid,THE,0.73,0.83,0.09999999999999998,438,498,60
185,/Users/vedantdwivedi/Desktop/IRIS/emg_data/closed_vocab/silent/5-19_silent/185_emg.npy,/Users/vedantdwivedi/Desktop/IRIS/silent_speech_alignments/text_alignments/5-9/5-9_185_audio.TextGrid,TO,1.64,1.78,0.14000000000000012,984,1068,84
185,/Users/vedantdwivedi/Desktop/IRIS/emg_data/closed_vocab/silent/5-19_silent/185_emg.npy,/Users/vedantdwivedi/Desktop/IRIS/silent_speech_alignments/text_alignments/5-9/5-9_185_audio.TextGrid,GET,1.78,2.06,0.28,1068,1236,168
185,/Users/vedantdwivedi/Desktop/IRIS/emg_data/closed_vocab/silent/5-19_silent/185_emg.npy,/Users/vedantdwivedi/Desktop/IRIS/silent_speech_alignments/text_alignments/5-9/5-9_185_audio.TextGrid,UNDER,2.06,2.29,0.22999999999999998,1236,1374,138
185,/Users/vedantdwivedi/Desktop/IRIS/emg_data/closed_vocab/silent/5-19_silent/185_emg.npy,/Users/vedantdwivedi/Desktop/IRIS/silent_speech_alignments/text_alignments/5-9/5-9_185_audio.TextGrid,WATER,2.29,2.77,0.48,1374,1662,288
186,/Users/vedantdwivedi/Desktop/IRIS/emg_data/closed_vocab/silent/5-19_silent/186_emg.npy,/Users/vedantdwivedi/Desktop/IRIS/silent_speech_alignments/text_alignments/5-9/5-9_186_audio.TextGrid,THAT,0.57,0.88,0.31000000000000005,342,528,186
186,/Users/vedantdwivedi/Desktop/IRIS/emg_data/closed_vocab/silent/5-19_silent/186_emg.npy,/Users/vedantdwivedi/Desktop/IRIS/silent_speech_alignments/text_alignments/5-9/5-9_186_audio.TextGrid,WAS,0.88,1.05,0.17000000000000004,528,630,102
186,/Users/vedantdwivedi/Desktop/IRIS/emg_data/closed_vocab/silent/5-19_silent/186_emg.npy,/Users/vedantdwivedi/Desktop/IRIS/silent_speech_alignments/text_alignments/5-9/5-9_186_audio.TextGrid,IT,1.05,1.3,0.25,630,780,150
187,/Users/vedantdwivedi/Desktop/IRIS/emg_data/closed_vocab/silent/5-19_silent/187_emg.npy,/Users/vedantdwivedi/Desktop/IRIS/silent_speech_alignments/text_alignments/5-9/5-9_187_audio.TextGrid,GET,0.77,1.0,0.22999999999999998,462,600,138
187,/Users/vedantdwivedi/Desktop/IRIS/emg_data/closed_vocab/silent/5-19_silent/187_emg.npy,/Users/vedantdwivedi/Desktop/IRIS/silent_speech_alignments/text_alignments/5-9/5-9_187_audio.TextGrid,UNDER,1.0,1.25,0.25,600,750,150
187,/Users/vedantdwivedi/Desktop/IRIS/emg_data/closed_vocab/silent/5-19_silent/187_emg.npy,/Users/vedantdwivedi/Desktop/IRIS/silent_speech_alignments/text_alignments/5-9/5-9_187_audio.TextGrid,WATER,1.25,1.62,0.3700000000000001,750,972,222
187,/Users/vedantdwivedi/Desktop/IRIS/emg_data/closed_vocab/silent/5-19_silent/187_emg.npy,/Users/vedantdwivedi/Desktop/IRIS/silent_speech_alignments/text_alignments/5-9/5-9_187_audio.TextGrid,I,1.62,1.68,0.05999999999999983,972,1008,36
187,/Users/vedantdwivedi/Desktop/IRIS/emg_data/closed_vocab/silent/5-19_silent/187_emg.npy,/Users/vedantdwivedi/Desktop/IRIS/silent_speech_alignments/text_alignments/5-9/5-9_187_audio.TextGrid,SHOUTED,1.68,2.17,0.49,1008,1302,294
187,/Users/vedantdwivedi/Desktop/IRIS/emg_data/closed_vocab/silent/5-19_silent/187_emg.npy,/Users/vedantdwivedi/Desktop/IRIS/silent_speech_alignments/text_alignments/5-9/5-9_187_audio.TextGrid,UNHEEDED,2.49,3.15,0.6599999999999997,1494,1890,396
188,/Users/vedantdwivedi/Desktop/IRIS/emg_data/closed_vocab/silent/5-19_silent/188_emg.npy,/Users/vedantdwivedi/Desktop/IRIS/silent_speech_alignments/text_alignments/5-9/5-9_188_audio.TextGrid,I,1.07,1.2,0.1299999999999999,642,720,78
188,/Users/vedantdwivedi/Desktop/IRIS/emg_data/closed_vocab/silent/5-19_silent/188_emg.npy,/Users/vedantdwivedi/Desktop/IRIS/silent_speech_alignments/text_alignments/5-9/5-9_188_audio.TextGrid,FACED,1.2,1.55,0.3500000000000001,720,930,210
188,/Users/vedantdwivedi/Desktop/IRIS/emg_data/closed_vocab/silent/5-19_silent/188_emg.npy,/Users/vedantdwivedi/Desktop/IRIS/silent_speech_alignments/text_alignments/5-9/5-9_188_audio.TextGrid,ABOUT,1.55,1.8,0.25,930,1080,150
188,/Users/vedantdwivedi/Desktop/IRIS/emg_data/closed_vocab/silent/5-19_silent/188_emg.npy,/Users/vedantdwivedi/Desktop/IRIS/silent_speech_alignments/text_alignments/5-9/5-9_188_audio.TextGrid,AGAIN,1.8,2.28,0.47999999999999976,1080,1368,288
188,/Users/vedantdwivedi/Desktop/IRIS/emg_data/closed_vocab/silent/5-19_silent/188_emg.npy,/Users/vedantdwivedi/Desktop/IRIS/silent_speech_alignments/text_alignments/5-9/5-9_188_audio.TextGrid,AND,2.8,2.97,0.17000000000000037,1680,1782,102
188,/Users/vedantdwivedi/Desktop/IRIS/emg_data/closed_vocab/silent/5-19_silent/188_emg.npy,/Users/vedantdwivedi/Desktop/IRIS/silent_speech_alignments/text_alignments/5-9/5-9_188_audio.TextGrid,RUSHED,2.97,3.39,0.41999999999999993,1782,2034,252
188,/Users/vedantdwivedi/Desktop/IRIS/emg_data/closed_vocab/silent/5-19_silent/188_emg.npy,/Users/vedantdwivedi/Desktop/IRIS/silent_speech_alignments/text_alignments/5-9/5-9_188_audio.TextGrid,TOWARDS,3.39,3.65,0.2599999999999998,2034,2190,156
188,/Users/vedantdwivedi/Desktop/IRIS/emg_data/closed_vocab/silent/5-19_silent/188_emg.npy,/Users/vedantdwivedi/Desktop/IRIS/silent_speech_alignments/text_alignments/5-9/5-9_188_audio.TextGrid,THE,3.65,3.75,0.10000000000000009,2190,2250,60
188,/Users/vedantdwivedi/Desktop/IRIS/emg_data/closed_vocab/silent/5-19_silent/188_emg.npy,/Users/vedantdwivedi/Desktop/IRIS/silent_speech_alignments/text_alignments/5-9/5-9_188_audio.TextGrid,APPROACHING,3.75,4.2,0.4500000000000002,2250,2502,252
189,/Users/vedantdwivedi/Desktop/IRIS/emg_data/closed_vocab/silent/5-19_silent/189_emg.npy,/Users/vedantdwivedi/Desktop/IRIS/silent_speech_alignments/text_alignments/5-9/5-9_189_audio.TextGrid,OTHERS,1.14,1.49,0.3500000000000001,684,894,210
189,/Users/vedantdwivedi/Desktop/IRIS/emg_data/closed_vocab/silent/5-19_silent/189_emg.npy,/Users/vedantdwivedi/Desktop/IRIS/silent_speech_alignments/text_alignments/5-9/5-9_189_audio.TextGrid,DID,1.49,1.63,0.1399999999999999,894,978,84
189,/Users/vedantdwivedi/Desktop/IRIS/emg_data/closed_vocab/silent/5-19_silent/189_emg.npy,/Users/vedantdwivedi/Desktop/IRIS/silent_speech_alignments/text_alignments/5-9/5-9_189_audio.TextGrid,THE,1.63,1.72,0.09000000000000008,978,1032,54
189,/Users/vedantdwivedi/Desktop/IRIS/emg_data/closed_vocab/silent/5-19_silent/189_emg.npy,/Users/vedantdwivedi/Desktop/IRIS/silent_speech_alignments/text_alignments/5-9/5-9_189_audio.TextGrid,SAME,1.72,2.25,0.53,1032,1350,318
18,/Users/vedantdwivedi/Desktop/IRIS/emg_data/closed_vocab/silent/5-19_silent/18_emg.npy,/Users/vedantdwivedi/Desktop/IRIS/silent_speech_alignments/text_alignments/5-9/5-9_18_audio.TextGrid,HE,0.74,0.9,0.16000000000000003,444,540,96
18,/Users/vedantdwivedi/Desktop/IRIS/emg_data/closed_vocab/silent/5-19_silent/18_emg.npy,/Users/vedantdwivedi/Desktop/IRIS/silent_speech_alignments/text_alignments/5-9/5-9_18_audio.TextGrid,MADE,0.9,1.14,0.23999999999999988,540,684,144
18,/Users/vedantdwivedi/Desktop/IRIS/emg_data/closed_vocab/silent/5-19_silent/18_emg.npy,/Users/vedantdwivedi/Desktop/IRIS/silent_speech_alignments/text_alignments/5-9/5-9_18_audio.TextGrid,ME,1.14,1.25,0.1100000000000001,684,750,66
18,/Users/vedantdwivedi/Desktop/IRIS/emg_data/closed_vocab/silent/5-19_silent/18_emg.npy,/Users/vedantdwivedi/Desktop/IRIS/silent_speech_alignments/text_alignments/5-9/5-9_18_audio.TextGrid,RANSACK,1.25,1.75,0.5,750,1050,300
18,/Users/vedantdwivedi/Desktop/IRIS/emg_data/closed_vocab/silent/5-19_silent/18_emg.npy,/Users/vedantdwivedi/Desktop/IRIS/silent_speech_alignments/text_alignments/5-9/5-9_18_audio.TextGrid,THE,1.75,1.83,0.08000000000000007,1050,1098,48
18,/Users/vedantdwivedi/Desktop/IRIS/emg_data/closed_vocab/silent/5-19_silent/18_emg.npy,/Users/vedantdwivedi/Desktop/IRIS/silent_speech_alignments/text_alignments/5-9/5-9_18_audio.TextGrid,HOUSE,1.83,2.28,0.44999999999999973,1098,1368,270
18,/Users/vedantdwivedi/Desktop/IRIS/emg_data/closed_vocab/silent/5-19_silent/18_emg.npy,/Users/vedantdwivedi/Desktop/IRIS/silent_speech_alignments/text_alignments/5-9/5-9_18_audio.TextGrid,FOR,2.32,2.55,0.22999999999999998,1392,1530,138
18,/Users/vedantdwivedi/Desktop/IRIS/emg_data/closed_vocab/silent/5-19_silent/18_emg.npy,/Users/vedantdwivedi/Desktop/IRIS/silent_speech_alignments/text_alignments/5-9/5-9_18_audio.TextGrid,A,2.55,2.58,0.03000000000000025,1530,1548,18
18,/Users/vedantdwivedi/Desktop/IRIS/emg_data/closed_vocab/silent/5-19_silent/18_emg.npy,/Users/vedantdwivedi/Desktop/IRIS/silent_speech_alignments/text_alignments/5-9/5-9_18_audio.TextGrid,FLASK,2.58,3.18,0.6000000000000001,1548,1908,360
18,/Users/vedantdwivedi/Desktop/IRIS/emg_data/closed_vocab/silent/5-19_silent/18_emg.npy,/Users/vedantdwivedi/Desktop/IRIS/silent_speech_alignments/text_alignments/5-9/5-9_18_audio.TextGrid,WHICH,3.63,3.8,0.16999999999999993,2178,2280,102
18,/Users/vedantdwivedi/Desktop/IRIS/emg_data/closed_vocab/silent/5-19_silent/18_emg.npy,/Users/vedantdwivedi/Desktop/IRIS/silent_speech_alignments/text_alignments/5-9/5-9_18_audio.TextGrid,HE,3.8,3.93,0.13000000000000034,2280,2358,78
18,/Users/vedantdwivedi/Desktop/IRIS/emg_data/closed_vocab/silent/5-19_silent/18_emg.npy,/Users/vedantdwivedi/Desktop/IRIS/silent_speech_alignments/text_alignments/5-9/5-9_18_audio.TextGrid,FILLED,3.93,4.2,0.27,2358,2520,162
18,/Users/vedantdwivedi/Desktop/IRIS/emg_data/closed_vocab/silent/5-19_silent/18_emg.npy,/Users/vedantdwivedi/Desktop/IRIS/silent_speech_alignments/text_alignments/5-9/5-9_18_audio.TextGrid,WITH,4.2,4.34,0.13999999999999968,2520,2604,84
18,/Users/vedantdwivedi/Desktop/IRIS/emg_data/closed_vocab/silent/5-19_silent/18_emg.npy,/Users/vedantdwivedi/Desktop/IRIS/silent_speech_alignments/text_alignments/5-9/5-9_18_audio.TextGrid,WHISKY,4.34,4.89,0.5499999999999998,2604,2796,192
190,/Users/vedantdwivedi/Desktop/IRIS/emg_data/closed_vocab/silent/5-19_silent/190_emg.npy,/Users/vedantdwivedi/Desktop/IRIS/silent_speech_alignments/text_alignments/5-9/5-9_190_audio.TextGrid,A,0.88,0.98,0.09999999999999998,528,588,60
190,/Users/vedantdwivedi/Desktop/IRIS/emg_data/closed_vocab/silent/5-19_silent/190_emg.npy,/Users/vedantdwivedi/Desktop/IRIS/silent_speech_alignments/text_alignments/5-9/5-9_190_audio.TextGrid,BOATLOAD,0.98,1.42,0.43999999999999995,588,852,264
190,/Users/vedantdwivedi/Desktop/IRIS/emg_data/closed_vocab/silent/5-19_silent/190_emg.npy,/Users/vedantdwivedi/Desktop/IRIS/silent_speech_alignments/text_alignments/5-9/5-9_190_audio.TextGrid,OF,1.42,1.55,0.13000000000000012,852,930,78
190,/Users/vedantdwivedi/Desktop/IRIS/emg_data/closed_vocab/silent/5-19_silent/190_emg.npy,/Users/vedantdwivedi/Desktop/IRIS/silent_speech_alignments/text_alignments/5-9/5-9_190_audio.TextGrid,PEOPLE,1.55,2.08,0.53,930,1248,318
190,/Users/vedantdwivedi/Desktop/IRIS/emg_data/closed_vocab/silent/5-19_silent/190_emg.npy,/Users/vedantdwivedi/Desktop/IRIS/silent_speech_alignments/text_alignments/5-9/5-9_190_audio.TextGrid,PUTTING,2.64,2.97,0.33000000000000007,1584,1782,198
190,/Users/vedantdwivedi/Desktop/IRIS/emg_data/closed_vocab/silent/5-19_silent/190_emg.npy,/Users/vedantdwivedi/Desktop/IRIS/silent_speech_alignments/text_alignments/5-9/5-9_190_audio.TextGrid,BACK,2.97,3.42,0.44999999999999973,1782,2052,270
190,/Users/vedantdwivedi/Desktop/IRIS/emg_data/closed_vocab/silent/5-19_silent/190_emg.npy,/Users/vedantdwivedi/Desktop/IRIS/silent_speech_alignments/text_alignments/5-9/5-9_190_audio.TextGrid,CAME,3.84,4.16,0.3200000000000003,2304,2496,192
190,/Users/vedantdwivedi/Desktop/IRIS/emg_data/closed_vocab/silent/5-19_silent/190_emg.npy,/Users/vedantdwivedi/Desktop/IRIS/silent_speech_alignments/text_alignments/5-9/5-9_190_audio.TextGrid,LEAPING,4.16,4.53,0.3700000000000001,2496,2718,222
190,/Users/vedantdwivedi/Desktop/IRIS/emg_data/closed_vocab/silent/5-19_silent/190_emg.npy,/Users/vedantdwivedi/Desktop/IRIS/silent_speech_alignments/text_alignments/5-9/5-9_190_audio.TextGrid,OUT,4.53,4.78,0.25,2718,2838,120
191,/Users/vedantdwivedi/Desktop/IRIS/emg_data/closed_vocab/silent/5-19_silent/191_emg.npy,/Users/vedantdwivedi/Desktop/IRIS/silent_speech_alignments/text_alignments/5-9/5-9_191_audio.TextGrid,THE,0.77,0.89,0.12,462,534,72
191,/Users/vedantdwivedi/Desktop/IRIS/emg_data/closed_vocab/silent/5-19_silent/191_emg.npy,/Users/vedantdwivedi/Desktop/IRIS/silent_speech_alignments/text_alignments/5-9/5-9_191_audio.TextGrid,STONES,0.89,1.3,0.41000000000000003,534,780,246
191,/Users/vedantdwivedi/Desktop/IRIS/emg_data/closed_vocab/silent/5-19_silent/191_emg.npy,/Users/vedantdwivedi/Desktop/IRIS/silent_speech_alignments/text_alignments/5-9/5-9_191_audio.TextGrid,UNDER,1.3,1.48,0.17999999999999994,780,888,108
191,/Users/vedantdwivedi/Desktop/IRIS/emg_data/closed_vocab/silent/5-19_silent/191_emg.npy,/Users/vedantdwivedi/Desktop/IRIS/silent_speech_alignments/text_alignments/5-9/5-9_191_audio.TextGrid,MY,1.48,1.62,0.14000000000000012,888,972,84
191,/Users/vedantdwivedi/Desktop/IRIS/emg_data/closed_vocab/silent/5-19_silent/191_emg.npy,/Users/vedantdwivedi/Desktop/IRIS/silent_speech_alignments/text_alignments/5-9/5-9_191_audio.TextGrid,FEET,1.62,2.01,0.3899999999999997,972,1206,234
191,/Users/vedantdwivedi/Desktop/IRIS/emg_data/closed_vocab/silent/5-19_silent/191_emg.npy,/Users/vedantdwivedi/Desktop/IRIS/silent_speech_alignments/text_alignments/5-9/5-9_191_audio.TextGrid,WERE,2.24,2.39,0.1499999999999999,1344,1434,90
191,/Users/vedantdwivedi/Desktop/IRIS/emg_data/closed_vocab/silent/5-19_silent/191_emg.npy,/Users/vedantdwivedi/Desktop/IRIS/silent_speech_alignments/text_alignments/5-9/5-9_191_audio.TextGrid,MUDDY,2.39,2.69,0.2999999999999998,1434,1614,180
191,/Users/vedantdwivedi/Desktop/IRIS/emg_data/closed_vocab/silent/5-19_silent/191_emg.npy,/Users/vedantdwivedi/Desktop/IRIS/silent_speech_alignments/text_alignments/5-9/5-9_191_audio.TextGrid,AND,2.69,2.82,0.1299999999999999,1614,1692,78
191,/Users/vedantdwivedi/Desktop/IRIS/emg_data/closed_vocab/silent/5-19_silent/191_emg.npy,/Users/vedantdwivedi/Desktop/IRIS/silent_speech_alignments/text_alignments/5-9/5-9_191_audio.TextGrid,SLIPPERY,2.82,3.42,0.6000000000000001,1692,2052,360
191,/Users/vedantdwivedi/Desktop/IRIS/emg_data/closed_vocab/silent/5-19_silent/191_emg.npy,/Users/vedantdwivedi/Desktop/IRIS/silent_speech_alignments/text_alignments/5-9/5-9_191_audio.TextGrid,AND,3.66,3.77,0.10999999999999988,2196,2262,66
191,/Users/vedantdwivedi/Desktop/IRIS/emg_data/closed_vocab/silent/5-19_silent/191_emg.npy,/Users/vedantdwivedi/Desktop/IRIS/silent_speech_alignments/text_alignments/5-9/5-9_191_audio.TextGrid,THE,3.77,3.87,0.10000000000000009,2262,2322,60
191,/Users/vedantdwivedi/Desktop/IRIS/emg_data/closed_vocab/silent/5-19_silent/191_emg.npy,/Users/vedantdwivedi/Desktop/IRIS/silent_speech_alignments/text_alignments/5-9/5-9_191_audio.TextGrid,RIVER,3.87,4.3,0.4299999999999997,2322,2580,258
191,/Users/vedantdwivedi/Desktop/IRIS/emg_data/closed_vocab/silent/5-19_silent/191_emg.npy,/Users/vedantdwivedi/Desktop/IRIS/silent_speech_alignments/text_alignments/5-9/5-9_191_audio.TextGrid,WAS,4.41,4.59,0.17999999999999972,2646,2724,78
192,/Users/vedantdwivedi/Desktop/IRIS/emg_data/closed_vocab/silent/5-19_silent/192_emg.npy,/Users/vedantdwivedi/Desktop/IRIS/silent_speech_alignments/text_alignments/5-9/5-9_192_audio.TextGrid,THEN,0.75,1.22,0.47,450,500,50
193,/Users/vedantdwivedi/Desktop/IRIS/emg_data/closed_vocab/silent/5-19_silent/193_emg.npy,/Users/vedantdwivedi/Desktop/IRIS/silent_speech_alignments/text_alignments/5-9/5-9_193_audio.TextGrid,THE,0.66,0.76,0.09999999999999998,396,456,60
193,/Users/vedantdwivedi/Desktop/IRIS/emg_data/closed_vocab/silent/5-19_silent/193_emg.npy,/Users/vedantdwivedi/Desktop/IRIS/silent_speech_alignments/text_alignments/5-9/5-9_193_audio.TextGrid,SPLASHES,0.76,1.21,0.44999999999999996,456,500,44
194,/Users/vedantdwivedi/Desktop/IRIS/emg_data/closed_vocab/silent/5-19_silent/194_emg.npy,/Users/vedantdwivedi/Desktop/IRIS/silent_speech_alignments/text_alignments/5-9/5-9_194_audio.TextGrid,PEOPLE,0.79,1.13,0.33999999999999986,474,678,204
194,/Users/vedantdwivedi/Desktop/IRIS/emg_data/closed_vocab/silent/5-19_silent/194_emg.npy,/Users/vedantdwivedi/Desktop/IRIS/silent_speech_alignments/text_alignments/5-9/5-9_194_audio.TextGrid,WERE,1.13,1.29,0.16000000000000014,678,774,96
194,/Users/vedantdwivedi/Desktop/IRIS/emg_data/closed_vocab/silent/5-19_silent/194_emg.npy,/Users/vedantdwivedi/Desktop/IRIS/silent_speech_alignments/text_alignments/5-9/5-9_194_audio.TextGrid,LANDING,1.29,1.79,0.5,774,1074,300
194,/Users/vedantdwivedi/Desktop/IRIS/emg_data/closed_vocab/silent/5-19_silent/194_emg.npy,/Users/vedantdwivedi/Desktop/IRIS/silent_speech_alignments/text_alignments/5-9/5-9_194_audio.TextGrid,HASTILY,2.0,2.51,0.5099999999999998,1200,1506,306
194,/Users/vedantdwivedi/Desktop/IRIS/emg_data/closed_vocab/silent/5-19_silent/194_emg.npy,/Users/vedantdwivedi/Desktop/IRIS/silent_speech_alignments/text_alignments/5-9/5-9_194_audio.TextGrid,ON,2.51,2.65,0.14000000000000012,1506,1590,84
194,/Users/vedantdwivedi/Desktop/IRIS/emg_data/closed_vocab/silent/5-19_silent/194_emg.npy,/Users/vedantdwivedi/Desktop/IRIS/silent_speech_alignments/text_alignments/5-9/5-9_194_audio.TextGrid,BOTH,2.65,2.91,0.26000000000000023,1590,1746,156
194,/Users/vedantdwivedi/Desktop/IRIS/emg_data/closed_vocab/silent/5-19_silent/194_emg.npy,/Users/vedantdwivedi/Desktop/IRIS/silent_speech_alignments/text_alignments/5-9/5-9_194_audio.TextGrid,SIDES,2.91,3.32,0.4099999999999997,1746,1992,246
194,/Users/vedantdwivedi/Desktop/IRIS/emg_data/closed_vocab/silent/5-19_silent/194_emg.npy,/Users/vedantdwivedi/Desktop/IRIS/silent_speech_alignments/text_alignments/5-9/5-9_194_audio.TextGrid,OF,3.32,3.43,0.11000000000000032,1992,2058,66
194,/Users/vedantdwivedi/Desktop/IRIS/emg_data/closed_vocab/silent/5-19_silent/194_emg.npy,/Users/vedantdwivedi/Desktop/IRIS/silent_speech_alignments/text_alignments/5-9/5-9_194_audio.TextGrid,THE,3.43,3.49,0.06000000000000005,2058,2094,36
194,/Users/vedantdwivedi/Desktop/IRIS/emg_data/closed_vocab/silent/5-19_silent/194_emg.npy,/Users/vedantdwivedi/Desktop/IRIS/silent_speech_alignments/text_alignments/5-9/5-9_194_audio.TextGrid,RIVER,3.49,3.86,0.36999999999999966,2094,2316,222
195,/Users/vedantdwivedi/Desktop/IRIS/emg_data/closed_vocab/silent/5-19_silent/195_emg.npy,/Users/vedantdwivedi/Desktop/IRIS/silent_speech_alignments/text_alignments/5-9/5-9_195_audio.TextGrid,BUT,1.12,1.27,0.1499999999999999,672,762,90
195,/Users/vedantdwivedi/Desktop/IRIS/emg_data/closed_vocab/silent/5-19_silent/195_emg.npy,/Users/vedantdwivedi/Desktop/IRIS/silent_speech_alignments/text_alignments/5-9/5-9_195_audio.TextGrid,THE,1.27,1.35,0.08000000000000007,762,810,48
195,/Users/vedantdwivedi/Desktop/IRIS/emg_data/closed_vocab/silent/5-19_silent/195_emg.npy,/Users/vedantdwivedi/Desktop/IRIS/silent_speech_alignments/text_alignments/5-9/5-9_195_audio.TextGrid,MARTIAN,1.35,1.88,0.5299999999999998,810,1128,318
195,/Users/vedantdwivedi/Desktop/IRIS/emg_data/closed_vocab/silent/5-19_silent/195_emg.npy,/Users/vedantdwivedi/Desktop/IRIS/silent_speech_alignments/text_alignments/5-9/5-9_195_audio.TextGrid,MACHINE,1.91,2.46,0.55,1146,1476,330
195,/Users/vedantdwivedi/Desktop/IRIS/emg_data/closed_vocab/silent/5-19_silent/195_emg.npy,/Users/vedantdwivedi/Desktop/IRIS/silent_speech_alignments/text_alignments/5-9/5-9_195_audio.TextGrid,TOOK,2.49,2.75,0.2599999999999998,1494,1650,156
195,/Users/vedantdwivedi/Desktop/IRIS/emg_data/closed_vocab/silent/5-19_silent/195_emg.npy,/Users/vedantdwivedi/Desktop/IRIS/silent_speech_alignments/text_alignments/5-9/5-9_195_audio.TextGrid,NO,3.0,3.28,0.2799999999999998,1800,1968,168
195,/Users/vedantdwivedi/Desktop/IRIS/emg_data/closed_vocab/silent/5-19_silent/195_emg.npy,/Users/vedantdwivedi/Desktop/IRIS/silent_speech_alignments/text_alignments/5-9/5-9_195_audio.TextGrid,MORE,3.28,3.52,0.2400000000000002,1968,2112,144
195,/Users/vedantdwivedi/Desktop/IRIS/emg_data/closed_vocab/silent/5-19_silent/195_emg.npy,/Users/vedantdwivedi/Desktop/IRIS/silent_speech_alignments/text_alignments/5-9/5-9_195_audio.TextGrid,NOTICE,3.52,4.1,0.5799999999999996,2112,2460,348
195,/Users/vedantdwivedi/Desktop/IRIS/emg_data/closed_vocab/silent/5-19_silent/195_emg.npy,/Users/vedantdwivedi/Desktop/IRIS/silent_speech_alignments/text_alignments/5-9/5-9_195_audio.TextGrid,FOR,4.43,4.54,0.11000000000000032,2658,2724,66
195,/Users/vedantdwivedi/Desktop/IRIS/emg_data/closed_vocab/silent/5-19_silent/195_emg.npy,/Users/vedantdwivedi/Desktop/IRIS/silent_speech_alignments/text_alignments/5-9/5-9_195_audio.TextGrid,THE,4.54,4.63,0.08999999999999986,2724,2778,54
195,/Users/vedantdwivedi/Desktop/IRIS/emg_data/closed_vocab/silent/5-19_silent/195_emg.npy,/Users/vedantdwivedi/Desktop/IRIS/silent_speech_alignments/text_alignments/5-9/5-9_195_audio.TextGrid,MOMENT,4.63,5.04,0.41000000000000014,2778,3024,246
195,/Users/vedantdwivedi/Desktop/IRIS/emg_data/closed_vocab/silent/5-19_silent/195_emg.npy,/Users/vedantdwivedi/Desktop/IRIS/silent_speech_alignments/text_alignments/5-9/5-9_195_audio.TextGrid,OF,5.1,5.25,0.15000000000000036,3060,3150,90
195,/Users/vedantdwivedi/Desktop/IRIS/emg_data/closed_vocab/silent/5-19_silent/195_emg.npy,/Users/vedantdwivedi/Desktop/IRIS/silent_speech_alignments/text_alignments/5-9/5-9_195_audio.TextGrid,THE,5.25,5.38,0.1299999999999999,3150,3228,78
195,/Users/vedantdwivedi/Desktop/IRIS/emg_data/closed_vocab/silent/5-19_silent/195_emg.npy,/Users/vedantdwivedi/Desktop/IRIS/silent_speech_alignments/text_alignments/5-9/5-9_195_audio.TextGrid,PEOPLE,5.38,5.91,0.5300000000000002,3228,3444,216
196,/Users/vedantdwivedi/Desktop/IRIS/emg_data/closed_vocab/silent/5-19_silent/196_emg.npy,/Users/vedantdwivedi/Desktop/IRIS/silent_speech_alignments/text_alignments/5-9/5-9_196_audio.TextGrid,WHEN,1.13,1.56,0.43000000000000016,678,936,258
196,/Users/vedantdwivedi/Desktop/IRIS/emg_data/closed_vocab/silent/5-19_silent/196_emg.npy,/Users/vedantdwivedi/Desktop/IRIS/silent_speech_alignments/text_alignments/5-9/5-9_196_audio.TextGrid,HALF,1.81,2.11,0.2999999999999998,1086,1266,180
196,/Users/vedantdwivedi/Desktop/IRIS/emg_data/closed_vocab/silent/5-19_silent/196_emg.npy,/Users/vedantdwivedi/Desktop/IRIS/silent_speech_alignments/text_alignments/5-9/5-9_196_audio.TextGrid,SUFFOCATED,2.11,2.74,0.6300000000000003,1266,1644,378
196,/Users/vedantdwivedi/Desktop/IRIS/emg_data/closed_vocab/silent/5-19_silent/196_emg.npy,/Users/vedantdwivedi/Desktop/IRIS/silent_speech_alignments/text_alignments/5-9/5-9_196_audio.TextGrid,I,3.01,3.15,0.14000000000000012,1806,1890,84
196,/Users/vedantdwivedi/Desktop/IRIS/emg_data/closed_vocab/silent/5-19_silent/196_emg.npy,/Users/vedantdwivedi/Desktop/IRIS/silent_speech_alignments/text_alignments/5-9/5-9_196_audio.TextGrid,RAISED,3.15,3.47,0.3200000000000003,1890,2082,192
196,/Users/vedantdwivedi/Desktop/IRIS/emg_data/closed_vocab/silent/5-19_silent/196_emg.npy,/Users/vedantdwivedi/Desktop/IRIS/silent_speech_alignments/text_alignments/5-9/5-9_196_audio.TextGrid,MY,3.47,3.59,0.11999999999999966,2082,2154,72
196,/Users/vedantdwivedi/Desktop/IRIS/emg_data/closed_vocab/silent/5-19_silent/196_emg.npy,/Users/vedantdwivedi/Desktop/IRIS/silent_speech_alignments/text_alignments/5-9/5-9_196_audio.TextGrid,HEAD,3.59,3.87,0.28000000000000025,2154,2322,168
196,/Users/vedantdwivedi/Desktop/IRIS/emg_data/closed_vocab/silent/5-19_silent/196_emg.npy,/Users/vedantdwivedi/Desktop/IRIS/silent_speech_alignments/text_alignments/5-9/5-9_196_audio.TextGrid,ABOVE,3.87,4.14,0.2699999999999996,2322,2484,162
196,/Users/vedantdwivedi/Desktop/IRIS/emg_data/closed_vocab/silent/5-19_silent/196_emg.npy,/Users/vedantdwivedi/Desktop/IRIS/silent_speech_alignments/text_alignments/5-9/5-9_196_audio.TextGrid,WATER,4.14,4.64,0.5,2484,2784,300
196,/Users/vedantdwivedi/Desktop/IRIS/emg_data/closed_vocab/silent/5-19_silent/196_emg.npy,/Users/vedantdwivedi/Desktop/IRIS/silent_speech_alignments/text_alignments/5-9/5-9_196_audio.TextGrid,THE,5.07,5.19,0.1200000000000001,3042,3114,72
196,/Users/vedantdwivedi/Desktop/IRIS/emg_data/closed_vocab/silent/5-19_silent/196_emg.npy,/Users/vedantdwivedi/Desktop/IRIS/silent_speech_alignments/text_alignments/5-9/5-9_196_audio.TextGrid,MARTIAN'S,5.19,5.62,0.4299999999999997,3114,3372,258
196,/Users/vedantdwivedi/Desktop/IRIS/emg_data/closed_vocab/silent/5-19_silent/196_emg.npy,/Users/vedantdwivedi/Desktop/IRIS/silent_speech_alignments/text_alignments/5-9/5-9_196_audio.TextGrid,HOOD,5.62,5.98,0.3600000000000003,3372,3588,216
197,/Users/vedantdwivedi/Desktop/IRIS/emg_data/closed_vocab/silent/5-19_silent/197_emg.npy,/Users/vedantdwivedi/Desktop/IRIS/silent_speech_alignments/text_alignments/5-9/5-9_197_audio.TextGrid,IN,1.19,1.3,0.1100000000000001,714,780,66
197,/Users/vedantdwivedi/Desktop/IRIS/emg_data/closed_vocab/silent/5-19_silent/197_emg.npy,/Users/vedantdwivedi/Desktop/IRIS/silent_speech_alignments/text_alignments/5-9/5-9_197_audio.TextGrid,ANOTHER,1.3,1.56,0.26,780,936,156
197,/Users/vedantdwivedi/Desktop/IRIS/emg_data/closed_vocab/silent/5-19_silent/197_emg.npy,/Users/vedantdwivedi/Desktop/IRIS/silent_speech_alignments/text_alignments/5-9/5-9_197_audio.TextGrid,MOMENT,1.56,1.97,0.4099999999999999,936,1182,246
197,/Users/vedantdwivedi/Desktop/IRIS/emg_data/closed_vocab/silent/5-19_silent/197_emg.npy,/Users/vedantdwivedi/Desktop/IRIS/silent_speech_alignments/text_alignments/5-9/5-9_197_audio.TextGrid,IT,2.26,2.36,0.10000000000000009,1356,1416,60
197,/Users/vedantdwivedi/Desktop/IRIS/emg_data/closed_vocab/silent/5-19_silent/197_emg.npy,/Users/vedantdwivedi/Desktop/IRIS/silent_speech_alignments/text_alignments/5-9/5-9_197_audio.TextGrid,WAS,2.36,2.54,0.18000000000000016,1416,1524,108
197,/Users/vedantdwivedi/Desktop/IRIS/emg_data/closed_vocab/silent/5-19_silent/197_emg.npy,/Users/vedantdwivedi/Desktop/IRIS/silent_speech_alignments/text_alignments/5-9/5-9_197_audio.TextGrid,ON,2.58,2.92,0.33999999999999986,1548,1752,204
197,/Users/vedantdwivedi/Desktop/IRIS/emg_data/closed_vocab/silent/5-19_silent/197_emg.npy,/Users/vedantdwivedi/Desktop/IRIS/silent_speech_alignments/text_alignments/5-9/5-9_197_audio.TextGrid,THE,2.92,2.99,0.07000000000000028,1752,1794,42
197,/Users/vedantdwivedi/Desktop/IRIS/emg_data/closed_vocab/silent/5-19_silent/197_emg.npy,/Users/vedantdwivedi/Desktop/IRIS/silent_speech_alignments/text_alignments/5-9/5-9_197_audio.TextGrid,BANK,2.99,3.39,0.3999999999999999,1794,2034,240
197,/Users/vedantdwivedi/Desktop/IRIS/emg_data/closed_vocab/silent/5-19_silent/197_emg.npy,/Users/vedantdwivedi/Desktop/IRIS/silent_speech_alignments/text_alignments/5-9/5-9_197_audio.TextGrid,AND,3.82,3.98,0.16000000000000014,2292,2388,96
197,/Users/vedantdwivedi/Desktop/IRIS/emg_data/closed_vocab/silent/5-19_silent/197_emg.npy,/Users/vedantdwivedi/Desktop/IRIS/silent_speech_alignments/text_alignments/5-9/5-9_197_audio.TextGrid,IN,3.98,4.08,0.10000000000000009,2388,2448,60
197,/Users/vedantdwivedi/Desktop/IRIS/emg_data/closed_vocab/silent/5-19_silent/197_emg.npy,/Users/vedantdwivedi/Desktop/IRIS/silent_speech_alignments/text_alignments/5-9/5-9_197_audio.TextGrid,A,4.08,4.16,0.08000000000000007,2448,2496,48
197,/Users/vedantdwivedi/Desktop/IRIS/emg_data/closed_vocab/silent/5-19_silent/197_emg.npy,/Users/vedantdwivedi/Desktop/IRIS/silent_speech_alignments/text_alignments/5-9/5-9_197_audio.TextGrid,STRIDE,4.16,4.78,0.6200000000000001,2496,2556,60
19,/Users/vedantdwivedi/Desktop/IRIS/emg_data/closed_vocab/silent/5-19_silent/19_emg.npy,/Users/vedantdwivedi/Desktop/IRIS/silent_speech_alignments/text_alignments/5-9/5-9_19_audio.TextGrid,THEN,0.98,1.11,0.13000000000000012,588,666,78
19,/Users/vedantdwivedi/Desktop/IRIS/emg_data/closed_vocab/silent/5-19_silent/19_emg.npy,/Users/vedantdwivedi/Desktop/IRIS/silent_speech_alignments/text_alignments/5-9/5-9_19_audio.TextGrid,WE,1.11,1.26,0.1499999999999999,666,756,90
19,/Users/vedantdwivedi/Desktop/IRIS/emg_data/closed_vocab/silent/5-19_silent/19_emg.npy,/Users/vedantdwivedi/Desktop/IRIS/silent_speech_alignments/text_alignments/5-9/5-9_19_audio.TextGrid,CREPT,1.26,1.63,0.3699999999999999,756,978,222
19,/Users/vedantdwivedi/Desktop/IRIS/emg_data/closed_vocab/silent/5-19_silent/19_emg.npy,/Users/vedantdwivedi/Desktop/IRIS/silent_speech_alignments/text_alignments/5-9/5-9_19_audio.TextGrid,OUT,1.63,1.74,0.1100000000000001,978,1044,66
19,/Users/vedantdwivedi/Desktop/IRIS/emg_data/closed_vocab/silent/5-19_silent/19_emg.npy,/Users/vedantdwivedi/Desktop/IRIS/silent_speech_alignments/text_alignments/5-9/5-9_19_audio.TextGrid,OF,1.74,1.82,0.08000000000000007,1044,1092,48
19,/Users/vedantdwivedi/Desktop/IRIS/emg_data/closed_vocab/silent/5-19_silent/19_emg.npy,/Users/vedantdwivedi/Desktop/IRIS/silent_speech_alignments/text_alignments/5-9/5-9_19_audio.TextGrid,THE,1.82,1.9,0.07999999999999985,1092,1140,48
19,/Users/vedantdwivedi/Desktop/IRIS/emg_data/closed_vocab/silent/5-19_silent/19_emg.npy,/Users/vedantdwivedi/Desktop/IRIS/silent_speech_alignments/text_alignments/5-9/5-9_19_audio.TextGrid,HOUSE,1.9,2.45,0.5500000000000003,1140,1470,330
19,/Users/vedantdwivedi/Desktop/IRIS/emg_data/closed_vocab/silent/5-19_silent/19_emg.npy,/Users/vedantdwivedi/Desktop/IRIS/silent_speech_alignments/text_alignments/5-9/5-9_19_audio.TextGrid,AND,2.69,2.86,0.16999999999999993,1614,1716,102
19,/Users/vedantdwivedi/Desktop/IRIS/emg_data/closed_vocab/silent/5-19_silent/19_emg.npy,/Users/vedantdwivedi/Desktop/IRIS/silent_speech_alignments/text_alignments/5-9/5-9_19_audio.TextGrid,RAN,2.86,3.15,0.29000000000000004,1716,1890,174
19,/Users/vedantdwivedi/Desktop/IRIS/emg_data/closed_vocab/silent/5-19_silent/19_emg.npy,/Users/vedantdwivedi/Desktop/IRIS/silent_speech_alignments/text_alignments/5-9/5-9_19_audio.TextGrid,AS,3.15,3.29,0.14000000000000012,1890,1974,84
19,/Users/vedantdwivedi/Desktop/IRIS/emg_data/closed_vocab/silent/5-19_silent/19_emg.npy,/Users/vedantdwivedi/Desktop/IRIS/silent_speech_alignments/text_alignments/5-9/5-9_19_audio.TextGrid,QUICKLY,3.29,3.63,0.33999999999999986,1974,2178,204
19,/Users/vedantdwivedi/Desktop/IRIS/emg_data/closed_vocab/silent/5-19_silent/19_emg.npy,/Users/vedantdwivedi/Desktop/IRIS/silent_speech_alignments/text_alignments/5-9/5-9_19_audio.TextGrid,AS,3.63,3.75,0.1200000000000001,2178,2250,72
19,/Users/vedantdwivedi/Desktop/IRIS/emg_data/closed_vocab/silent/5-19_silent/19_emg.npy,/Users/vedantdwivedi/Desktop/IRIS/silent_speech_alignments/text_alignments/5-9/5-9_19_audio.TextGrid,WE,3.75,3.87,0.1200000000000001,2250,2322,72
19,/Users/vedantdwivedi/Desktop/IRIS/emg_data/closed_vocab/silent/5-19_silent/19_emg.npy,/Users/vedantdwivedi/Desktop/IRIS/silent_speech_alignments/text_alignments/5-9/5-9_19_audio.TextGrid,COULD,3.87,4.24,0.3700000000000001,2322,2544,222
19,/Users/vedantdwivedi/Desktop/IRIS/emg_data/closed_vocab/silent/5-19_silent/19_emg.npy,/Users/vedantdwivedi/Desktop/IRIS/silent_speech_alignments/text_alignments/5-9/5-9_19_audio.TextGrid,DOWN,4.31,4.6,0.29000000000000004,2586,2760,174
19,/Users/vedantdwivedi/Desktop/IRIS/emg_data/closed_vocab/silent/5-19_silent/19_emg.npy,/Users/vedantdwivedi/Desktop/IRIS/silent_speech_alignments/text_alignments/5-9/5-9_19_audio.TextGrid,THE,4.6,4.77,0.16999999999999993,2760,2862,102
19,/Users/vedantdwivedi/Desktop/IRIS/emg_data/closed_vocab/silent/5-19_silent/19_emg.npy,/Users/vedantdwivedi/Desktop/IRIS/silent_speech_alignments/text_alignments/5-9/5-9_19_audio.TextGrid,ILL,4.77,5.02,0.25,2862,3012,150
19,/Users/vedantdwivedi/Desktop/IRIS/emg_data/closed_vocab/silent/5-19_silent/19_emg.npy,/Users/vedantdwivedi/Desktop/IRIS/silent_speech_alignments/text_alignments/5-9/5-9_19_audio.TextGrid,MADE,5.02,5.28,0.2600000000000007,3012,3018,6
202,/Users/vedantdwivedi/Desktop/IRIS/emg_data/closed_vocab/silent/5-19_silent/202_emg.npy,/Users/vedantdwivedi/Desktop/IRIS/silent_speech_alignments/text_alignments/5-9/5-9_202_audio.TextGrid,THE,1.27,1.38,0.10999999999999988,762,828,66
202,/Users/vedantdwivedi/Desktop/IRIS/emg_data/closed_vocab/silent/5-19_silent/202_emg.npy,/Users/vedantdwivedi/Desktop/IRIS/silent_speech_alignments/text_alignments/5-9/5-9_202_audio.TextGrid,SUDDEN,1.38,1.65,0.27,828,990,162
202,/Users/vedantdwivedi/Desktop/IRIS/emg_data/closed_vocab/silent/5-19_silent/202_emg.npy,/Users/vedantdwivedi/Desktop/IRIS/silent_speech_alignments/text_alignments/5-9/5-9_202_audio.TextGrid,NEAR,1.65,1.96,0.31000000000000005,990,1176,186
202,/Users/vedantdwivedi/Desktop/IRIS/emg_data/closed_vocab/silent/5-19_silent/202_emg.npy,/Users/vedantdwivedi/Desktop/IRIS/silent_speech_alignments/text_alignments/5-9/5-9_202_audio.TextGrid,CONCUSSION,1.96,2.67,0.71,1176,1602,426
202,/Users/vedantdwivedi/Desktop/IRIS/emg_data/closed_vocab/silent/5-19_silent/202_emg.npy,/Users/vedantdwivedi/Desktop/IRIS/silent_speech_alignments/text_alignments/5-9/5-9_202_audio.TextGrid,THE,3.28,3.4,0.1200000000000001,1968,2040,72
202,/Users/vedantdwivedi/Desktop/IRIS/emg_data/closed_vocab/silent/5-19_silent/202_emg.npy,/Users/vedantdwivedi/Desktop/IRIS/silent_speech_alignments/text_alignments/5-9/5-9_202_audio.TextGrid,LAST,3.4,3.75,0.3500000000000001,2040,2130,90
203,/Users/vedantdwivedi/Desktop/IRIS/emg_data/closed_vocab/silent/5-19_silent/203_emg.npy,/Users/vedantdwivedi/Desktop/IRIS/silent_speech_alignments/text_alignments/5-9/5-9_203_audio.TextGrid,THE,0.79,0.92,0.13,474,552,78
203,/Users/vedantdwivedi/Desktop/IRIS/emg_data/closed_vocab/silent/5-19_silent/203_emg.npy,/Users/vedantdwivedi/Desktop/IRIS/silent_speech_alignments/text_alignments/5-9/5-9_203_audio.TextGrid,MONSTER,0.92,1.52,0.6,552,912,360
203,/Users/vedantdwivedi/Desktop/IRIS/emg_data/closed_vocab/silent/5-19_silent/203_emg.npy,/Users/vedantdwivedi/Desktop/IRIS/silent_speech_alignments/text_alignments/5-9/5-9_203_audio.TextGrid,WAS,1.63,1.85,0.2200000000000002,978,1110,132
203,/Users/vedantdwivedi/Desktop/IRIS/emg_data/closed_vocab/silent/5-19_silent/203_emg.npy,/Users/vedantdwivedi/Desktop/IRIS/silent_speech_alignments/text_alignments/5-9/5-9_203_audio.TextGrid,ALREADY,1.85,2.19,0.33999999999999986,1110,1314,204
203,/Users/vedantdwivedi/Desktop/IRIS/emg_data/closed_vocab/silent/5-19_silent/203_emg.npy,/Users/vedantdwivedi/Desktop/IRIS/silent_speech_alignments/text_alignments/5-9/5-9_203_audio.TextGrid,RAISING,2.19,2.81,0.6200000000000001,1314,1686,372
203,/Users/vedantdwivedi/Desktop/IRIS/emg_data/closed_vocab/silent/5-19_silent/203_emg.npy,/Users/vedantdwivedi/Desktop/IRIS/silent_speech_alignments/text_alignments/5-9/5-9_203_audio.TextGrid,THE,3.21,3.34,0.1299999999999999,1926,2004,78
203,/Users/vedantdwivedi/Desktop/IRIS/emg_data/closed_vocab/silent/5-19_silent/203_emg.npy,/Users/vedantdwivedi/Desktop/IRIS/silent_speech_alignments/text_alignments/5-9/5-9_203_audio.TextGrid,CASE,3.34,3.79,0.4500000000000002,2004,2232,228
204,/Users/vedantdwivedi/Desktop/IRIS/emg_data/closed_vocab/silent/5-19_silent/204_emg.npy,/Users/vedantdwivedi/Desktop/IRIS/silent_speech_alignments/text_alignments/5-9/5-9_204_audio.TextGrid,I,0.8,0.93,0.13,480,558,78
204,/Users/vedantdwivedi/Desktop/IRIS/emg_data/closed_vocab/silent/5-19_silent/204_emg.npy,/Users/vedantdwivedi/Desktop/IRIS/silent_speech_alignments/text_alignments/5-9/5-9_204_audio.TextGrid,GAVE,0.93,1.16,0.22999999999999987,558,696,138
204,/Users/vedantdwivedi/Desktop/IRIS/emg_data/closed_vocab/silent/5-19_silent/204_emg.npy,/Users/vedantdwivedi/Desktop/IRIS/silent_speech_alignments/text_alignments/5-9/5-9_204_audio.TextGrid,A,1.16,1.23,0.07000000000000006,696,738,42
204,/Users/vedantdwivedi/Desktop/IRIS/emg_data/closed_vocab/silent/5-19_silent/204_emg.npy,/Users/vedantdwivedi/Desktop/IRIS/silent_speech_alignments/text_alignments/5-9/5-9_204_audio.TextGrid,CRY,1.23,1.53,0.30000000000000004,738,918,180
204,/Users/vedantdwivedi/Desktop/IRIS/emg_data/closed_vocab/silent/5-19_silent/204_emg.npy,/Users/vedantdwivedi/Desktop/IRIS/silent_speech_alignments/text_alignments/5-9/5-9_204_audio.TextGrid,OF,1.53,1.61,0.08000000000000007,918,966,48
204,/Users/vedantdwivedi/Desktop/IRIS/emg_data/closed_vocab/silent/5-19_silent/204_emg.npy,/Users/vedantdwivedi/Desktop/IRIS/silent_speech_alignments/text_alignments/5-9/5-9_204_audio.TextGrid,ASTONISHMENT,1.61,2.36,0.7499999999999998,966,1416,450
205,/Users/vedantdwivedi/Desktop/IRIS/emg_data/closed_vocab/silent/5-19_silent/205_emg.npy,/Users/vedantdwivedi/Desktop/IRIS/silent_speech_alignments/text_alignments/5-9/5-9_205_audio.TextGrid,I,0.7,0.86,0.16000000000000003,420,500,80
207,/Users/vedantdwivedi/Desktop/IRIS/emg_data/closed_vocab/silent/5-19_silent/207_emg.npy,/Users/vedantdwivedi/Desktop/IRIS/silent_speech_alignments/text_alignments/5-9/5-9_207_audio.TextGrid,THE,0.9,1.0,0.09999999999999998,540,600,60
207,/Users/vedantdwivedi/Desktop/IRIS/emg_data/closed_vocab/silent/5-19_silent/207_emg.npy,/Users/vedantdwivedi/Desktop/IRIS/silent_speech_alignments/text_alignments/5-9/5-9_207_audio.TextGrid,SHELL,1.0,1.3,0.30000000000000004,600,780,180
207,/Users/vedantdwivedi/Desktop/IRIS/emg_data/closed_vocab/silent/5-19_silent/207_emg.npy,/Users/vedantdwivedi/Desktop/IRIS/silent_speech_alignments/text_alignments/5-9/5-9_207_audio.TextGrid,BURST,1.3,1.65,0.34999999999999987,780,990,210
207,/Users/vedantdwivedi/Desktop/IRIS/emg_data/closed_vocab/silent/5-19_silent/207_emg.npy,/Users/vedantdwivedi/Desktop/IRIS/silent_speech_alignments/text_alignments/5-9/5-9_207_audio.TextGrid,CLEAN,1.65,2.01,0.3599999999999999,990,1206,216
207,/Users/vedantdwivedi/Desktop/IRIS/emg_data/closed_vocab/silent/5-19_silent/207_emg.npy,/Users/vedantdwivedi/Desktop/IRIS/silent_speech_alignments/text_alignments/5-9/5-9_207_audio.TextGrid,IN,2.01,2.12,0.11000000000000032,1206,1272,66
207,/Users/vedantdwivedi/Desktop/IRIS/emg_data/closed_vocab/silent/5-19_silent/207_emg.npy,/Users/vedantdwivedi/Desktop/IRIS/silent_speech_alignments/text_alignments/5-9/5-9_207_audio.TextGrid,THE,2.12,2.19,0.06999999999999984,1272,1314,42
207,/Users/vedantdwivedi/Desktop/IRIS/emg_data/closed_vocab/silent/5-19_silent/207_emg.npy,/Users/vedantdwivedi/Desktop/IRIS/silent_speech_alignments/text_alignments/5-9/5-9_207_audio.TextGrid,FACE,2.19,2.66,0.4700000000000002,1314,1596,282
207,/Users/vedantdwivedi/Desktop/IRIS/emg_data/closed_vocab/silent/5-19_silent/207_emg.npy,/Users/vedantdwivedi/Desktop/IRIS/silent_speech_alignments/text_alignments/5-9/5-9_207_audio.TextGrid,OF,2.66,2.92,0.2599999999999998,1596,1752,156
207,/Users/vedantdwivedi/Desktop/IRIS/emg_data/closed_vocab/silent/5-19_silent/207_emg.npy,/Users/vedantdwivedi/Desktop/IRIS/silent_speech_alignments/text_alignments/5-9/5-9_207_audio.TextGrid,THE,2.92,3.04,0.1200000000000001,1752,1824,72
207,/Users/vedantdwivedi/Desktop/IRIS/emg_data/closed_vocab/silent/5-19_silent/207_emg.npy,/Users/vedantdwivedi/Desktop/IRIS/silent_speech_alignments/text_alignments/5-9/5-9_207_audio.TextGrid,THING,3.04,3.55,0.5099999999999998,1824,2130,306
208,/Users/vedantdwivedi/Desktop/IRIS/emg_data/closed_vocab/silent/5-19_silent/208_emg.npy,/Users/vedantdwivedi/Desktop/IRIS/silent_speech_alignments/text_alignments/5-9/5-9_208_audio.TextGrid,THE,0.93,1.06,0.13,558,636,78
208,/Users/vedantdwivedi/Desktop/IRIS/emg_data/closed_vocab/silent/5-19_silent/208_emg.npy,/Users/vedantdwivedi/Desktop/IRIS/silent_speech_alignments/text_alignments/5-9/5-9_208_audio.TextGrid,HOOD,1.06,1.35,0.29000000000000004,636,810,174
208,/Users/vedantdwivedi/Desktop/IRIS/emg_data/closed_vocab/silent/5-19_silent/208_emg.npy,/Users/vedantdwivedi/Desktop/IRIS/silent_speech_alignments/text_alignments/5-9/5-9_208_audio.TextGrid,BULGED,1.35,1.86,0.51,810,1116,306
208,/Users/vedantdwivedi/Desktop/IRIS/emg_data/closed_vocab/silent/5-19_silent/208_emg.npy,/Users/vedantdwivedi/Desktop/IRIS/silent_speech_alignments/text_alignments/5-9/5-9_208_audio.TextGrid,FLASHED,1.95,2.47,0.5200000000000002,1170,1482,312
208,/Users/vedantdwivedi/Desktop/IRIS/emg_data/closed_vocab/silent/5-19_silent/208_emg.npy,/Users/vedantdwivedi/Desktop/IRIS/silent_speech_alignments/text_alignments/5-9/5-9_208_audio.TextGrid,WAS,3.11,3.32,0.20999999999999996,1866,1992,126
208,/Users/vedantdwivedi/Desktop/IRIS/emg_data/closed_vocab/silent/5-19_silent/208_emg.npy,/Users/vedantdwivedi/Desktop/IRIS/silent_speech_alignments/text_alignments/5-9/5-9_208_audio.TextGrid,WHIRLED,3.32,3.67,0.3500000000000001,1992,2202,210
208,/Users/vedantdwivedi/Desktop/IRIS/emg_data/closed_vocab/silent/5-19_silent/208_emg.npy,/Users/vedantdwivedi/Desktop/IRIS/silent_speech_alignments/text_alignments/5-9/5-9_208_audio.TextGrid,OFF,3.67,4.07,0.40000000000000036,2202,2442,240
208,/Users/vedantdwivedi/Desktop/IRIS/emg_data/closed_vocab/silent/5-19_silent/208_emg.npy,/Users/vedantdwivedi/Desktop/IRIS/silent_speech_alignments/text_alignments/5-9/5-9_208_audio.TextGrid,IN,4.18,4.3,0.1200000000000001,2508,2580,72
208,/Users/vedantdwivedi/Desktop/IRIS/emg_data/closed_vocab/silent/5-19_silent/208_emg.npy,/Users/vedantdwivedi/Desktop/IRIS/silent_speech_alignments/text_alignments/5-9/5-9_208_audio.TextGrid,A,4.3,4.41,0.11000000000000032,2580,2646,66
208,/Users/vedantdwivedi/Desktop/IRIS/emg_data/closed_vocab/silent/5-19_silent/208_emg.npy,/Users/vedantdwivedi/Desktop/IRIS/silent_speech_alignments/text_alignments/5-9/5-9_208_audio.TextGrid,DOZEN,4.41,4.86,0.4500000000000002,2646,2700,54
209,/Users/vedantdwivedi/Desktop/IRIS/emg_data/closed_vocab/silent/5-19_silent/209_emg.npy,/Users/vedantdwivedi/Desktop/IRIS/silent_speech_alignments/text_alignments/5-9/5-9_209_audio.TextGrid,HIT,0.73,1.11,0.3800000000000001,438,666,228
209,/Users/vedantdwivedi/Desktop/IRIS/emg_data/closed_vocab/silent/5-19_silent/209_emg.npy,/Users/vedantdwivedi/Desktop/IRIS/silent_speech_alignments/text_alignments/5-9/5-9_209_audio.TextGrid,SHOUTED,1.42,1.79,0.3700000000000001,852,1074,222
209,/Users/vedantdwivedi/Desktop/IRIS/emg_data/closed_vocab/silent/5-19_silent/209_emg.npy,/Users/vedantdwivedi/Desktop/IRIS/silent_speech_alignments/text_alignments/5-9/5-9_209_audio.TextGrid,I,1.79,2.17,0.3799999999999999,1074,1302,228
209,/Users/vedantdwivedi/Desktop/IRIS/emg_data/closed_vocab/silent/5-19_silent/209_emg.npy,/Users/vedantdwivedi/Desktop/IRIS/silent_speech_alignments/text_alignments/5-9/5-9_209_audio.TextGrid,WITH,2.63,2.81,0.18000000000000016,1578,1686,108
209,/Users/vedantdwivedi/Desktop/IRIS/emg_data/closed_vocab/silent/5-19_silent/209_emg.npy,/Users/vedantdwivedi/Desktop/IRIS/silent_speech_alignments/text_alignments/5-9/5-9_209_audio.TextGrid,SOMETHING,2.81,3.2,0.3900000000000001,1686,1920,234
209,/Users/vedantdwivedi/Desktop/IRIS/emg_data/closed_vocab/silent/5-19_silent/209_emg.npy,/Users/vedantdwivedi/Desktop/IRIS/silent_speech_alignments/text_alignments/5-9/5-9_209_audio.TextGrid,BETWEEN,3.2,3.57,0.36999999999999966,1920,2142,222
209,/Users/vedantdwivedi/Desktop/IRIS/emg_data/closed_vocab/silent/5-19_silent/209_emg.npy,/Users/vedantdwivedi/Desktop/IRIS/silent_speech_alignments/text_alignments/5-9/5-9_209_audio.TextGrid,A,3.57,3.65,0.08000000000000007,2142,2190,48
209,/Users/vedantdwivedi/Desktop/IRIS/emg_data/closed_vocab/silent/5-19_silent/209_emg.npy,/Users/vedantdwivedi/Desktop/IRIS/silent_speech_alignments/text_alignments/5-9/5-9_209_audio.TextGrid,SCREAM,3.65,4.16,0.5100000000000002,2190,2496,306
209,/Users/vedantdwivedi/Desktop/IRIS/emg_data/closed_vocab/silent/5-19_silent/209_emg.npy,/Users/vedantdwivedi/Desktop/IRIS/silent_speech_alignments/text_alignments/5-9/5-9_209_audio.TextGrid,AND,4.16,4.31,0.14999999999999947,2496,2586,90
209,/Users/vedantdwivedi/Desktop/IRIS/emg_data/closed_vocab/silent/5-19_silent/209_emg.npy,/Users/vedantdwivedi/Desktop/IRIS/silent_speech_alignments/text_alignments/5-9/5-9_209_audio.TextGrid,A,4.31,4.39,0.08000000000000007,2586,2634,48
209,/Users/vedantdwivedi/Desktop/IRIS/emg_data/closed_vocab/silent/5-19_silent/209_emg.npy,/Users/vedantdwivedi/Desktop/IRIS/silent_speech_alignments/text_alignments/5-9/5-9_209_audio.TextGrid,CHEER,4.39,4.88,0.4900000000000002,2634,2928,294
210,/Users/vedantdwivedi/Desktop/IRIS/emg_data/closed_vocab/silent/5-19_silent/210_emg.npy,/Users/vedantdwivedi/Desktop/IRIS/silent_speech_alignments/text_alignments/5-9/5-9_210_audio.TextGrid,I,1.08,1.17,0.08999999999999986,648,702,54
210,/Users/vedantdwivedi/Desktop/IRIS/emg_data/closed_vocab/silent/5-19_silent/210_emg.npy,/Users/vedantdwivedi/Desktop/IRIS/silent_speech_alignments/text_alignments/5-9/5-9_210_audio.TextGrid,HEARD,1.17,1.45,0.28,702,870,168
210,/Users/vedantdwivedi/Desktop/IRIS/emg_data/closed_vocab/silent/5-19_silent/210_emg.npy,/Users/vedantdwivedi/Desktop/IRIS/silent_speech_alignments/text_alignments/5-9/5-9_210_audio.TextGrid,ANSWERING,1.45,1.83,0.3800000000000001,870,1098,228
210,/Users/vedantdwivedi/Desktop/IRIS/emg_data/closed_vocab/silent/5-19_silent/210_emg.npy,/Users/vedantdwivedi/Desktop/IRIS/silent_speech_alignments/text_alignments/5-9/5-9_210_audio.TextGrid,SHOUTS,1.83,2.47,0.6400000000000001,1098,1482,384
210,/Users/vedantdwivedi/Desktop/IRIS/emg_data/closed_vocab/silent/5-19_silent/210_emg.npy,/Users/vedantdwivedi/Desktop/IRIS/silent_speech_alignments/text_alignments/5-9/5-9_210_audio.TextGrid,FROM,2.56,2.72,0.16000000000000014,1536,1632,96
210,/Users/vedantdwivedi/Desktop/IRIS/emg_data/closed_vocab/silent/5-19_silent/210_emg.npy,/Users/vedantdwivedi/Desktop/IRIS/silent_speech_alignments/text_alignments/5-9/5-9_210_audio.TextGrid,THE,2.72,2.83,0.10999999999999988,1632,1698,66
210,/Users/vedantdwivedi/Desktop/IRIS/emg_data/closed_vocab/silent/5-19_silent/210_emg.npy,/Users/vedantdwivedi/Desktop/IRIS/silent_speech_alignments/text_alignments/5-9/5-9_210_audio.TextGrid,PEOPLE,2.83,3.18,0.3500000000000001,1698,1908,210
210,/Users/vedantdwivedi/Desktop/IRIS/emg_data/closed_vocab/silent/5-19_silent/210_emg.npy,/Users/vedantdwivedi/Desktop/IRIS/silent_speech_alignments/text_alignments/5-9/5-9_210_audio.TextGrid,IN,3.18,3.24,0.06000000000000005,1908,1944,36
210,/Users/vedantdwivedi/Desktop/IRIS/emg_data/closed_vocab/silent/5-19_silent/210_emg.npy,/Users/vedantdwivedi/Desktop/IRIS/silent_speech_alignments/text_alignments/5-9/5-9_210_audio.TextGrid,THE,3.24,3.34,0.09999999999999964,1944,2004,60
210,/Users/vedantdwivedi/Desktop/IRIS/emg_data/closed_vocab/silent/5-19_silent/210_emg.npy,/Users/vedantdwivedi/Desktop/IRIS/silent_speech_alignments/text_alignments/5-9/5-9_210_audio.TextGrid,WATER,3.34,3.68,0.3400000000000003,2004,2208,204
210,/Users/vedantdwivedi/Desktop/IRIS/emg_data/closed_vocab/silent/5-19_silent/210_emg.npy,/Users/vedantdwivedi/Desktop/IRIS/silent_speech_alignments/text_alignments/5-9/5-9_210_audio.TextGrid,ABOUT,3.68,4.0,0.31999999999999984,2208,2400,192
210,/Users/vedantdwivedi/Desktop/IRIS/emg_data/closed_vocab/silent/5-19_silent/210_emg.npy,/Users/vedantdwivedi/Desktop/IRIS/silent_speech_alignments/text_alignments/5-9/5-9_210_audio.TextGrid,ME,4.0,4.24,0.2400000000000002,2400,2544,144
211,/Users/vedantdwivedi/Desktop/IRIS/emg_data/closed_vocab/silent/5-19_silent/211_emg.npy,/Users/vedantdwivedi/Desktop/IRIS/silent_speech_alignments/text_alignments/5-9/5-9_211_audio.TextGrid,I,0.76,0.86,0.09999999999999998,456,516,60
211,/Users/vedantdwivedi/Desktop/IRIS/emg_data/closed_vocab/silent/5-19_silent/211_emg.npy,/Users/vedantdwivedi/Desktop/IRIS/silent_speech_alignments/text_alignments/5-9/5-9_211_audio.TextGrid,COULD,0.86,1.02,0.16000000000000003,516,612,96
211,/Users/vedantdwivedi/Desktop/IRIS/emg_data/closed_vocab/silent/5-19_silent/211_emg.npy,/Users/vedantdwivedi/Desktop/IRIS/silent_speech_alignments/text_alignments/5-9/5-9_211_audio.TextGrid,HAVE,1.02,1.16,0.1399999999999999,612,696,84
211,/Users/vedantdwivedi/Desktop/IRIS/emg_data/closed_vocab/silent/5-19_silent/211_emg.npy,/Users/vedantdwivedi/Desktop/IRIS/silent_speech_alignments/text_alignments/5-9/5-9_211_audio.TextGrid,LEAPED,1.16,1.43,0.27,696,858,162
211,/Users/vedantdwivedi/Desktop/IRIS/emg_data/closed_vocab/silent/5-19_silent/211_emg.npy,/Users/vedantdwivedi/Desktop/IRIS/silent_speech_alignments/text_alignments/5-9/5-9_211_audio.TextGrid,OUT,1.46,1.6,0.14000000000000012,876,960,84
211,/Users/vedantdwivedi/Desktop/IRIS/emg_data/closed_vocab/silent/5-19_silent/211_emg.npy,/Users/vedantdwivedi/Desktop/IRIS/silent_speech_alignments/text_alignments/5-9/5-9_211_audio.TextGrid,OF,1.6,1.67,0.06999999999999984,960,1002,42
211,/Users/vedantdwivedi/Desktop/IRIS/emg_data/closed_vocab/silent/5-19_silent/211_emg.npy,/Users/vedantdwivedi/Desktop/IRIS/silent_speech_alignments/text_alignments/5-9/5-9_211_audio.TextGrid,THE,1.67,1.77,0.10000000000000009,1002,1062,60
211,/Users/vedantdwivedi/Desktop/IRIS/emg_data/closed_vocab/silent/5-19_silent/211_emg.npy,/Users/vedantdwivedi/Desktop/IRIS/silent_speech_alignments/text_alignments/5-9/5-9_211_audio.TextGrid,WATER,1.77,2.24,0.4700000000000002,1062,1344,282
211,/Users/vedantdwivedi/Desktop/IRIS/emg_data/closed_vocab/silent/5-19_silent/211_emg.npy,/Users/vedantdwivedi/Desktop/IRIS/silent_speech_alignments/text_alignments/5-9/5-9_211_audio.TextGrid,WITH,2.64,2.84,0.19999999999999973,1584,1704,120
211,/Users/vedantdwivedi/Desktop/IRIS/emg_data/closed_vocab/silent/5-19_silent/211_emg.npy,/Users/vedantdwivedi/Desktop/IRIS/silent_speech_alignments/text_alignments/5-9/5-9_211_audio.TextGrid,THAT,2.84,3.11,0.27,1704,1866,162
211,/Users/vedantdwivedi/Desktop/IRIS/emg_data/closed_vocab/silent/5-19_silent/211_emg.npy,/Users/vedantdwivedi/Desktop/IRIS/silent_speech_alignments/text_alignments/5-9/5-9_211_audio.TextGrid,MOMENTARY,3.11,3.8,0.69,1866,2280,414
211,/Users/vedantdwivedi/Desktop/IRIS/emg_data/closed_vocab/silent/5-19_silent/211_emg.npy,/Users/vedantdwivedi/Desktop/IRIS/silent_speech_alignments/text_alignments/5-9/5-9_211_audio.TextGrid,EXULTATION,3.85,4.7,0.8500000000000001,2310,2820,510
212,/Users/vedantdwivedi/Desktop/IRIS/emg_data/closed_vocab/silent/5-19_silent/212_emg.npy,/Users/vedantdwivedi/Desktop/IRIS/silent_speech_alignments/text_alignments/5-9/5-9_212_audio.TextGrid,THE,1.52,1.64,0.11999999999999988,912,984,72
212,/Users/vedantdwivedi/Desktop/IRIS/emg_data/closed_vocab/silent/5-19_silent/212_emg.npy,/Users/vedantdwivedi/Desktop/IRIS/silent_speech_alignments/text_alignments/5-9/5-9_212_audio.TextGrid,DECAPITATED,1.64,2.27,0.6300000000000001,984,1362,378
212,/Users/vedantdwivedi/Desktop/IRIS/emg_data/closed_vocab/silent/5-19_silent/212_emg.npy,/Users/vedantdwivedi/Desktop/IRIS/silent_speech_alignments/text_alignments/5-9/5-9_212_audio.TextGrid,COLOSSUS,2.27,3.01,0.7399999999999998,1362,1806,444
212,/Users/vedantdwivedi/Desktop/IRIS/emg_data/closed_vocab/silent/5-19_silent/212_emg.npy,/Users/vedantdwivedi/Desktop/IRIS/silent_speech_alignments/text_alignments/5-9/5-9_212_audio.TextGrid,REELED,3.23,3.77,0.54,1938,2262,324
212,/Users/vedantdwivedi/Desktop/IRIS/emg_data/closed_vocab/silent/5-19_silent/212_emg.npy,/Users/vedantdwivedi/Desktop/IRIS/silent_speech_alignments/text_alignments/5-9/5-9_212_audio.TextGrid,LIKE,3.77,3.92,0.1499999999999999,2262,2352,90
212,/Users/vedantdwivedi/Desktop/IRIS/emg_data/closed_vocab/silent/5-19_silent/212_emg.npy,/Users/vedantdwivedi/Desktop/IRIS/silent_speech_alignments/text_alignments/5-9/5-9_212_audio.TextGrid,A,3.92,4.02,0.09999999999999964,2352,2412,60
212,/Users/vedantdwivedi/Desktop/IRIS/emg_data/closed_vocab/silent/5-19_silent/212_emg.npy,/Users/vedantdwivedi/Desktop/IRIS/silent_speech_alignments/text_alignments/5-9/5-9_212_audio.TextGrid,DRUNKEN,4.02,4.4,0.3800000000000008,2412,2616,204
215,/Users/vedantdwivedi/Desktop/IRIS/emg_data/closed_vocab/silent/5-19_silent/215_emg.npy,/Users/vedantdwivedi/Desktop/IRIS/silent_speech_alignments/text_alignments/5-9/5-9_215_audio.TextGrid,IT,1.18,1.32,0.14000000000000012,708,792,84
215,/Users/vedantdwivedi/Desktop/IRIS/emg_data/closed_vocab/silent/5-19_silent/215_emg.npy,/Users/vedantdwivedi/Desktop/IRIS/silent_speech_alignments/text_alignments/5-9/5-9_215_audio.TextGrid,RECOVERED,1.32,1.71,0.3899999999999999,792,1026,234
215,/Users/vedantdwivedi/Desktop/IRIS/emg_data/closed_vocab/silent/5-19_silent/215_emg.npy,/Users/vedantdwivedi/Desktop/IRIS/silent_speech_alignments/text_alignments/5-9/5-9_215_audio.TextGrid,ITS,1.71,1.86,0.15000000000000013,1026,1116,90
215,/Users/vedantdwivedi/Desktop/IRIS/emg_data/closed_vocab/silent/5-19_silent/215_emg.npy,/Users/vedantdwivedi/Desktop/IRIS/silent_speech_alignments/text_alignments/5-9/5-9_215_audio.TextGrid,BALANCE,1.86,2.39,0.53,1116,1434,318
215,/Users/vedantdwivedi/Desktop/IRIS/emg_data/closed_vocab/silent/5-19_silent/215_emg.npy,/Users/vedantdwivedi/Desktop/IRIS/silent_speech_alignments/text_alignments/5-9/5-9_215_audio.TextGrid,BY,2.39,2.53,0.13999999999999968,1434,1518,84
215,/Users/vedantdwivedi/Desktop/IRIS/emg_data/closed_vocab/silent/5-19_silent/215_emg.npy,/Users/vedantdwivedi/Desktop/IRIS/silent_speech_alignments/text_alignments/5-9/5-9_215_audio.TextGrid,A,2.53,2.6,0.07000000000000028,1518,1560,42
215,/Users/vedantdwivedi/Desktop/IRIS/emg_data/closed_vocab/silent/5-19_silent/215_emg.npy,/Users/vedantdwivedi/Desktop/IRIS/silent_speech_alignments/text_alignments/5-9/5-9_215_audio.TextGrid,MIRACLE,2.6,3.15,0.5499999999999998,1560,1890,330
215,/Users/vedantdwivedi/Desktop/IRIS/emg_data/closed_vocab/silent/5-19_silent/215_emg.npy,/Users/vedantdwivedi/Desktop/IRIS/silent_speech_alignments/text_alignments/5-9/5-9_215_audio.TextGrid,AND,3.43,3.78,0.34999999999999964,2058,2082,24
216,/Users/vedantdwivedi/Desktop/IRIS/emg_data/closed_vocab/silent/5-19_silent/216_emg.npy,/Users/vedantdwivedi/Desktop/IRIS/silent_speech_alignments/text_alignments/5-9/5-9_216_audio.TextGrid,THE,0.98,1.11,0.13000000000000012,588,666,78
216,/Users/vedantdwivedi/Desktop/IRIS/emg_data/closed_vocab/silent/5-19_silent/216_emg.npy,/Users/vedantdwivedi/Desktop/IRIS/silent_speech_alignments/text_alignments/5-9/5-9_216_audio.TextGrid,LIVING,1.11,1.39,0.2799999999999998,666,834,168
216,/Users/vedantdwivedi/Desktop/IRIS/emg_data/closed_vocab/silent/5-19_silent/216_emg.npy,/Users/vedantdwivedi/Desktop/IRIS/silent_speech_alignments/text_alignments/5-9/5-9_216_audio.TextGrid,INTELLIGENCE,1.39,2.24,0.8500000000000003,834,1344,510
216,/Users/vedantdwivedi/Desktop/IRIS/emg_data/closed_vocab/silent/5-19_silent/216_emg.npy,/Users/vedantdwivedi/Desktop/IRIS/silent_speech_alignments/text_alignments/5-9/5-9_216_audio.TextGrid,THE,2.41,2.51,0.09999999999999964,1446,1506,60
216,/Users/vedantdwivedi/Desktop/IRIS/emg_data/closed_vocab/silent/5-19_silent/216_emg.npy,/Users/vedantdwivedi/Desktop/IRIS/silent_speech_alignments/text_alignments/5-9/5-9_216_audio.TextGrid,MARTIAN,2.51,2.92,0.41000000000000014,1506,1752,246
216,/Users/vedantdwivedi/Desktop/IRIS/emg_data/closed_vocab/silent/5-19_silent/216_emg.npy,/Users/vedantdwivedi/Desktop/IRIS/silent_speech_alignments/text_alignments/5-9/5-9_216_audio.TextGrid,WITHIN,2.92,3.14,0.2200000000000002,1752,1884,132
216,/Users/vedantdwivedi/Desktop/IRIS/emg_data/closed_vocab/silent/5-19_silent/216_emg.npy,/Users/vedantdwivedi/Desktop/IRIS/silent_speech_alignments/text_alignments/5-9/5-9_216_audio.TextGrid,THE,3.14,3.24,0.10000000000000009,1884,1944,60
216,/Users/vedantdwivedi/Desktop/IRIS/emg_data/closed_vocab/silent/5-19_silent/216_emg.npy,/Users/vedantdwivedi/Desktop/IRIS/silent_speech_alignments/text_alignments/5-9/5-9_216_audio.TextGrid,HOOD,3.24,3.61,0.36999999999999966,1944,2166,222
217,/Users/vedantdwivedi/Desktop/IRIS/emg_data/closed_vocab/silent/5-19_silent/217_emg.npy,/Users/vedantdwivedi/Desktop/IRIS/silent_speech_alignments/text_alignments/5-9/5-9_217_audio.TextGrid,IT,1.07,1.22,0.1499999999999999,642,732,90
217,/Users/vedantdwivedi/Desktop/IRIS/emg_data/closed_vocab/silent/5-19_silent/217_emg.npy,/Users/vedantdwivedi/Desktop/IRIS/silent_speech_alignments/text_alignments/5-9/5-9_217_audio.TextGrid,DROVE,1.22,1.68,0.45999999999999996,732,1008,276
217,/Users/vedantdwivedi/Desktop/IRIS/emg_data/closed_vocab/silent/5-19_silent/217_emg.npy,/Users/vedantdwivedi/Desktop/IRIS/silent_speech_alignments/text_alignments/5-9/5-9_217_audio.TextGrid,ALONG,1.71,2.09,0.3799999999999999,1026,1254,228
217,/Users/vedantdwivedi/Desktop/IRIS/emg_data/closed_vocab/silent/5-19_silent/217_emg.npy,/Users/vedantdwivedi/Desktop/IRIS/silent_speech_alignments/text_alignments/5-9/5-9_217_audio.TextGrid,IN,2.09,2.18,0.0900000000000003,1254,1308,54
217,/Users/vedantdwivedi/Desktop/IRIS/emg_data/closed_vocab/silent/5-19_silent/217_emg.npy,/Users/vedantdwivedi/Desktop/IRIS/silent_speech_alignments/text_alignments/5-9/5-9_217_audio.TextGrid,A,2.18,2.25,0.06999999999999984,1308,1350,42
217,/Users/vedantdwivedi/Desktop/IRIS/emg_data/closed_vocab/silent/5-19_silent/217_emg.npy,/Users/vedantdwivedi/Desktop/IRIS/silent_speech_alignments/text_alignments/5-9/5-9_217_audio.TextGrid,STRAIGHT,2.25,2.54,0.29000000000000004,1350,1524,174
217,/Users/vedantdwivedi/Desktop/IRIS/emg_data/closed_vocab/silent/5-19_silent/217_emg.npy,/Users/vedantdwivedi/Desktop/IRIS/silent_speech_alignments/text_alignments/5-9/5-9_217_audio.TextGrid,LINE,2.54,2.94,0.3999999999999999,1524,1764,240
217,/Users/vedantdwivedi/Desktop/IRIS/emg_data/closed_vocab/silent/5-19_silent/217_emg.npy,/Users/vedantdwivedi/Desktop/IRIS/silent_speech_alignments/text_alignments/5-9/5-9_217_audio.TextGrid,INCAPABLE,3.23,3.93,0.7000000000000002,1938,2358,420
217,/Users/vedantdwivedi/Desktop/IRIS/emg_data/closed_vocab/silent/5-19_silent/217_emg.npy,/Users/vedantdwivedi/Desktop/IRIS/silent_speech_alignments/text_alignments/5-9/5-9_217_audio.TextGrid,OF,3.93,4.02,0.08999999999999941,2358,2412,54
217,/Users/vedantdwivedi/Desktop/IRIS/emg_data/closed_vocab/silent/5-19_silent/217_emg.npy,/Users/vedantdwivedi/Desktop/IRIS/silent_speech_alignments/text_alignments/5-9/5-9_217_audio.TextGrid,GUIDANCE,4.02,4.72,0.7000000000000002,2412,2832,420
218,/Users/vedantdwivedi/Desktop/IRIS/emg_data/closed_vocab/silent/5-19_silent/218_emg.npy,/Users/vedantdwivedi/Desktop/IRIS/silent_speech_alignments/text_alignments/5-9/5-9_218_audio.TextGrid,IT,0.9,1.06,0.16000000000000003,540,636,96
218,/Users/vedantdwivedi/Desktop/IRIS/emg_data/closed_vocab/silent/5-19_silent/218_emg.npy,/Users/vedantdwivedi/Desktop/IRIS/silent_speech_alignments/text_alignments/5-9/5-9_218_audio.TextGrid,STRUCK,1.06,1.34,0.28,636,804,168
218,/Users/vedantdwivedi/Desktop/IRIS/emg_data/closed_vocab/silent/5-19_silent/218_emg.npy,/Users/vedantdwivedi/Desktop/IRIS/silent_speech_alignments/text_alignments/5-9/5-9_218_audio.TextGrid,THE,1.34,1.44,0.09999999999999987,804,864,60
218,/Users/vedantdwivedi/Desktop/IRIS/emg_data/closed_vocab/silent/5-19_silent/218_emg.npy,/Users/vedantdwivedi/Desktop/IRIS/silent_speech_alignments/text_alignments/5-9/5-9_218_audio.TextGrid,TOWER,1.44,1.88,0.43999999999999995,864,1128,264
218,/Users/vedantdwivedi/Desktop/IRIS/emg_data/closed_vocab/silent/5-19_silent/218_emg.npy,/Users/vedantdwivedi/Desktop/IRIS/silent_speech_alignments/text_alignments/5-9/5-9_218_audio.TextGrid,OF,1.88,1.98,0.10000000000000009,1128,1188,60
218,/Users/vedantdwivedi/Desktop/IRIS/emg_data/closed_vocab/silent/5-19_silent/218_emg.npy,/Users/vedantdwivedi/Desktop/IRIS/silent_speech_alignments/text_alignments/5-9/5-9_218_audio.TextGrid,SHEPPERTON,1.98,2.38,0.3999999999999999,1188,1428,240
218,/Users/vedantdwivedi/Desktop/IRIS/emg_data/closed_vocab/silent/5-19_silent/218_emg.npy,/Users/vedantdwivedi/Desktop/IRIS/silent_speech_alignments/text_alignments/5-9/5-9_218_audio.TextGrid,CHURCH,2.38,2.91,0.5300000000000002,1428,1746,318
218,/Users/vedantdwivedi/Desktop/IRIS/emg_data/closed_vocab/silent/5-19_silent/218_emg.npy,/Users/vedantdwivedi/Desktop/IRIS/silent_speech_alignments/text_alignments/5-9/5-9_218_audio.TextGrid,SMASHING,3.38,3.87,0.4900000000000002,2028,2322,294
218,/Users/vedantdwivedi/Desktop/IRIS/emg_data/closed_vocab/silent/5-19_silent/218_emg.npy,/Users/vedantdwivedi/Desktop/IRIS/silent_speech_alignments/text_alignments/5-9/5-9_218_audio.TextGrid,IT,3.87,4.0,0.1299999999999999,2322,2400,78
218,/Users/vedantdwivedi/Desktop/IRIS/emg_data/closed_vocab/silent/5-19_silent/218_emg.npy,/Users/vedantdwivedi/Desktop/IRIS/silent_speech_alignments/text_alignments/5-9/5-9_218_audio.TextGrid,DOWN,4.0,4.41,0.41000000000000014,2400,2646,246
218,/Users/vedantdwivedi/Desktop/IRIS/emg_data/closed_vocab/silent/5-19_silent/218_emg.npy,/Users/vedantdwivedi/Desktop/IRIS/silent_speech_alignments/text_alignments/5-9/5-9_218_audio.TextGrid,AS,4.46,4.61,0.15000000000000036,2676,2766,90
218,/Users/vedantdwivedi/Desktop/IRIS/emg_data/closed_vocab/silent/5-19_silent/218_emg.npy,/Users/vedantdwivedi/Desktop/IRIS/silent_speech_alignments/text_alignments/5-9/5-9_218_audio.TextGrid,THE,4.61,4.76,0.14999999999999947,2766,2856,90
218,/Users/vedantdwivedi/Desktop/IRIS/emg_data/closed_vocab/silent/5-19_silent/218_emg.npy,/Users/vedantdwivedi/Desktop/IRIS/silent_speech_alignments/text_alignments/5-9/5-9_218_audio.TextGrid,IMPACT,4.76,5.33,0.5700000000000003,2856,3024,168
223,/Users/vedantdwivedi/Desktop/IRIS/emg_data/closed_vocab/silent/5-19_silent/223_emg.npy,/Users/vedantdwivedi/Desktop/IRIS/silent_speech_alignments/text_alignments/5-9/5-9_223_audio.TextGrid,IN,1.02,1.13,0.10999999999999988,612,678,66
223,/Users/vedantdwivedi/Desktop/IRIS/emg_data/closed_vocab/silent/5-19_silent/223_emg.npy,/Users/vedantdwivedi/Desktop/IRIS/silent_speech_alignments/text_alignments/5-9/5-9_223_audio.TextGrid,ANOTHER,1.13,1.42,0.29000000000000004,678,852,174
223,/Users/vedantdwivedi/Desktop/IRIS/emg_data/closed_vocab/silent/5-19_silent/223_emg.npy,/Users/vedantdwivedi/Desktop/IRIS/silent_speech_alignments/text_alignments/5-9/5-9_223_audio.TextGrid,MOMENT,1.42,1.81,0.3900000000000001,852,1086,234
223,/Users/vedantdwivedi/Desktop/IRIS/emg_data/closed_vocab/silent/5-19_silent/223_emg.npy,/Users/vedantdwivedi/Desktop/IRIS/silent_speech_alignments/text_alignments/5-9/5-9_223_audio.TextGrid,A,1.86,1.96,0.09999999999999987,1116,1176,60
223,/Users/vedantdwivedi/Desktop/IRIS/emg_data/closed_vocab/silent/5-19_silent/223_emg.npy,/Users/vedantdwivedi/Desktop/IRIS/silent_speech_alignments/text_alignments/5-9/5-9_223_audio.TextGrid,HUGE,1.96,2.33,0.3700000000000001,1176,1398,222
223,/Users/vedantdwivedi/Desktop/IRIS/emg_data/closed_vocab/silent/5-19_silent/223_emg.npy,/Users/vedantdwivedi/Desktop/IRIS/silent_speech_alignments/text_alignments/5-9/5-9_223_audio.TextGrid,WAVE,2.33,2.78,0.44999999999999973,1398,1668,270
223,/Users/vedantdwivedi/Desktop/IRIS/emg_data/closed_vocab/silent/5-19_silent/223_emg.npy,/Users/vedantdwivedi/Desktop/IRIS/silent_speech_alignments/text_alignments/5-9/5-9_223_audio.TextGrid,LIKE,3.15,3.28,0.1299999999999999,1890,1968,78
223,/Users/vedantdwivedi/Desktop/IRIS/emg_data/closed_vocab/silent/5-19_silent/223_emg.npy,/Users/vedantdwivedi/Desktop/IRIS/silent_speech_alignments/text_alignments/5-9/5-9_223_audio.TextGrid,A,3.28,3.37,0.0900000000000003,1968,2022,54
223,/Users/vedantdwivedi/Desktop/IRIS/emg_data/closed_vocab/silent/5-19_silent/223_emg.npy,/Users/vedantdwivedi/Desktop/IRIS/silent_speech_alignments/text_alignments/5-9/5-9_223_audio.TextGrid,MUDDY,3.37,3.68,0.31000000000000005,2022,2208,186
223,/Users/vedantdwivedi/Desktop/IRIS/emg_data/closed_vocab/silent/5-19_silent/223_emg.npy,/Users/vedantdwivedi/Desktop/IRIS/silent_speech_alignments/text_alignments/5-9/5-9_223_audio.TextGrid,TIDAL,3.68,4.1,0.4199999999999995,2208,2460,252
223,/Users/vedantdwivedi/Desktop/IRIS/emg_data/closed_vocab/silent/5-19_silent/223_emg.npy,/Users/vedantdwivedi/Desktop/IRIS/silent_speech_alignments/text_alignments/5-9/5-9_223_audio.TextGrid,BORE,4.1,4.59,0.4900000000000002,2460,2514,54
224,/Users/vedantdwivedi/Desktop/IRIS/emg_data/closed_vocab/silent/5-19_silent/224_emg.npy,/Users/vedantdwivedi/Desktop/IRIS/silent_speech_alignments/text_alignments/5-9/5-9_224_audio.TextGrid,I,0.98,1.11,0.13000000000000012,588,666,78
224,/Users/vedantdwivedi/Desktop/IRIS/emg_data/closed_vocab/silent/5-19_silent/224_emg.npy,/Users/vedantdwivedi/Desktop/IRIS/silent_speech_alignments/text_alignments/5-9/5-9_224_audio.TextGrid,SAW,1.11,1.38,0.2699999999999998,666,828,162
224,/Users/vedantdwivedi/Desktop/IRIS/emg_data/closed_vocab/silent/5-19_silent/224_emg.npy,/Users/vedantdwivedi/Desktop/IRIS/silent_speech_alignments/text_alignments/5-9/5-9_224_audio.TextGrid,PEOPLE,1.38,1.77,0.3900000000000001,828,1062,234
224,/Users/vedantdwivedi/Desktop/IRIS/emg_data/closed_vocab/silent/5-19_silent/224_emg.npy,/Users/vedantdwivedi/Desktop/IRIS/silent_speech_alignments/text_alignments/5-9/5-9_224_audio.TextGrid,STRUGGLING,1.77,2.19,0.41999999999999993,1062,1314,252
224,/Users/vedantdwivedi/Desktop/IRIS/emg_data/closed_vocab/silent/5-19_silent/224_emg.npy,/Users/vedantdwivedi/Desktop/IRIS/silent_speech_alignments/text_alignments/5-9/5-9_224_audio.TextGrid,SHOREWARDS,2.19,2.99,0.8000000000000003,1314,1794,480
224,/Users/vedantdwivedi/Desktop/IRIS/emg_data/closed_vocab/silent/5-19_silent/224_emg.npy,/Users/vedantdwivedi/Desktop/IRIS/silent_speech_alignments/text_alignments/5-9/5-9_224_audio.TextGrid,AND,3.34,3.49,0.15000000000000036,2004,2094,90
224,/Users/vedantdwivedi/Desktop/IRIS/emg_data/closed_vocab/silent/5-19_silent/224_emg.npy,/Users/vedantdwivedi/Desktop/IRIS/silent_speech_alignments/text_alignments/5-9/5-9_224_audio.TextGrid,HEARD,3.49,3.69,0.19999999999999973,2094,2214,120
224,/Users/vedantdwivedi/Desktop/IRIS/emg_data/closed_vocab/silent/5-19_silent/224_emg.npy,/Users/vedantdwivedi/Desktop/IRIS/silent_speech_alignments/text_alignments/5-9/5-9_224_audio.TextGrid,THEIR,3.69,3.82,0.1299999999999999,2214,2292,78
224,/Users/vedantdwivedi/Desktop/IRIS/emg_data/closed_vocab/silent/5-19_silent/224_emg.npy,/Users/vedantdwivedi/Desktop/IRIS/silent_speech_alignments/text_alignments/5-9/5-9_224_audio.TextGrid,SCREAMING,3.82,4.32,0.5000000000000004,2292,2592,300
224,/Users/vedantdwivedi/Desktop/IRIS/emg_data/closed_vocab/silent/5-19_silent/224_emg.npy,/Users/vedantdwivedi/Desktop/IRIS/silent_speech_alignments/text_alignments/5-9/5-9_224_audio.TextGrid,AND,4.32,4.44,0.1200000000000001,2592,2664,72
224,/Users/vedantdwivedi/Desktop/IRIS/emg_data/closed_vocab/silent/5-19_silent/224_emg.npy,/Users/vedantdwivedi/Desktop/IRIS/silent_speech_alignments/text_alignments/5-9/5-9_224_audio.TextGrid,SHOUTING,4.44,4.9,0.45999999999999996,2664,2940,276
225,/Users/vedantdwivedi/Desktop/IRIS/emg_data/closed_vocab/silent/5-19_silent/225_emg.npy,/Users/vedantdwivedi/Desktop/IRIS/silent_speech_alignments/text_alignments/5-9/5-9_225_audio.TextGrid,FOR,0.84,0.98,0.14,504,588,84
225,/Users/vedantdwivedi/Desktop/IRIS/emg_data/closed_vocab/silent/5-19_silent/225_emg.npy,/Users/vedantdwivedi/Desktop/IRIS/silent_speech_alignments/text_alignments/5-9/5-9_225_audio.TextGrid,A,0.98,1.02,0.040000000000000036,588,612,24
225,/Users/vedantdwivedi/Desktop/IRIS/emg_data/closed_vocab/silent/5-19_silent/225_emg.npy,/Users/vedantdwivedi/Desktop/IRIS/silent_speech_alignments/text_alignments/5-9/5-9_225_audio.TextGrid,MOMENT,1.02,1.38,0.3599999999999999,612,828,216
225,/Users/vedantdwivedi/Desktop/IRIS/emg_data/closed_vocab/silent/5-19_silent/225_emg.npy,/Users/vedantdwivedi/Desktop/IRIS/silent_speech_alignments/text_alignments/5-9/5-9_225_audio.TextGrid,I,1.41,1.49,0.08000000000000007,846,894,48
225,/Users/vedantdwivedi/Desktop/IRIS/emg_data/closed_vocab/silent/5-19_silent/225_emg.npy,/Users/vedantdwivedi/Desktop/IRIS/silent_speech_alignments/text_alignments/5-9/5-9_225_audio.TextGrid,HEEDED,1.49,1.8,0.31000000000000005,894,1080,186
225,/Users/vedantdwivedi/Desktop/IRIS/emg_data/closed_vocab/silent/5-19_silent/225_emg.npy,/Users/vedantdwivedi/Desktop/IRIS/silent_speech_alignments/text_alignments/5-9/5-9_225_audio.TextGrid,NOTHING,1.8,2.11,0.30999999999999983,1080,1266,186
225,/Users/vedantdwivedi/Desktop/IRIS/emg_data/closed_vocab/silent/5-19_silent/225_emg.npy,/Users/vedantdwivedi/Desktop/IRIS/silent_speech_alignments/text_alignments/5-9/5-9_225_audio.TextGrid,OF,2.11,2.2,0.0900000000000003,1266,1320,54
225,/Users/vedantdwivedi/Desktop/IRIS/emg_data/closed_vocab/silent/5-19_silent/225_emg.npy,/Users/vedantdwivedi/Desktop/IRIS/silent_speech_alignments/text_alignments/5-9/5-9_225_audio.TextGrid,THE,2.2,2.28,0.07999999999999963,1320,1368,48
225,/Users/vedantdwivedi/Desktop/IRIS/emg_data/closed_vocab/silent/5-19_silent/225_emg.npy,/Users/vedantdwivedi/Desktop/IRIS/silent_speech_alignments/text_alignments/5-9/5-9_225_audio.TextGrid,HEAT,2.28,2.61,0.33000000000000007,1368,1566,198
225,/Users/vedantdwivedi/Desktop/IRIS/emg_data/closed_vocab/silent/5-19_silent/225_emg.npy,/Users/vedantdwivedi/Desktop/IRIS/silent_speech_alignments/text_alignments/5-9/5-9_225_audio.TextGrid,FORGOT,3.33,3.76,0.4299999999999997,1998,2256,258
225,/Users/vedantdwivedi/Desktop/IRIS/emg_data/closed_vocab/silent/5-19_silent/225_emg.npy,/Users/vedantdwivedi/Desktop/IRIS/silent_speech_alignments/text_alignments/5-9/5-9_225_audio.TextGrid,THE,3.76,3.85,0.0900000000000003,2256,2310,54
225,/Users/vedantdwivedi/Desktop/IRIS/emg_data/closed_vocab/silent/5-19_silent/225_emg.npy,/Users/vedantdwivedi/Desktop/IRIS/silent_speech_alignments/text_alignments/5-9/5-9_225_audio.TextGrid,PATENT,3.85,4.24,0.3900000000000001,2310,2544,234
225,/Users/vedantdwivedi/Desktop/IRIS/emg_data/closed_vocab/silent/5-19_silent/225_emg.npy,/Users/vedantdwivedi/Desktop/IRIS/silent_speech_alignments/text_alignments/5-9/5-9_225_audio.TextGrid,NEED,4.27,4.68,0.41000000000000014,2562,2706,144
226,/Users/vedantdwivedi/Desktop/IRIS/emg_data/closed_vocab/silent/5-19_silent/226_emg.npy,/Users/vedantdwivedi/Desktop/IRIS/silent_speech_alignments/text_alignments/5-9/5-9_226_audio.TextGrid,I,0.86,1.0,0.14,516,600,84
226,/Users/vedantdwivedi/Desktop/IRIS/emg_data/closed_vocab/silent/5-19_silent/226_emg.npy,/Users/vedantdwivedi/Desktop/IRIS/silent_speech_alignments/text_alignments/5-9/5-9_226_audio.TextGrid,SPLASHED,1.0,1.55,0.55,600,930,330
226,/Users/vedantdwivedi/Desktop/IRIS/emg_data/closed_vocab/silent/5-19_silent/226_emg.npy,/Users/vedantdwivedi/Desktop/IRIS/silent_speech_alignments/text_alignments/5-9/5-9_226_audio.TextGrid,THROUGH,1.55,1.68,0.1299999999999999,930,1008,78
226,/Users/vedantdwivedi/Desktop/IRIS/emg_data/closed_vocab/silent/5-19_silent/226_emg.npy,/Users/vedantdwivedi/Desktop/IRIS/silent_speech_alignments/text_alignments/5-9/5-9_226_audio.TextGrid,THE,1.68,1.78,0.10000000000000009,1008,1068,60
226,/Users/vedantdwivedi/Desktop/IRIS/emg_data/closed_vocab/silent/5-19_silent/226_emg.npy,/Users/vedantdwivedi/Desktop/IRIS/silent_speech_alignments/text_alignments/5-9/5-9_226_audio.TextGrid,TUMULTUOUS,1.78,2.31,0.53,1068,1386,318
226,/Users/vedantdwivedi/Desktop/IRIS/emg_data/closed_vocab/silent/5-19_silent/226_emg.npy,/Users/vedantdwivedi/Desktop/IRIS/silent_speech_alignments/text_alignments/5-9/5-9_226_audio.TextGrid,WATER,2.31,2.75,0.43999999999999995,1386,1650,264
226,/Users/vedantdwivedi/Desktop/IRIS/emg_data/closed_vocab/silent/5-19_silent/226_emg.npy,/Users/vedantdwivedi/Desktop/IRIS/silent_speech_alignments/text_alignments/5-9/5-9_226_audio.TextGrid,PUSHING,3.3,3.61,0.31000000000000005,1980,2166,186
226,/Users/vedantdwivedi/Desktop/IRIS/emg_data/closed_vocab/silent/5-19_silent/226_emg.npy,/Users/vedantdwivedi/Desktop/IRIS/silent_speech_alignments/text_alignments/5-9/5-9_226_audio.TextGrid,ASIDE,3.61,4.1,0.48999999999999977,2166,2460,294
226,/Users/vedantdwivedi/Desktop/IRIS/emg_data/closed_vocab/silent/5-19_silent/226_emg.npy,/Users/vedantdwivedi/Desktop/IRIS/silent_speech_alignments/text_alignments/5-9/5-9_226_audio.TextGrid,A,4.24,4.35,0.10999999999999943,2544,2610,66
226,/Users/vedantdwivedi/Desktop/IRIS/emg_data/closed_vocab/silent/5-19_silent/226_emg.npy,/Users/vedantdwivedi/Desktop/IRIS/silent_speech_alignments/text_alignments/5-9/5-9_226_audio.TextGrid,MAN,4.35,4.72,0.3700000000000001,2610,2832,222
226,/Users/vedantdwivedi/Desktop/IRIS/emg_data/closed_vocab/silent/5-19_silent/226_emg.npy,/Users/vedantdwivedi/Desktop/IRIS/silent_speech_alignments/text_alignments/5-9/5-9_226_audio.TextGrid,IN,4.72,4.9,0.1800000000000006,2832,2940,108
226,/Users/vedantdwivedi/Desktop/IRIS/emg_data/closed_vocab/silent/5-19_silent/226_emg.npy,/Users/vedantdwivedi/Desktop/IRIS/silent_speech_alignments/text_alignments/5-9/5-9_226_audio.TextGrid,BLACK,4.9,5.2,0.2999999999999998,2940,3120,180
226,/Users/vedantdwivedi/Desktop/IRIS/emg_data/closed_vocab/silent/5-19_silent/226_emg.npy,/Users/vedantdwivedi/Desktop/IRIS/silent_speech_alignments/text_alignments/5-9/5-9_226_audio.TextGrid,TO,5.2,5.28,0.08000000000000007,3120,3168,48
226,/Users/vedantdwivedi/Desktop/IRIS/emg_data/closed_vocab/silent/5-19_silent/226_emg.npy,/Users/vedantdwivedi/Desktop/IRIS/silent_speech_alignments/text_alignments/5-9/5-9_226_audio.TextGrid,DO,5.28,5.47,0.1899999999999995,3168,3282,114
226,/Users/vedantdwivedi/Desktop/IRIS/emg_data/closed_vocab/silent/5-19_silent/226_emg.npy,/Users/vedantdwivedi/Desktop/IRIS/silent_speech_alignments/text_alignments/5-9/5-9_226_audio.TextGrid,SO,5.47,5.87,0.40000000000000036,3282,3522,240
226,/Users/vedantdwivedi/Desktop/IRIS/emg_data/closed_vocab/silent/5-19_silent/226_emg.npy,/Users/vedantdwivedi/Desktop/IRIS/silent_speech_alignments/text_alignments/5-9/5-9_226_audio.TextGrid,UNTIL,6.17,6.49,0.3200000000000003,3702,3894,192
226,/Users/vedantdwivedi/Desktop/IRIS/emg_data/closed_vocab/silent/5-19_silent/226_emg.npy,/Users/vedantdwivedi/Desktop/IRIS/silent_speech_alignments/text_alignments/5-9/5-9_226_audio.TextGrid,I,6.49,6.56,0.0699999999999994,3894,3936,42
226,/Users/vedantdwivedi/Desktop/IRIS/emg_data/closed_vocab/silent/5-19_silent/226_emg.npy,/Users/vedantdwivedi/Desktop/IRIS/silent_speech_alignments/text_alignments/5-9/5-9_226_audio.TextGrid,COULD,6.56,6.76,0.20000000000000018,3936,4056,120
226,/Users/vedantdwivedi/Desktop/IRIS/emg_data/closed_vocab/silent/5-19_silent/226_emg.npy,/Users/vedantdwivedi/Desktop/IRIS/silent_speech_alignments/text_alignments/5-9/5-9_226_audio.TextGrid,SEE,6.76,7.21,0.4500000000000002,4056,4260,204
227,/Users/vedantdwivedi/Desktop/IRIS/emg_data/closed_vocab/silent/5-19_silent/227_emg.npy,/Users/vedantdwivedi/Desktop/IRIS/silent_speech_alignments/text_alignments/5-9/5-9_227_audio.TextGrid,HALF,0.93,1.15,0.21999999999999986,558,690,132
227,/Users/vedantdwivedi/Desktop/IRIS/emg_data/closed_vocab/silent/5-19_silent/227_emg.npy,/Users/vedantdwivedi/Desktop/IRIS/silent_speech_alignments/text_alignments/5-9/5-9_227_audio.TextGrid,A,1.15,1.23,0.08000000000000007,690,738,48
227,/Users/vedantdwivedi/Desktop/IRIS/emg_data/closed_vocab/silent/5-19_silent/227_emg.npy,/Users/vedantdwivedi/Desktop/IRIS/silent_speech_alignments/text_alignments/5-9/5-9_227_audio.TextGrid,DOZEN,1.23,1.67,0.43999999999999995,738,1002,264
227,/Users/vedantdwivedi/Desktop/IRIS/emg_data/closed_vocab/silent/5-19_silent/227_emg.npy,/Users/vedantdwivedi/Desktop/IRIS/silent_speech_alignments/text_alignments/5-9/5-9_227_audio.TextGrid,DESERTED,1.7,2.09,0.3899999999999999,1020,1254,234
227,/Users/vedantdwivedi/Desktop/IRIS/emg_data/closed_vocab/silent/5-19_silent/227_emg.npy,/Users/vedantdwivedi/Desktop/IRIS/silent_speech_alignments/text_alignments/5-9/5-9_227_audio.TextGrid,BOATS,2.09,2.64,0.5500000000000003,1254,1584,330
227,/Users/vedantdwivedi/Desktop/IRIS/emg_data/closed_vocab/silent/5-19_silent/227_emg.npy,/Users/vedantdwivedi/Desktop/IRIS/silent_speech_alignments/text_alignments/5-9/5-9_227_audio.TextGrid,PITCHED,3.4,3.76,0.3599999999999999,2040,2256,216
227,/Users/vedantdwivedi/Desktop/IRIS/emg_data/closed_vocab/silent/5-19_silent/227_emg.npy,/Users/vedantdwivedi/Desktop/IRIS/silent_speech_alignments/text_alignments/5-9/5-9_227_audio.TextGrid,AIMLESSLY,3.79,4.5,0.71,2274,2700,426
227,/Users/vedantdwivedi/Desktop/IRIS/emg_data/closed_vocab/silent/5-19_silent/227_emg.npy,/Users/vedantdwivedi/Desktop/IRIS/silent_speech_alignments/text_alignments/5-9/5-9_227_audio.TextGrid,UPON,4.71,4.97,0.2599999999999998,2826,2982,156
227,/Users/vedantdwivedi/Desktop/IRIS/emg_data/closed_vocab/silent/5-19_silent/227_emg.npy,/Users/vedantdwivedi/Desktop/IRIS/silent_speech_alignments/text_alignments/5-9/5-9_227_audio.TextGrid,THE,4.97,5.05,0.08000000000000007,2982,3030,48
227,/Users/vedantdwivedi/Desktop/IRIS/emg_data/closed_vocab/silent/5-19_silent/227_emg.npy,/Users/vedantdwivedi/Desktop/IRIS/silent_speech_alignments/text_alignments/5-9/5-9_227_audio.TextGrid,CONFUSION,5.05,5.63,0.5800000000000001,3030,3108,78
228,/Users/vedantdwivedi/Desktop/IRIS/emg_data/closed_vocab/silent/5-19_silent/228_emg.npy,/Users/vedantdwivedi/Desktop/IRIS/silent_speech_alignments/text_alignments/5-9/5-9_228_audio.TextGrid,THE,0.86,0.98,0.12,516,588,72
228,/Users/vedantdwivedi/Desktop/IRIS/emg_data/closed_vocab/silent/5-19_silent/228_emg.npy,/Users/vedantdwivedi/Desktop/IRIS/silent_speech_alignments/text_alignments/5-9/5-9_228_audio.TextGrid,FALLEN,0.98,1.28,0.30000000000000004,588,768,180
228,/Users/vedantdwivedi/Desktop/IRIS/emg_data/closed_vocab/silent/5-19_silent/228_emg.npy,/Users/vedantdwivedi/Desktop/IRIS/silent_speech_alignments/text_alignments/5-9/5-9_228_audio.TextGrid,MARTIAN,1.28,1.83,0.55,768,1098,330
228,/Users/vedantdwivedi/Desktop/IRIS/emg_data/closed_vocab/silent/5-19_silent/228_emg.npy,/Users/vedantdwivedi/Desktop/IRIS/silent_speech_alignments/text_alignments/5-9/5-9_228_audio.TextGrid,CAME,2.06,2.36,0.2999999999999998,1236,1416,180
228,/Users/vedantdwivedi/Desktop/IRIS/emg_data/closed_vocab/silent/5-19_silent/228_emg.npy,/Users/vedantdwivedi/Desktop/IRIS/silent_speech_alignments/text_alignments/5-9/5-9_228_audio.TextGrid,INTO,2.36,2.56,0.20000000000000018,1416,1536,120
228,/Users/vedantdwivedi/Desktop/IRIS/emg_data/closed_vocab/silent/5-19_silent/228_emg.npy,/Users/vedantdwivedi/Desktop/IRIS/silent_speech_alignments/text_alignments/5-9/5-9_228_audio.TextGrid,SIGHT,2.56,2.92,0.3599999999999999,1536,1752,216
228,/Users/vedantdwivedi/Desktop/IRIS/emg_data/closed_vocab/silent/5-19_silent/228_emg.npy,/Users/vedantdwivedi/Desktop/IRIS/silent_speech_alignments/text_alignments/5-9/5-9_228_audio.TextGrid,DOWNSTREAM,2.92,3.61,0.69,1752,2166,414
228,/Users/vedantdwivedi/Desktop/IRIS/emg_data/closed_vocab/silent/5-19_silent/228_emg.npy,/Users/vedantdwivedi/Desktop/IRIS/silent_speech_alignments/text_alignments/5-9/5-9_228_audio.TextGrid,LYING,4.03,4.38,0.34999999999999964,2418,2628,210
228,/Users/vedantdwivedi/Desktop/IRIS/emg_data/closed_vocab/silent/5-19_silent/228_emg.npy,/Users/vedantdwivedi/Desktop/IRIS/silent_speech_alignments/text_alignments/5-9/5-9_228_audio.TextGrid,ACROSS,4.38,4.73,0.35000000000000053,2628,2838,210
228,/Users/vedantdwivedi/Desktop/IRIS/emg_data/closed_vocab/silent/5-19_silent/228_emg.npy,/Users/vedantdwivedi/Desktop/IRIS/silent_speech_alignments/text_alignments/5-9/5-9_228_audio.TextGrid,THE,4.73,4.81,0.07999999999999918,2838,2886,48
228,/Users/vedantdwivedi/Desktop/IRIS/emg_data/closed_vocab/silent/5-19_silent/228_emg.npy,/Users/vedantdwivedi/Desktop/IRIS/silent_speech_alignments/text_alignments/5-9/5-9_228_audio.TextGrid,RIVER,4.81,5.2,0.39000000000000057,2886,2928,42
229,/Users/vedantdwivedi/Desktop/IRIS/emg_data/closed_vocab/silent/5-19_silent/229_emg.npy,/Users/vedantdwivedi/Desktop/IRIS/silent_speech_alignments/text_alignments/5-9/5-9_229_audio.TextGrid,THICK,1.01,1.34,0.33000000000000007,606,804,198
229,/Users/vedantdwivedi/Desktop/IRIS/emg_data/closed_vocab/silent/5-19_silent/229_emg.npy,/Users/vedantdwivedi/Desktop/IRIS/silent_speech_alignments/text_alignments/5-9/5-9_229_audio.TextGrid,CLOUDS,1.38,1.8,0.42000000000000015,828,1080,252
229,/Users/vedantdwivedi/Desktop/IRIS/emg_data/closed_vocab/silent/5-19_silent/229_emg.npy,/Users/vedantdwivedi/Desktop/IRIS/silent_speech_alignments/text_alignments/5-9/5-9_229_audio.TextGrid,OF,1.8,1.94,0.1399999999999999,1080,1164,84
229,/Users/vedantdwivedi/Desktop/IRIS/emg_data/closed_vocab/silent/5-19_silent/229_emg.npy,/Users/vedantdwivedi/Desktop/IRIS/silent_speech_alignments/text_alignments/5-9/5-9_229_audio.TextGrid,STEAM,1.94,2.38,0.43999999999999995,1164,1428,264
229,/Users/vedantdwivedi/Desktop/IRIS/emg_data/closed_vocab/silent/5-19_silent/229_emg.npy,/Users/vedantdwivedi/Desktop/IRIS/silent_speech_alignments/text_alignments/5-9/5-9_229_audio.TextGrid,WERE,2.41,2.58,0.16999999999999993,1446,1548,102
229,/Users/vedantdwivedi/Desktop/IRIS/emg_data/closed_vocab/silent/5-19_silent/229_emg.npy,/Users/vedantdwivedi/Desktop/IRIS/silent_speech_alignments/text_alignments/5-9/5-9_229_audio.TextGrid,POURING,2.58,3.06,0.48,1548,1836,288
229,/Users/vedantdwivedi/Desktop/IRIS/emg_data/closed_vocab/silent/5-19_silent/229_emg.npy,/Users/vedantdwivedi/Desktop/IRIS/silent_speech_alignments/text_alignments/5-9/5-9_229_audio.TextGrid,OFF,3.06,3.22,0.16000000000000014,1836,1932,96
229,/Users/vedantdwivedi/Desktop/IRIS/emg_data/closed_vocab/silent/5-19_silent/229_emg.npy,/Users/vedantdwivedi/Desktop/IRIS/silent_speech_alignments/text_alignments/5-9/5-9_229_audio.TextGrid,THE,3.22,3.28,0.05999999999999961,1932,1968,36
229,/Users/vedantdwivedi/Desktop/IRIS/emg_data/closed_vocab/silent/5-19_silent/229_emg.npy,/Users/vedantdwivedi/Desktop/IRIS/silent_speech_alignments/text_alignments/5-9/5-9_229_audio.TextGrid,WRECKAGE,3.28,3.81,0.5300000000000002,1968,2286,318
229,/Users/vedantdwivedi/Desktop/IRIS/emg_data/closed_vocab/silent/5-19_silent/229_emg.npy,/Users/vedantdwivedi/Desktop/IRIS/silent_speech_alignments/text_alignments/5-9/5-9_229_audio.TextGrid,AND,4.22,4.34,0.1200000000000001,2532,2604,72
229,/Users/vedantdwivedi/Desktop/IRIS/emg_data/closed_vocab/silent/5-19_silent/229_emg.npy,/Users/vedantdwivedi/Desktop/IRIS/silent_speech_alignments/text_alignments/5-9/5-9_229_audio.TextGrid,THROUGH,4.34,4.54,0.20000000000000018,2604,2724,120
229,/Users/vedantdwivedi/Desktop/IRIS/emg_data/closed_vocab/silent/5-19_silent/229_emg.npy,/Users/vedantdwivedi/Desktop/IRIS/silent_speech_alignments/text_alignments/5-9/5-9_229_audio.TextGrid,THE,4.54,4.64,0.09999999999999964,2724,2784,60
229,/Users/vedantdwivedi/Desktop/IRIS/emg_data/closed_vocab/silent/5-19_silent/229_emg.npy,/Users/vedantdwivedi/Desktop/IRIS/silent_speech_alignments/text_alignments/5-9/5-9_229_audio.TextGrid,TUMULTUOUSLY,4.64,5.57,0.9300000000000006,2784,3126,342
22,/Users/vedantdwivedi/Desktop/IRIS/emg_data/closed_vocab/silent/5-19_silent/22_emg.npy,/Users/vedantdwivedi/Desktop/IRIS/silent_speech_alignments/text_alignments/5-9/5-9_22_audio.TextGrid,AT,1.33,1.48,0.1499999999999999,798,888,90
22,/Users/vedantdwivedi/Desktop/IRIS/emg_data/closed_vocab/silent/5-19_silent/22_emg.npy,/Users/vedantdwivedi/Desktop/IRIS/silent_speech_alignments/text_alignments/5-9/5-9_22_audio.TextGrid,THE,1.48,1.58,0.10000000000000009,888,948,60
22,/Users/vedantdwivedi/Desktop/IRIS/emg_data/closed_vocab/silent/5-19_silent/22_emg.npy,/Users/vedantdwivedi/Desktop/IRIS/silent_speech_alignments/text_alignments/5-9/5-9_22_audio.TextGrid,CORNER,1.58,2.1,0.52,948,1260,312
22,/Users/vedantdwivedi/Desktop/IRIS/emg_data/closed_vocab/silent/5-19_silent/22_emg.npy,/Users/vedantdwivedi/Desktop/IRIS/silent_speech_alignments/text_alignments/5-9/5-9_22_audio.TextGrid,TURNING,2.26,2.59,0.33000000000000007,1356,1554,198
22,/Users/vedantdwivedi/Desktop/IRIS/emg_data/closed_vocab/silent/5-19_silent/22_emg.npy,/Users/vedantdwivedi/Desktop/IRIS/silent_speech_alignments/text_alignments/5-9/5-9_22_audio.TextGrid,UP,2.59,2.77,0.18000000000000016,1554,1662,108
22,/Users/vedantdwivedi/Desktop/IRIS/emg_data/closed_vocab/silent/5-19_silent/22_emg.npy,/Users/vedantdwivedi/Desktop/IRIS/silent_speech_alignments/text_alignments/5-9/5-9_22_audio.TextGrid,TOWARDS,2.77,3.1,0.33000000000000007,1662,1860,198
22,/Users/vedantdwivedi/Desktop/IRIS/emg_data/closed_vocab/silent/5-19_silent/22_emg.npy,/Users/vedantdwivedi/Desktop/IRIS/silent_speech_alignments/text_alignments/5-9/5-9_22_audio.TextGrid,THE,3.1,3.21,0.10999999999999988,1860,1926,66
22,/Users/vedantdwivedi/Desktop/IRIS/emg_data/closed_vocab/silent/5-19_silent/22_emg.npy,/Users/vedantdwivedi/Desktop/IRIS/silent_speech_alignments/text_alignments/5-9/5-9_22_audio.TextGrid,POST,3.21,3.53,0.31999999999999984,1926,2118,192
22,/Users/vedantdwivedi/Desktop/IRIS/emg_data/closed_vocab/silent/5-19_silent/22_emg.npy,/Users/vedantdwivedi/Desktop/IRIS/silent_speech_alignments/text_alignments/5-9/5-9_22_audio.TextGrid,OFFICE,3.53,4.12,0.5900000000000003,2118,2472,354
22,/Users/vedantdwivedi/Desktop/IRIS/emg_data/closed_vocab/silent/5-19_silent/22_emg.npy,/Users/vedantdwivedi/Desktop/IRIS/silent_speech_alignments/text_alignments/5-9/5-9_22_audio.TextGrid,A,4.24,4.35,0.10999999999999943,2544,2610,66
22,/Users/vedantdwivedi/Desktop/IRIS/emg_data/closed_vocab/silent/5-19_silent/22_emg.npy,/Users/vedantdwivedi/Desktop/IRIS/silent_speech_alignments/text_alignments/5-9/5-9_22_audio.TextGrid,LITTLE,4.35,4.57,0.22000000000000064,2610,2742,132
22,/Users/vedantdwivedi/Desktop/IRIS/emg_data/closed_vocab/silent/5-19_silent/22_emg.npy,/Users/vedantdwivedi/Desktop/IRIS/silent_speech_alignments/text_alignments/5-9/5-9_22_audio.TextGrid,CART,4.57,4.97,0.39999999999999947,2742,2982,240
232,/Users/vedantdwivedi/Desktop/IRIS/emg_data/closed_vocab/silent/5-19_silent/232_emg.npy,/Users/vedantdwivedi/Desktop/IRIS/silent_speech_alignments/text_alignments/5-9/5-9_232_audio.TextGrid,THE,0.83,0.92,0.09000000000000008,498,552,54
232,/Users/vedantdwivedi/Desktop/IRIS/emg_data/closed_vocab/silent/5-19_silent/232_emg.npy,/Users/vedantdwivedi/Desktop/IRIS/silent_speech_alignments/text_alignments/5-9/5-9_232_audio.TextGrid,TENTACLES,0.92,1.49,0.57,552,894,342
232,/Users/vedantdwivedi/Desktop/IRIS/emg_data/closed_vocab/silent/5-19_silent/232_emg.npy,/Users/vedantdwivedi/Desktop/IRIS/silent_speech_alignments/text_alignments/5-9/5-9_232_audio.TextGrid,SWAYED,1.52,1.99,0.47,912,1194,282
232,/Users/vedantdwivedi/Desktop/IRIS/emg_data/closed_vocab/silent/5-19_silent/232_emg.npy,/Users/vedantdwivedi/Desktop/IRIS/silent_speech_alignments/text_alignments/5-9/5-9_232_audio.TextGrid,AND,1.99,2.14,0.15000000000000013,1194,1284,90
232,/Users/vedantdwivedi/Desktop/IRIS/emg_data/closed_vocab/silent/5-19_silent/232_emg.npy,/Users/vedantdwivedi/Desktop/IRIS/silent_speech_alignments/text_alignments/5-9/5-9_232_audio.TextGrid,STRUCK,2.14,2.57,0.4299999999999997,1284,1542,258
232,/Users/vedantdwivedi/Desktop/IRIS/emg_data/closed_vocab/silent/5-19_silent/232_emg.npy,/Users/vedantdwivedi/Desktop/IRIS/silent_speech_alignments/text_alignments/5-9/5-9_232_audio.TextGrid,LIKE,2.77,3.0,0.22999999999999998,1662,1800,138
232,/Users/vedantdwivedi/Desktop/IRIS/emg_data/closed_vocab/silent/5-19_silent/232_emg.npy,/Users/vedantdwivedi/Desktop/IRIS/silent_speech_alignments/text_alignments/5-9/5-9_232_audio.TextGrid,LIVING,3.0,3.29,0.29000000000000004,1800,1974,174
232,/Users/vedantdwivedi/Desktop/IRIS/emg_data/closed_vocab/silent/5-19_silent/232_emg.npy,/Users/vedantdwivedi/Desktop/IRIS/silent_speech_alignments/text_alignments/5-9/5-9_232_audio.TextGrid,ARMS,3.29,3.88,0.5899999999999999,1974,2328,354
232,/Users/vedantdwivedi/Desktop/IRIS/emg_data/closed_vocab/silent/5-19_silent/232_emg.npy,/Users/vedantdwivedi/Desktop/IRIS/silent_speech_alignments/text_alignments/5-9/5-9_232_audio.TextGrid,AND,4.02,4.38,0.3600000000000003,2412,2628,216
232,/Users/vedantdwivedi/Desktop/IRIS/emg_data/closed_vocab/silent/5-19_silent/232_emg.npy,/Users/vedantdwivedi/Desktop/IRIS/silent_speech_alignments/text_alignments/5-9/5-9_232_audio.TextGrid,SAVE,4.71,5.12,0.41000000000000014,2826,3072,246
232,/Users/vedantdwivedi/Desktop/IRIS/emg_data/closed_vocab/silent/5-19_silent/232_emg.npy,/Users/vedantdwivedi/Desktop/IRIS/silent_speech_alignments/text_alignments/5-9/5-9_232_audio.TextGrid,FOR,5.16,5.29,0.1299999999999999,3096,3174,78
232,/Users/vedantdwivedi/Desktop/IRIS/emg_data/closed_vocab/silent/5-19_silent/232_emg.npy,/Users/vedantdwivedi/Desktop/IRIS/silent_speech_alignments/text_alignments/5-9/5-9_232_audio.TextGrid,THE,5.29,5.38,0.08999999999999986,3174,3228,54
232,/Users/vedantdwivedi/Desktop/IRIS/emg_data/closed_vocab/silent/5-19_silent/232_emg.npy,/Users/vedantdwivedi/Desktop/IRIS/silent_speech_alignments/text_alignments/5-9/5-9_232_audio.TextGrid,HELPLESS,5.38,5.99,0.6100000000000003,3228,3246,18
235,/Users/vedantdwivedi/Desktop/IRIS/emg_data/closed_vocab/silent/5-19_silent/235_emg.npy,/Users/vedantdwivedi/Desktop/IRIS/silent_speech_alignments/text_alignments/5-9/5-9_235_audio.TextGrid,A,1.11,1.22,0.10999999999999988,666,732,66
235,/Users/vedantdwivedi/Desktop/IRIS/emg_data/closed_vocab/silent/5-19_silent/235_emg.npy,/Users/vedantdwivedi/Desktop/IRIS/silent_speech_alignments/text_alignments/5-9/5-9_235_audio.TextGrid,MAN,1.22,1.73,0.51,732,1038,306
235,/Users/vedantdwivedi/Desktop/IRIS/emg_data/closed_vocab/silent/5-19_silent/235_emg.npy,/Users/vedantdwivedi/Desktop/IRIS/silent_speech_alignments/text_alignments/5-9/5-9_235_audio.TextGrid,KNEE,1.76,2.05,0.2899999999999998,1056,1230,174
235,/Users/vedantdwivedi/Desktop/IRIS/emg_data/closed_vocab/silent/5-19_silent/235_emg.npy,/Users/vedantdwivedi/Desktop/IRIS/silent_speech_alignments/text_alignments/5-9/5-9_235_audio.TextGrid,DEEP,2.05,2.4,0.3500000000000001,1230,1440,210
235,/Users/vedantdwivedi/Desktop/IRIS/emg_data/closed_vocab/silent/5-19_silent/235_emg.npy,/Users/vedantdwivedi/Desktop/IRIS/silent_speech_alignments/text_alignments/5-9/5-9_235_audio.TextGrid,NEAR,2.57,2.73,0.16000000000000014,1542,1638,96
235,/Users/vedantdwivedi/Desktop/IRIS/emg_data/closed_vocab/silent/5-19_silent/235_emg.npy,/Users/vedantdwivedi/Desktop/IRIS/silent_speech_alignments/text_alignments/5-9/5-9_235_audio.TextGrid,THE,2.73,2.85,0.1200000000000001,1638,1710,72
235,/Users/vedantdwivedi/Desktop/IRIS/emg_data/closed_vocab/silent/5-19_silent/235_emg.npy,/Users/vedantdwivedi/Desktop/IRIS/silent_speech_alignments/text_alignments/5-9/5-9_235_audio.TextGrid,TOWING,2.85,3.18,0.33000000000000007,1710,1908,198
235,/Users/vedantdwivedi/Desktop/IRIS/emg_data/closed_vocab/silent/5-19_silent/235_emg.npy,/Users/vedantdwivedi/Desktop/IRIS/silent_speech_alignments/text_alignments/5-9/5-9_235_audio.TextGrid,PATH,3.18,3.55,0.36999999999999966,1908,2130,222
235,/Users/vedantdwivedi/Desktop/IRIS/emg_data/closed_vocab/silent/5-19_silent/235_emg.npy,/Users/vedantdwivedi/Desktop/IRIS/silent_speech_alignments/text_alignments/5-9/5-9_235_audio.TextGrid,SHOUTED,3.92,4.34,0.41999999999999993,2352,2604,252
235,/Users/vedantdwivedi/Desktop/IRIS/emg_data/closed_vocab/silent/5-19_silent/235_emg.npy,/Users/vedantdwivedi/Desktop/IRIS/silent_speech_alignments/text_alignments/5-9/5-9_235_audio.TextGrid,INAUDIBLY,4.34,5.03,0.6900000000000004,2604,3018,414
235,/Users/vedantdwivedi/Desktop/IRIS/emg_data/closed_vocab/silent/5-19_silent/235_emg.npy,/Users/vedantdwivedi/Desktop/IRIS/silent_speech_alignments/text_alignments/5-9/5-9_235_audio.TextGrid,TO,5.06,5.19,0.13000000000000078,3036,3090,54
238,/Users/vedantdwivedi/Desktop/IRIS/emg_data/closed_vocab/silent/5-19_silent/238_emg.npy,/Users/vedantdwivedi/Desktop/IRIS/silent_speech_alignments/text_alignments/5-9/5-9_238_audio.TextGrid,LOOKING,0.77,1.09,0.32000000000000006,462,654,192
238,/Users/vedantdwivedi/Desktop/IRIS/emg_data/closed_vocab/silent/5-19_silent/238_emg.npy,/Users/vedantdwivedi/Desktop/IRIS/silent_speech_alignments/text_alignments/5-9/5-9_238_audio.TextGrid,BACK,1.09,1.45,0.3599999999999999,654,870,216
238,/Users/vedantdwivedi/Desktop/IRIS/emg_data/closed_vocab/silent/5-19_silent/238_emg.npy,/Users/vedantdwivedi/Desktop/IRIS/silent_speech_alignments/text_alignments/5-9/5-9_238_audio.TextGrid,I,1.73,1.84,0.1100000000000001,1038,1104,66
238,/Users/vedantdwivedi/Desktop/IRIS/emg_data/closed_vocab/silent/5-19_silent/238_emg.npy,/Users/vedantdwivedi/Desktop/IRIS/silent_speech_alignments/text_alignments/5-9/5-9_238_audio.TextGrid,SAW,1.84,1.98,0.1399999999999999,1104,1188,84
238,/Users/vedantdwivedi/Desktop/IRIS/emg_data/closed_vocab/silent/5-19_silent/238_emg.npy,/Users/vedantdwivedi/Desktop/IRIS/silent_speech_alignments/text_alignments/5-9/5-9_238_audio.TextGrid,THE,1.98,2.14,0.16000000000000014,1188,1284,96
238,/Users/vedantdwivedi/Desktop/IRIS/emg_data/closed_vocab/silent/5-19_silent/238_emg.npy,/Users/vedantdwivedi/Desktop/IRIS/silent_speech_alignments/text_alignments/5-9/5-9_238_audio.TextGrid,OTHER,2.14,2.33,0.18999999999999995,1284,1398,114
238,/Users/vedantdwivedi/Desktop/IRIS/emg_data/closed_vocab/silent/5-19_silent/238_emg.npy,/Users/vedantdwivedi/Desktop/IRIS/silent_speech_alignments/text_alignments/5-9/5-9_238_audio.TextGrid,MARTIANS,2.33,2.76,0.4299999999999997,1398,1656,258
238,/Users/vedantdwivedi/Desktop/IRIS/emg_data/closed_vocab/silent/5-19_silent/238_emg.npy,/Users/vedantdwivedi/Desktop/IRIS/silent_speech_alignments/text_alignments/5-9/5-9_238_audio.TextGrid,ADVANCING,2.76,3.41,0.6500000000000004,1656,2046,390
238,/Users/vedantdwivedi/Desktop/IRIS/emg_data/closed_vocab/silent/5-19_silent/238_emg.npy,/Users/vedantdwivedi/Desktop/IRIS/silent_speech_alignments/text_alignments/5-9/5-9_238_audio.TextGrid,WITH,3.74,3.89,0.1499999999999999,2244,2334,90
238,/Users/vedantdwivedi/Desktop/IRIS/emg_data/closed_vocab/silent/5-19_silent/238_emg.npy,/Users/vedantdwivedi/Desktop/IRIS/silent_speech_alignments/text_alignments/5-9/5-9_238_audio.TextGrid,GIGANTIC,3.89,4.41,0.52,2334,2646,312
238,/Users/vedantdwivedi/Desktop/IRIS/emg_data/closed_vocab/silent/5-19_silent/238_emg.npy,/Users/vedantdwivedi/Desktop/IRIS/silent_speech_alignments/text_alignments/5-9/5-9_238_audio.TextGrid,STRIDES,4.41,5.23,0.8200000000000003,2646,2718,72
239,/Users/vedantdwivedi/Desktop/IRIS/emg_data/closed_vocab/silent/5-19_silent/239_emg.npy,/Users/vedantdwivedi/Desktop/IRIS/silent_speech_alignments/text_alignments/5-9/5-9_239_audio.TextGrid,THE,0.97,1.05,0.08000000000000007,582,630,48
239,/Users/vedantdwivedi/Desktop/IRIS/emg_data/closed_vocab/silent/5-19_silent/239_emg.npy,/Users/vedantdwivedi/Desktop/IRIS/silent_speech_alignments/text_alignments/5-9/5-9_239_audio.TextGrid,SHEPPERTON,1.05,1.54,0.49,630,924,294
239,/Users/vedantdwivedi/Desktop/IRIS/emg_data/closed_vocab/silent/5-19_silent/239_emg.npy,/Users/vedantdwivedi/Desktop/IRIS/silent_speech_alignments/text_alignments/5-9/5-9_239_audio.TextGrid,GUNS,1.54,2.06,0.52,924,1236,312
239,/Users/vedantdwivedi/Desktop/IRIS/emg_data/closed_vocab/silent/5-19_silent/239_emg.npy,/Users/vedantdwivedi/Desktop/IRIS/silent_speech_alignments/text_alignments/5-9/5-9_239_audio.TextGrid,SPOKE,2.09,2.49,0.40000000000000036,1254,1494,240
239,/Users/vedantdwivedi/Desktop/IRIS/emg_data/closed_vocab/silent/5-19_silent/239_emg.npy,/Users/vedantdwivedi/Desktop/IRIS/silent_speech_alignments/text_alignments/5-9/5-9_239_audio.TextGrid,THIS,2.49,2.65,0.1599999999999997,1494,1590,96
239,/Users/vedantdwivedi/Desktop/IRIS/emg_data/closed_vocab/silent/5-19_silent/239_emg.npy,/Users/vedantdwivedi/Desktop/IRIS/silent_speech_alignments/text_alignments/5-9/5-9_239_audio.TextGrid,TIME,2.65,3.08,0.43000000000000016,1590,1848,258
239,/Users/vedantdwivedi/Desktop/IRIS/emg_data/closed_vocab/silent/5-19_silent/239_emg.npy,/Users/vedantdwivedi/Desktop/IRIS/silent_speech_alignments/text_alignments/5-9/5-9_239_audio.TextGrid,UNAVAILINGLY,3.6,4.44,0.8400000000000003,2160,2430,270
23,/Users/vedantdwivedi/Desktop/IRIS/emg_data/closed_vocab/silent/5-19_silent/23_emg.npy,/Users/vedantdwivedi/Desktop/IRIS/silent_speech_alignments/text_alignments/5-9/5-9_23_audio.TextGrid,A,1.23,1.35,0.1200000000000001,738,810,72
23,/Users/vedantdwivedi/Desktop/IRIS/emg_data/closed_vocab/silent/5-19_silent/23_emg.npy,/Users/vedantdwivedi/Desktop/IRIS/silent_speech_alignments/text_alignments/5-9/5-9_23_audio.TextGrid,CASH,1.35,1.7,0.34999999999999987,810,1020,210
23,/Users/vedantdwivedi/Desktop/IRIS/emg_data/closed_vocab/silent/5-19_silent/23_emg.npy,/Users/vedantdwivedi/Desktop/IRIS/silent_speech_alignments/text_alignments/5-9/5-9_23_audio.TextGrid,BOX,1.7,2.15,0.44999999999999996,1020,1290,270
23,/Users/vedantdwivedi/Desktop/IRIS/emg_data/closed_vocab/silent/5-19_silent/23_emg.npy,/Users/vedantdwivedi/Desktop/IRIS/silent_speech_alignments/text_alignments/5-9/5-9_23_audio.TextGrid,HAD,2.18,2.35,0.16999999999999993,1308,1410,102
23,/Users/vedantdwivedi/Desktop/IRIS/emg_data/closed_vocab/silent/5-19_silent/23_emg.npy,/Users/vedantdwivedi/Desktop/IRIS/silent_speech_alignments/text_alignments/5-9/5-9_23_audio.TextGrid,BEEN,2.35,2.5,0.1499999999999999,1410,1500,90
23,/Users/vedantdwivedi/Desktop/IRIS/emg_data/closed_vocab/silent/5-19_silent/23_emg.npy,/Users/vedantdwivedi/Desktop/IRIS/silent_speech_alignments/text_alignments/5-9/5-9_23_audio.TextGrid,HASTILY,2.5,2.97,0.4700000000000002,1500,1782,282
23,/Users/vedantdwivedi/Desktop/IRIS/emg_data/closed_vocab/silent/5-19_silent/23_emg.npy,/Users/vedantdwivedi/Desktop/IRIS/silent_speech_alignments/text_alignments/5-9/5-9_23_audio.TextGrid,SMASHED,2.97,3.42,0.44999999999999973,1782,2052,270
23,/Users/vedantdwivedi/Desktop/IRIS/emg_data/closed_vocab/silent/5-19_silent/23_emg.npy,/Users/vedantdwivedi/Desktop/IRIS/silent_speech_alignments/text_alignments/5-9/5-9_23_audio.TextGrid,OPEN,3.42,3.87,0.4500000000000002,2052,2322,270
23,/Users/vedantdwivedi/Desktop/IRIS/emg_data/closed_vocab/silent/5-19_silent/23_emg.npy,/Users/vedantdwivedi/Desktop/IRIS/silent_speech_alignments/text_alignments/5-9/5-9_23_audio.TextGrid,AND,4.26,4.43,0.16999999999999993,2556,2658,102
23,/Users/vedantdwivedi/Desktop/IRIS/emg_data/closed_vocab/silent/5-19_silent/23_emg.npy,/Users/vedantdwivedi/Desktop/IRIS/silent_speech_alignments/text_alignments/5-9/5-9_23_audio.TextGrid,THROWN,4.43,4.98,0.5500000000000007,2658,2862,204
240,/Users/vedantdwivedi/Desktop/IRIS/emg_data/closed_vocab/silent/5-19_silent/240_emg.npy,/Users/vedantdwivedi/Desktop/IRIS/silent_speech_alignments/text_alignments/5-9/5-9_240_audio.TextGrid,AT,1.26,1.45,0.18999999999999995,756,870,114
240,/Users/vedantdwivedi/Desktop/IRIS/emg_data/closed_vocab/silent/5-19_silent/240_emg.npy,/Users/vedantdwivedi/Desktop/IRIS/silent_speech_alignments/text_alignments/5-9/5-9_240_audio.TextGrid,THAT,1.45,1.74,0.29000000000000004,870,1044,174
240,/Users/vedantdwivedi/Desktop/IRIS/emg_data/closed_vocab/silent/5-19_silent/240_emg.npy,/Users/vedantdwivedi/Desktop/IRIS/silent_speech_alignments/text_alignments/5-9/5-9_240_audio.TextGrid,I,1.74,1.81,0.07000000000000006,1044,1086,42
240,/Users/vedantdwivedi/Desktop/IRIS/emg_data/closed_vocab/silent/5-19_silent/240_emg.npy,/Users/vedantdwivedi/Desktop/IRIS/silent_speech_alignments/text_alignments/5-9/5-9_240_audio.TextGrid,DUCKED,1.81,2.14,0.33000000000000007,1086,1284,198
240,/Users/vedantdwivedi/Desktop/IRIS/emg_data/closed_vocab/silent/5-19_silent/240_emg.npy,/Users/vedantdwivedi/Desktop/IRIS/silent_speech_alignments/text_alignments/5-9/5-9_240_audio.TextGrid,AT,2.14,2.3,0.1599999999999997,1284,1380,96
240,/Users/vedantdwivedi/Desktop/IRIS/emg_data/closed_vocab/silent/5-19_silent/240_emg.npy,/Users/vedantdwivedi/Desktop/IRIS/silent_speech_alignments/text_alignments/5-9/5-9_240_audio.TextGrid,ONCE,2.3,2.66,0.3600000000000003,1380,1596,216
240,/Users/vedantdwivedi/Desktop/IRIS/emg_data/closed_vocab/silent/5-19_silent/240_emg.npy,/Users/vedantdwivedi/Desktop/IRIS/silent_speech_alignments/text_alignments/5-9/5-9_240_audio.TextGrid,UNDER,2.66,2.87,0.20999999999999996,1596,1722,126
240,/Users/vedantdwivedi/Desktop/IRIS/emg_data/closed_vocab/silent/5-19_silent/240_emg.npy,/Users/vedantdwivedi/Desktop/IRIS/silent_speech_alignments/text_alignments/5-9/5-9_240_audio.TextGrid,WATER,2.87,3.3,0.4299999999999997,1722,1980,258
240,/Users/vedantdwivedi/Desktop/IRIS/emg_data/closed_vocab/silent/5-19_silent/240_emg.npy,/Users/vedantdwivedi/Desktop/IRIS/silent_speech_alignments/text_alignments/5-9/5-9_240_audio.TextGrid,AND,3.64,3.88,0.23999999999999977,2184,2328,144
240,/Users/vedantdwivedi/Desktop/IRIS/emg_data/closed_vocab/silent/5-19_silent/240_emg.npy,/Users/vedantdwivedi/Desktop/IRIS/silent_speech_alignments/text_alignments/5-9/5-9_240_audio.TextGrid,HOLDING,3.88,4.2,0.3200000000000003,2328,2520,192
240,/Users/vedantdwivedi/Desktop/IRIS/emg_data/closed_vocab/silent/5-19_silent/240_emg.npy,/Users/vedantdwivedi/Desktop/IRIS/silent_speech_alignments/text_alignments/5-9/5-9_240_audio.TextGrid,MY,4.2,4.32,0.1200000000000001,2520,2592,72
240,/Users/vedantdwivedi/Desktop/IRIS/emg_data/closed_vocab/silent/5-19_silent/240_emg.npy,/Users/vedantdwivedi/Desktop/IRIS/silent_speech_alignments/text_alignments/5-9/5-9_240_audio.TextGrid,BREATH,4.32,4.72,0.39999999999999947,2592,2616,24
241,/Users/vedantdwivedi/Desktop/IRIS/emg_data/closed_vocab/silent/5-19_silent/241_emg.npy,/Users/vedantdwivedi/Desktop/IRIS/silent_speech_alignments/text_alignments/5-9/5-9_241_audio.TextGrid,THE,1.05,1.15,0.09999999999999987,630,690,60
241,/Users/vedantdwivedi/Desktop/IRIS/emg_data/closed_vocab/silent/5-19_silent/241_emg.npy,/Users/vedantdwivedi/Desktop/IRIS/silent_speech_alignments/text_alignments/5-9/5-9_241_audio.TextGrid,WATER,1.15,1.63,0.48,690,978,288
241,/Users/vedantdwivedi/Desktop/IRIS/emg_data/closed_vocab/silent/5-19_silent/241_emg.npy,/Users/vedantdwivedi/Desktop/IRIS/silent_speech_alignments/text_alignments/5-9/5-9_241_audio.TextGrid,WAS,1.66,1.81,0.15000000000000013,996,1086,90
241,/Users/vedantdwivedi/Desktop/IRIS/emg_data/closed_vocab/silent/5-19_silent/241_emg.npy,/Users/vedantdwivedi/Desktop/IRIS/silent_speech_alignments/text_alignments/5-9/5-9_241_audio.TextGrid,IN,1.81,1.87,0.06000000000000005,1086,1122,36
241,/Users/vedantdwivedi/Desktop/IRIS/emg_data/closed_vocab/silent/5-19_silent/241_emg.npy,/Users/vedantdwivedi/Desktop/IRIS/silent_speech_alignments/text_alignments/5-9/5-9_241_audio.TextGrid,A,1.87,1.95,0.07999999999999985,1122,1170,48
241,/Users/vedantdwivedi/Desktop/IRIS/emg_data/closed_vocab/silent/5-19_silent/241_emg.npy,/Users/vedantdwivedi/Desktop/IRIS/silent_speech_alignments/text_alignments/5-9/5-9_241_audio.TextGrid,TUMULT,1.95,2.32,0.3699999999999999,1170,1392,222
241,/Users/vedantdwivedi/Desktop/IRIS/emg_data/closed_vocab/silent/5-19_silent/241_emg.npy,/Users/vedantdwivedi/Desktop/IRIS/silent_speech_alignments/text_alignments/5-9/5-9_241_audio.TextGrid,ABOUT,2.32,2.62,0.30000000000000027,1392,1572,180
241,/Users/vedantdwivedi/Desktop/IRIS/emg_data/closed_vocab/silent/5-19_silent/241_emg.npy,/Users/vedantdwivedi/Desktop/IRIS/silent_speech_alignments/text_alignments/5-9/5-9_241_audio.TextGrid,ME,2.62,2.88,0.2599999999999998,1572,1728,156
241,/Users/vedantdwivedi/Desktop/IRIS/emg_data/closed_vocab/silent/5-19_silent/241_emg.npy,/Users/vedantdwivedi/Desktop/IRIS/silent_speech_alignments/text_alignments/5-9/5-9_241_audio.TextGrid,AND,3.4,3.57,0.16999999999999993,2040,2142,102
241,/Users/vedantdwivedi/Desktop/IRIS/emg_data/closed_vocab/silent/5-19_silent/241_emg.npy,/Users/vedantdwivedi/Desktop/IRIS/silent_speech_alignments/text_alignments/5-9/5-9_241_audio.TextGrid,RAPIDLY,3.57,4.03,0.4600000000000004,2142,2286,144
242,/Users/vedantdwivedi/Desktop/IRIS/emg_data/closed_vocab/silent/5-19_silent/242_emg.npy,/Users/vedantdwivedi/Desktop/IRIS/silent_speech_alignments/text_alignments/5-9/5-9_242_audio.TextGrid,WHEN,1.22,1.43,0.20999999999999996,732,858,126
242,/Users/vedantdwivedi/Desktop/IRIS/emg_data/closed_vocab/silent/5-19_silent/242_emg.npy,/Users/vedantdwivedi/Desktop/IRIS/silent_speech_alignments/text_alignments/5-9/5-9_242_audio.TextGrid,FOR,1.43,1.58,0.15000000000000013,858,948,90
242,/Users/vedantdwivedi/Desktop/IRIS/emg_data/closed_vocab/silent/5-19_silent/242_emg.npy,/Users/vedantdwivedi/Desktop/IRIS/silent_speech_alignments/text_alignments/5-9/5-9_242_audio.TextGrid,A,1.58,1.65,0.06999999999999984,948,990,42
242,/Users/vedantdwivedi/Desktop/IRIS/emg_data/closed_vocab/silent/5-19_silent/242_emg.npy,/Users/vedantdwivedi/Desktop/IRIS/silent_speech_alignments/text_alignments/5-9/5-9_242_audio.TextGrid,MOMENT,1.65,2.0,0.3500000000000001,990,1200,210
242,/Users/vedantdwivedi/Desktop/IRIS/emg_data/closed_vocab/silent/5-19_silent/242_emg.npy,/Users/vedantdwivedi/Desktop/IRIS/silent_speech_alignments/text_alignments/5-9/5-9_242_audio.TextGrid,I,2.03,2.14,0.11000000000000032,1218,1284,66
242,/Users/vedantdwivedi/Desktop/IRIS/emg_data/closed_vocab/silent/5-19_silent/242_emg.npy,/Users/vedantdwivedi/Desktop/IRIS/silent_speech_alignments/text_alignments/5-9/5-9_242_audio.TextGrid,RAISED,2.14,2.46,0.31999999999999984,1284,1476,192
242,/Users/vedantdwivedi/Desktop/IRIS/emg_data/closed_vocab/silent/5-19_silent/242_emg.npy,/Users/vedantdwivedi/Desktop/IRIS/silent_speech_alignments/text_alignments/5-9/5-9_242_audio.TextGrid,MY,2.46,2.6,0.14000000000000012,1476,1560,84
242,/Users/vedantdwivedi/Desktop/IRIS/emg_data/closed_vocab/silent/5-19_silent/242_emg.npy,/Users/vedantdwivedi/Desktop/IRIS/silent_speech_alignments/text_alignments/5-9/5-9_242_audio.TextGrid,HEAD,2.6,2.96,0.3599999999999999,1560,1776,216
242,/Users/vedantdwivedi/Desktop/IRIS/emg_data/closed_vocab/silent/5-19_silent/242_emg.npy,/Users/vedantdwivedi/Desktop/IRIS/silent_speech_alignments/text_alignments/5-9/5-9_242_audio.TextGrid,TO,3.2,3.33,0.1299999999999999,1920,1998,78
242,/Users/vedantdwivedi/Desktop/IRIS/emg_data/closed_vocab/silent/5-19_silent/242_emg.npy,/Users/vedantdwivedi/Desktop/IRIS/silent_speech_alignments/text_alignments/5-9/5-9_242_audio.TextGrid,TAKE,3.33,3.57,0.23999999999999977,1998,2142,144
242,/Users/vedantdwivedi/Desktop/IRIS/emg_data/closed_vocab/silent/5-19_silent/242_emg.npy,/Users/vedantdwivedi/Desktop/IRIS/silent_speech_alignments/text_alignments/5-9/5-9_242_audio.TextGrid,BREATH,3.57,3.99,0.4200000000000004,2142,2394,252
242,/Users/vedantdwivedi/Desktop/IRIS/emg_data/closed_vocab/silent/5-19_silent/242_emg.npy,/Users/vedantdwivedi/Desktop/IRIS/silent_speech_alignments/text_alignments/5-9/5-9_242_audio.TextGrid,AND,4.24,4.36,0.1200000000000001,2544,2616,72
242,/Users/vedantdwivedi/Desktop/IRIS/emg_data/closed_vocab/silent/5-19_silent/242_emg.npy,/Users/vedantdwivedi/Desktop/IRIS/silent_speech_alignments/text_alignments/5-9/5-9_242_audio.TextGrid,THROW,4.36,4.68,0.3199999999999994,2616,2622,6
243,/Users/vedantdwivedi/Desktop/IRIS/emg_data/closed_vocab/silent/5-19_silent/243_emg.npy,/Users/vedantdwivedi/Desktop/IRIS/silent_speech_alignments/text_alignments/5-9/5-9_243_audio.TextGrid,THE,0.84,0.97,0.13,504,582,78
243,/Users/vedantdwivedi/Desktop/IRIS/emg_data/closed_vocab/silent/5-19_silent/243_emg.npy,/Users/vedantdwivedi/Desktop/IRIS/silent_speech_alignments/text_alignments/5-9/5-9_243_audio.TextGrid,NOISE,0.97,1.32,0.3500000000000001,582,792,210
243,/Users/vedantdwivedi/Desktop/IRIS/emg_data/closed_vocab/silent/5-19_silent/243_emg.npy,/Users/vedantdwivedi/Desktop/IRIS/silent_speech_alignments/text_alignments/5-9/5-9_243_audio.TextGrid,WAS,1.32,1.5,0.17999999999999994,792,900,108
243,/Users/vedantdwivedi/Desktop/IRIS/emg_data/closed_vocab/silent/5-19_silent/243_emg.npy,/Users/vedantdwivedi/Desktop/IRIS/silent_speech_alignments/text_alignments/5-9/5-9_243_audio.TextGrid,DEAFENING,1.5,2.09,0.5899999999999999,900,1254,354
244,/Users/vedantdwivedi/Desktop/IRIS/emg_data/closed_vocab/silent/5-19_silent/244_emg.npy,/Users/vedantdwivedi/Desktop/IRIS/silent_speech_alignments/text_alignments/5-9/5-9_244_audio.TextGrid,THEN,1.24,1.61,0.3700000000000001,744,966,222
244,/Users/vedantdwivedi/Desktop/IRIS/emg_data/closed_vocab/silent/5-19_silent/244_emg.npy,/Users/vedantdwivedi/Desktop/IRIS/silent_speech_alignments/text_alignments/5-9/5-9_244_audio.TextGrid,I,1.61,1.71,0.09999999999999987,966,1026,60
244,/Users/vedantdwivedi/Desktop/IRIS/emg_data/closed_vocab/silent/5-19_silent/244_emg.npy,/Users/vedantdwivedi/Desktop/IRIS/silent_speech_alignments/text_alignments/5-9/5-9_244_audio.TextGrid,SAW,1.71,2.03,0.31999999999999984,1026,1218,192
244,/Users/vedantdwivedi/Desktop/IRIS/emg_data/closed_vocab/silent/5-19_silent/244_emg.npy,/Users/vedantdwivedi/Desktop/IRIS/silent_speech_alignments/text_alignments/5-9/5-9_244_audio.TextGrid,THEM,2.03,2.23,0.20000000000000018,1218,1338,120
244,/Users/vedantdwivedi/Desktop/IRIS/emg_data/closed_vocab/silent/5-19_silent/244_emg.npy,/Users/vedantdwivedi/Desktop/IRIS/silent_speech_alignments/text_alignments/5-9/5-9_244_audio.TextGrid,DIMLY,2.23,2.76,0.5299999999999998,1338,1656,318
244,/Users/vedantdwivedi/Desktop/IRIS/emg_data/closed_vocab/silent/5-19_silent/244_emg.npy,/Users/vedantdwivedi/Desktop/IRIS/silent_speech_alignments/text_alignments/5-9/5-9_244_audio.TextGrid,COLOSSAL,2.95,3.47,0.52,1770,2082,312
244,/Users/vedantdwivedi/Desktop/IRIS/emg_data/closed_vocab/silent/5-19_silent/244_emg.npy,/Users/vedantdwivedi/Desktop/IRIS/silent_speech_alignments/text_alignments/5-9/5-9_244_audio.TextGrid,FIGURES,3.47,3.86,0.3899999999999997,2082,2316,234
244,/Users/vedantdwivedi/Desktop/IRIS/emg_data/closed_vocab/silent/5-19_silent/244_emg.npy,/Users/vedantdwivedi/Desktop/IRIS/silent_speech_alignments/text_alignments/5-9/5-9_244_audio.TextGrid,OF,3.86,3.97,0.11000000000000032,2316,2382,66
244,/Users/vedantdwivedi/Desktop/IRIS/emg_data/closed_vocab/silent/5-19_silent/244_emg.npy,/Users/vedantdwivedi/Desktop/IRIS/silent_speech_alignments/text_alignments/5-9/5-9_244_audio.TextGrid,GREY,3.97,4.44,0.4700000000000002,2382,2664,282
245,/Users/vedantdwivedi/Desktop/IRIS/emg_data/closed_vocab/silent/5-19_silent/245_emg.npy,/Users/vedantdwivedi/Desktop/IRIS/silent_speech_alignments/text_alignments/5-9/5-9_245_audio.TextGrid,THEY,0.86,0.99,0.13,516,594,78
245,/Users/vedantdwivedi/Desktop/IRIS/emg_data/closed_vocab/silent/5-19_silent/245_emg.npy,/Users/vedantdwivedi/Desktop/IRIS/silent_speech_alignments/text_alignments/5-9/5-9_245_audio.TextGrid,HAD,0.99,1.16,0.16999999999999993,594,696,102
245,/Users/vedantdwivedi/Desktop/IRIS/emg_data/closed_vocab/silent/5-19_silent/245_emg.npy,/Users/vedantdwivedi/Desktop/IRIS/silent_speech_alignments/text_alignments/5-9/5-9_245_audio.TextGrid,PASSED,1.16,1.47,0.31000000000000005,696,882,186
245,/Users/vedantdwivedi/Desktop/IRIS/emg_data/closed_vocab/silent/5-19_silent/245_emg.npy,/Users/vedantdwivedi/Desktop/IRIS/silent_speech_alignments/text_alignments/5-9/5-9_245_audio.TextGrid,BY,1.47,1.69,0.21999999999999997,882,1014,132
245,/Users/vedantdwivedi/Desktop/IRIS/emg_data/closed_vocab/silent/5-19_silent/245_emg.npy,/Users/vedantdwivedi/Desktop/IRIS/silent_speech_alignments/text_alignments/5-9/5-9_245_audio.TextGrid,ME,1.69,2.0,0.31000000000000005,1014,1200,186
245,/Users/vedantdwivedi/Desktop/IRIS/emg_data/closed_vocab/silent/5-19_silent/245_emg.npy,/Users/vedantdwivedi/Desktop/IRIS/silent_speech_alignments/text_alignments/5-9/5-9_245_audio.TextGrid,AND,2.35,2.58,0.22999999999999998,1410,1548,138
245,/Users/vedantdwivedi/Desktop/IRIS/emg_data/closed_vocab/silent/5-19_silent/245_emg.npy,/Users/vedantdwivedi/Desktop/IRIS/silent_speech_alignments/text_alignments/5-9/5-9_245_audio.TextGrid,TWO,2.61,2.91,0.30000000000000027,1566,1746,180
245,/Users/vedantdwivedi/Desktop/IRIS/emg_data/closed_vocab/silent/5-19_silent/245_emg.npy,/Users/vedantdwivedi/Desktop/IRIS/silent_speech_alignments/text_alignments/5-9/5-9_245_audio.TextGrid,WERE,2.91,3.06,0.1499999999999999,1746,1836,90
245,/Users/vedantdwivedi/Desktop/IRIS/emg_data/closed_vocab/silent/5-19_silent/245_emg.npy,/Users/vedantdwivedi/Desktop/IRIS/silent_speech_alignments/text_alignments/5-9/5-9_245_audio.TextGrid,STOOPING,3.06,3.6,0.54,1836,2160,324
245,/Users/vedantdwivedi/Desktop/IRIS/emg_data/closed_vocab/silent/5-19_silent/245_emg.npy,/Users/vedantdwivedi/Desktop/IRIS/silent_speech_alignments/text_alignments/5-9/5-9_245_audio.TextGrid,OVER,3.66,3.83,0.16999999999999993,2196,2298,102
245,/Users/vedantdwivedi/Desktop/IRIS/emg_data/closed_vocab/silent/5-19_silent/245_emg.npy,/Users/vedantdwivedi/Desktop/IRIS/silent_speech_alignments/text_alignments/5-9/5-9_245_audio.TextGrid,THE,3.83,3.96,0.1299999999999999,2298,2376,78
245,/Users/vedantdwivedi/Desktop/IRIS/emg_data/closed_vocab/silent/5-19_silent/245_emg.npy,/Users/vedantdwivedi/Desktop/IRIS/silent_speech_alignments/text_alignments/5-9/5-9_245_audio.TextGrid,FROTHING,3.96,4.49,0.5300000000000002,2376,2694,318
245,/Users/vedantdwivedi/Desktop/IRIS/emg_data/closed_vocab/silent/5-19_silent/245_emg.npy,/Users/vedantdwivedi/Desktop/IRIS/silent_speech_alignments/text_alignments/5-9/5-9_245_audio.TextGrid,TUMULTUOUS,4.52,5.06,0.54,2712,2952,240
249,/Users/vedantdwivedi/Desktop/IRIS/emg_data/closed_vocab/silent/5-19_silent/249_emg.npy,/Users/vedantdwivedi/Desktop/IRIS/silent_speech_alignments/text_alignments/5-9/5-9_249_audio.TextGrid,THE,1.13,1.25,0.1200000000000001,678,750,72
249,/Users/vedantdwivedi/Desktop/IRIS/emg_data/closed_vocab/silent/5-19_silent/249_emg.npy,/Users/vedantdwivedi/Desktop/IRIS/silent_speech_alignments/text_alignments/5-9/5-9_249_audio.TextGrid,GENERATORS,1.25,1.96,0.71,750,1176,426
249,/Users/vedantdwivedi/Desktop/IRIS/emg_data/closed_vocab/silent/5-19_silent/249_emg.npy,/Users/vedantdwivedi/Desktop/IRIS/silent_speech_alignments/text_alignments/5-9/5-9_249_audio.TextGrid,OF,1.96,2.07,0.10999999999999988,1176,1242,66
249,/Users/vedantdwivedi/Desktop/IRIS/emg_data/closed_vocab/silent/5-19_silent/249_emg.npy,/Users/vedantdwivedi/Desktop/IRIS/silent_speech_alignments/text_alignments/5-9/5-9_249_audio.TextGrid,THE,2.07,2.14,0.07000000000000028,1242,1284,42
249,/Users/vedantdwivedi/Desktop/IRIS/emg_data/closed_vocab/silent/5-19_silent/249_emg.npy,/Users/vedantdwivedi/Desktop/IRIS/silent_speech_alignments/text_alignments/5-9/5-9_249_audio.TextGrid,HEAT,2.14,2.4,0.2599999999999998,1284,1440,156
249,/Users/vedantdwivedi/Desktop/IRIS/emg_data/closed_vocab/silent/5-19_silent/249_emg.npy,/Users/vedantdwivedi/Desktop/IRIS/silent_speech_alignments/text_alignments/5-9/5-9_249_audio.TextGrid,RAYS,2.4,2.84,0.43999999999999995,1440,1704,264
249,/Users/vedantdwivedi/Desktop/IRIS/emg_data/closed_vocab/silent/5-19_silent/249_emg.npy,/Users/vedantdwivedi/Desktop/IRIS/silent_speech_alignments/text_alignments/5-9/5-9_249_audio.TextGrid,WAVED,2.87,3.17,0.2999999999999998,1722,1902,180
249,/Users/vedantdwivedi/Desktop/IRIS/emg_data/closed_vocab/silent/5-19_silent/249_emg.npy,/Users/vedantdwivedi/Desktop/IRIS/silent_speech_alignments/text_alignments/5-9/5-9_249_audio.TextGrid,HIGH,3.17,3.6,0.43000000000000016,1902,2160,258
249,/Users/vedantdwivedi/Desktop/IRIS/emg_data/closed_vocab/silent/5-19_silent/249_emg.npy,/Users/vedantdwivedi/Desktop/IRIS/silent_speech_alignments/text_alignments/5-9/5-9_249_audio.TextGrid,AND,4.09,4.21,0.1200000000000001,2454,2526,72
249,/Users/vedantdwivedi/Desktop/IRIS/emg_data/closed_vocab/silent/5-19_silent/249_emg.npy,/Users/vedantdwivedi/Desktop/IRIS/silent_speech_alignments/text_alignments/5-9/5-9_249_audio.TextGrid,THE,4.21,4.32,0.11000000000000032,2526,2592,66
249,/Users/vedantdwivedi/Desktop/IRIS/emg_data/closed_vocab/silent/5-19_silent/249_emg.npy,/Users/vedantdwivedi/Desktop/IRIS/silent_speech_alignments/text_alignments/5-9/5-9_249_audio.TextGrid,HISSING,4.32,4.76,0.4399999999999995,2592,2598,6
24,/Users/vedantdwivedi/Desktop/IRIS/emg_data/closed_vocab/silent/5-19_silent/24_emg.npy,/Users/vedantdwivedi/Desktop/IRIS/silent_speech_alignments/text_alignments/5-9/5-9_24_audio.TextGrid,EXCEPT,1.08,1.37,0.29000000000000004,648,822,174
24,/Users/vedantdwivedi/Desktop/IRIS/emg_data/closed_vocab/silent/5-19_silent/24_emg.npy,/Users/vedantdwivedi/Desktop/IRIS/silent_speech_alignments/text_alignments/5-9/5-9_24_audio.TextGrid,THE,1.37,1.49,0.11999999999999988,822,894,72
24,/Users/vedantdwivedi/Desktop/IRIS/emg_data/closed_vocab/silent/5-19_silent/24_emg.npy,/Users/vedantdwivedi/Desktop/IRIS/silent_speech_alignments/text_alignments/5-9/5-9_24_audio.TextGrid,LODGE,1.49,1.9,0.4099999999999999,894,1140,246
24,/Users/vedantdwivedi/Desktop/IRIS/emg_data/closed_vocab/silent/5-19_silent/24_emg.npy,/Users/vedantdwivedi/Desktop/IRIS/silent_speech_alignments/text_alignments/5-9/5-9_24_audio.TextGrid,AT,1.9,2.03,0.1299999999999999,1140,1218,78
24,/Users/vedantdwivedi/Desktop/IRIS/emg_data/closed_vocab/silent/5-19_silent/24_emg.npy,/Users/vedantdwivedi/Desktop/IRIS/silent_speech_alignments/text_alignments/5-9/5-9_24_audio.TextGrid,THE,2.03,2.11,0.08000000000000007,1218,1266,48
24,/Users/vedantdwivedi/Desktop/IRIS/emg_data/closed_vocab/silent/5-19_silent/24_emg.npy,/Users/vedantdwivedi/Desktop/IRIS/silent_speech_alignments/text_alignments/5-9/5-9_24_audio.TextGrid,ORPHANAGE,2.11,2.78,0.6699999999999999,1266,1668,402
24,/Users/vedantdwivedi/Desktop/IRIS/emg_data/closed_vocab/silent/5-19_silent/24_emg.npy,/Users/vedantdwivedi/Desktop/IRIS/silent_speech_alignments/text_alignments/5-9/5-9_24_audio.TextGrid,WHICH,3.05,3.24,0.1900000000000004,1830,1944,114
24,/Users/vedantdwivedi/Desktop/IRIS/emg_data/closed_vocab/silent/5-19_silent/24_emg.npy,/Users/vedantdwivedi/Desktop/IRIS/silent_speech_alignments/text_alignments/5-9/5-9_24_audio.TextGrid,WAS,3.24,3.38,0.13999999999999968,1944,2028,84
24,/Users/vedantdwivedi/Desktop/IRIS/emg_data/closed_vocab/silent/5-19_silent/24_emg.npy,/Users/vedantdwivedi/Desktop/IRIS/silent_speech_alignments/text_alignments/5-9/5-9_24_audio.TextGrid,STILL,3.38,3.57,0.18999999999999995,2028,2142,114
24,/Users/vedantdwivedi/Desktop/IRIS/emg_data/closed_vocab/silent/5-19_silent/24_emg.npy,/Users/vedantdwivedi/Desktop/IRIS/silent_speech_alignments/text_alignments/5-9/5-9_24_audio.TextGrid,ON,3.57,3.75,0.18000000000000016,2142,2250,108
24,/Users/vedantdwivedi/Desktop/IRIS/emg_data/closed_vocab/silent/5-19_silent/24_emg.npy,/Users/vedantdwivedi/Desktop/IRIS/silent_speech_alignments/text_alignments/5-9/5-9_24_audio.TextGrid,FIRE,3.75,4.28,0.5300000000000002,2250,2568,318
24,/Users/vedantdwivedi/Desktop/IRIS/emg_data/closed_vocab/silent/5-19_silent/24_emg.npy,/Users/vedantdwivedi/Desktop/IRIS/silent_speech_alignments/text_alignments/5-9/5-9_24_audio.TextGrid,NONE,4.79,4.96,0.16999999999999993,2874,2976,102
24,/Users/vedantdwivedi/Desktop/IRIS/emg_data/closed_vocab/silent/5-19_silent/24_emg.npy,/Users/vedantdwivedi/Desktop/IRIS/silent_speech_alignments/text_alignments/5-9/5-9_24_audio.TextGrid,OF,4.96,5.07,0.11000000000000032,2976,3006,30
250,/Users/vedantdwivedi/Desktop/IRIS/emg_data/closed_vocab/silent/5-19_silent/250_emg.npy,/Users/vedantdwivedi/Desktop/IRIS/silent_speech_alignments/text_alignments/5-9/5-9_250_audio.TextGrid,THE,0.87,0.97,0.09999999999999998,522,582,60
250,/Users/vedantdwivedi/Desktop/IRIS/emg_data/closed_vocab/silent/5-19_silent/250_emg.npy,/Users/vedantdwivedi/Desktop/IRIS/silent_speech_alignments/text_alignments/5-9/5-9_250_audio.TextGrid,AIR,0.97,1.19,0.21999999999999997,582,714,132
250,/Users/vedantdwivedi/Desktop/IRIS/emg_data/closed_vocab/silent/5-19_silent/250_emg.npy,/Users/vedantdwivedi/Desktop/IRIS/silent_speech_alignments/text_alignments/5-9/5-9_250_audio.TextGrid,WAS,1.19,1.36,0.17000000000000015,714,816,102
250,/Users/vedantdwivedi/Desktop/IRIS/emg_data/closed_vocab/silent/5-19_silent/250_emg.npy,/Users/vedantdwivedi/Desktop/IRIS/silent_speech_alignments/text_alignments/5-9/5-9_250_audio.TextGrid,FULL,1.36,1.6,0.24,816,960,144
250,/Users/vedantdwivedi/Desktop/IRIS/emg_data/closed_vocab/silent/5-19_silent/250_emg.npy,/Users/vedantdwivedi/Desktop/IRIS/silent_speech_alignments/text_alignments/5-9/5-9_250_audio.TextGrid,OF,1.6,1.7,0.09999999999999987,960,1020,60
250,/Users/vedantdwivedi/Desktop/IRIS/emg_data/closed_vocab/silent/5-19_silent/250_emg.npy,/Users/vedantdwivedi/Desktop/IRIS/silent_speech_alignments/text_alignments/5-9/5-9_250_audio.TextGrid,SOUND,1.7,2.21,0.51,1020,1326,306
250,/Users/vedantdwivedi/Desktop/IRIS/emg_data/closed_vocab/silent/5-19_silent/250_emg.npy,/Users/vedantdwivedi/Desktop/IRIS/silent_speech_alignments/text_alignments/5-9/5-9_250_audio.TextGrid,A,2.53,2.68,0.15000000000000036,1518,1608,90
250,/Users/vedantdwivedi/Desktop/IRIS/emg_data/closed_vocab/silent/5-19_silent/250_emg.npy,/Users/vedantdwivedi/Desktop/IRIS/silent_speech_alignments/text_alignments/5-9/5-9_250_audio.TextGrid,DEAFENING,2.68,3.18,0.5,1608,1908,300
250,/Users/vedantdwivedi/Desktop/IRIS/emg_data/closed_vocab/silent/5-19_silent/250_emg.npy,/Users/vedantdwivedi/Desktop/IRIS/silent_speech_alignments/text_alignments/5-9/5-9_250_audio.TextGrid,AND,3.18,3.33,0.1499999999999999,1908,1998,90
250,/Users/vedantdwivedi/Desktop/IRIS/emg_data/closed_vocab/silent/5-19_silent/250_emg.npy,/Users/vedantdwivedi/Desktop/IRIS/silent_speech_alignments/text_alignments/5-9/5-9_250_audio.TextGrid,CONFUSING,3.33,3.84,0.5099999999999998,1998,2304,306
250,/Users/vedantdwivedi/Desktop/IRIS/emg_data/closed_vocab/silent/5-19_silent/250_emg.npy,/Users/vedantdwivedi/Desktop/IRIS/silent_speech_alignments/text_alignments/5-9/5-9_250_audio.TextGrid,CONFLICT,3.84,4.31,0.46999999999999975,2304,2586,282
250,/Users/vedantdwivedi/Desktop/IRIS/emg_data/closed_vocab/silent/5-19_silent/250_emg.npy,/Users/vedantdwivedi/Desktop/IRIS/silent_speech_alignments/text_alignments/5-9/5-9_250_audio.TextGrid,OF,4.31,4.44,0.13000000000000078,2586,2664,78
250,/Users/vedantdwivedi/Desktop/IRIS/emg_data/closed_vocab/silent/5-19_silent/250_emg.npy,/Users/vedantdwivedi/Desktop/IRIS/silent_speech_alignments/text_alignments/5-9/5-9_250_audio.TextGrid,NOISES,4.44,5.18,0.7399999999999993,2664,2826,162
251,/Users/vedantdwivedi/Desktop/IRIS/emg_data/closed_vocab/silent/5-19_silent/251_emg.npy,/Users/vedantdwivedi/Desktop/IRIS/silent_speech_alignments/text_alignments/5-9/5-9_251_audio.TextGrid,DENSE,1.18,1.58,0.40000000000000013,708,948,240
251,/Users/vedantdwivedi/Desktop/IRIS/emg_data/closed_vocab/silent/5-19_silent/251_emg.npy,/Users/vedantdwivedi/Desktop/IRIS/silent_speech_alignments/text_alignments/5-9/5-9_251_audio.TextGrid,BLACK,1.58,1.86,0.28,948,1116,168
251,/Users/vedantdwivedi/Desktop/IRIS/emg_data/closed_vocab/silent/5-19_silent/251_emg.npy,/Users/vedantdwivedi/Desktop/IRIS/silent_speech_alignments/text_alignments/5-9/5-9_251_audio.TextGrid,SMOKE,1.86,2.35,0.49,1116,1410,294
251,/Users/vedantdwivedi/Desktop/IRIS/emg_data/closed_vocab/silent/5-19_silent/251_emg.npy,/Users/vedantdwivedi/Desktop/IRIS/silent_speech_alignments/text_alignments/5-9/5-9_251_audio.TextGrid,WAS,2.54,2.74,0.20000000000000018,1524,1644,120
251,/Users/vedantdwivedi/Desktop/IRIS/emg_data/closed_vocab/silent/5-19_silent/251_emg.npy,/Users/vedantdwivedi/Desktop/IRIS/silent_speech_alignments/text_alignments/5-9/5-9_251_audio.TextGrid,LEAPING,2.74,3.07,0.3299999999999996,1644,1842,198
251,/Users/vedantdwivedi/Desktop/IRIS/emg_data/closed_vocab/silent/5-19_silent/251_emg.npy,/Users/vedantdwivedi/Desktop/IRIS/silent_speech_alignments/text_alignments/5-9/5-9_251_audio.TextGrid,UP,3.07,3.34,0.27,1842,2004,162
251,/Users/vedantdwivedi/Desktop/IRIS/emg_data/closed_vocab/silent/5-19_silent/251_emg.npy,/Users/vedantdwivedi/Desktop/IRIS/silent_speech_alignments/text_alignments/5-9/5-9_251_audio.TextGrid,TO,3.39,3.52,0.1299999999999999,2034,2112,78
251,/Users/vedantdwivedi/Desktop/IRIS/emg_data/closed_vocab/silent/5-19_silent/251_emg.npy,/Users/vedantdwivedi/Desktop/IRIS/silent_speech_alignments/text_alignments/5-9/5-9_251_audio.TextGrid,MINGLE,3.52,4.04,0.52,2112,2424,312
251,/Users/vedantdwivedi/Desktop/IRIS/emg_data/closed_vocab/silent/5-19_silent/251_emg.npy,/Users/vedantdwivedi/Desktop/IRIS/silent_speech_alignments/text_alignments/5-9/5-9_251_audio.TextGrid,WITH,4.2,4.37,0.16999999999999993,2520,2622,102
251,/Users/vedantdwivedi/Desktop/IRIS/emg_data/closed_vocab/silent/5-19_silent/251_emg.npy,/Users/vedantdwivedi/Desktop/IRIS/silent_speech_alignments/text_alignments/5-9/5-9_251_audio.TextGrid,THE,4.37,4.47,0.09999999999999964,2622,2682,60
251,/Users/vedantdwivedi/Desktop/IRIS/emg_data/closed_vocab/silent/5-19_silent/251_emg.npy,/Users/vedantdwivedi/Desktop/IRIS/silent_speech_alignments/text_alignments/5-9/5-9_251_audio.TextGrid,STEAM,4.47,4.89,0.41999999999999993,2682,2934,252
251,/Users/vedantdwivedi/Desktop/IRIS/emg_data/closed_vocab/silent/5-19_silent/251_emg.npy,/Users/vedantdwivedi/Desktop/IRIS/silent_speech_alignments/text_alignments/5-9/5-9_251_audio.TextGrid,FROM,4.89,4.99,0.10000000000000053,2934,2994,60
251,/Users/vedantdwivedi/Desktop/IRIS/emg_data/closed_vocab/silent/5-19_silent/251_emg.npy,/Users/vedantdwivedi/Desktop/IRIS/silent_speech_alignments/text_alignments/5-9/5-9_251_audio.TextGrid,THE,4.99,5.06,0.0699999999999994,2994,3036,42
251,/Users/vedantdwivedi/Desktop/IRIS/emg_data/closed_vocab/silent/5-19_silent/251_emg.npy,/Users/vedantdwivedi/Desktop/IRIS/silent_speech_alignments/text_alignments/5-9/5-9_251_audio.TextGrid,RIVER,5.06,5.49,0.4300000000000006,3036,3294,258
252,/Users/vedantdwivedi/Desktop/IRIS/emg_data/closed_vocab/silent/5-19_silent/252_emg.npy,/Users/vedantdwivedi/Desktop/IRIS/silent_speech_alignments/text_alignments/5-9/5-9_252_audio.TextGrid,THE,0.96,1.07,0.1100000000000001,576,642,66
252,/Users/vedantdwivedi/Desktop/IRIS/emg_data/closed_vocab/silent/5-19_silent/252_emg.npy,/Users/vedantdwivedi/Desktop/IRIS/silent_speech_alignments/text_alignments/5-9/5-9_252_audio.TextGrid,NEARER,1.07,1.39,0.31999999999999984,642,834,192
252,/Users/vedantdwivedi/Desktop/IRIS/emg_data/closed_vocab/silent/5-19_silent/252_emg.npy,/Users/vedantdwivedi/Desktop/IRIS/silent_speech_alignments/text_alignments/5-9/5-9_252_audio.TextGrid,HOUSES,1.39,2.05,0.6599999999999999,834,1230,396
252,/Users/vedantdwivedi/Desktop/IRIS/emg_data/closed_vocab/silent/5-19_silent/252_emg.npy,/Users/vedantdwivedi/Desktop/IRIS/silent_speech_alignments/text_alignments/5-9/5-9_252_audio.TextGrid,STILL,2.45,2.83,0.3799999999999999,1470,1698,228
252,/Users/vedantdwivedi/Desktop/IRIS/emg_data/closed_vocab/silent/5-19_silent/252_emg.npy,/Users/vedantdwivedi/Desktop/IRIS/silent_speech_alignments/text_alignments/5-9/5-9_252_audio.TextGrid,STOOD,2.83,3.1,0.27,1698,1860,162
252,/Users/vedantdwivedi/Desktop/IRIS/emg_data/closed_vocab/silent/5-19_silent/252_emg.npy,/Users/vedantdwivedi/Desktop/IRIS/silent_speech_alignments/text_alignments/5-9/5-9_252_audio.TextGrid,INTACT,3.1,3.68,0.5800000000000001,1860,2208,348
252,/Users/vedantdwivedi/Desktop/IRIS/emg_data/closed_vocab/silent/5-19_silent/252_emg.npy,/Users/vedantdwivedi/Desktop/IRIS/silent_speech_alignments/text_alignments/5-9/5-9_252_audio.TextGrid,AWAITING,4.21,4.6,0.3899999999999997,2526,2724,198
253,/Users/vedantdwivedi/Desktop/IRIS/emg_data/closed_vocab/silent/5-19_silent/253_emg.npy,/Users/vedantdwivedi/Desktop/IRIS/silent_speech_alignments/text_alignments/5-9/5-9_253_audio.TextGrid,FOR,0.77,0.93,0.16000000000000003,462,500,38
255,/Users/vedantdwivedi/Desktop/IRIS/emg_data/closed_vocab/silent/5-19_silent/255_emg.npy,/Users/vedantdwivedi/Desktop/IRIS/silent_speech_alignments/text_alignments/5-9/5-9_255_audio.TextGrid,THEN,1.07,1.31,0.24,642,786,144
255,/Users/vedantdwivedi/Desktop/IRIS/emg_data/closed_vocab/silent/5-19_silent/255_emg.npy,/Users/vedantdwivedi/Desktop/IRIS/silent_speech_alignments/text_alignments/5-9/5-9_255_audio.TextGrid,SUDDENLY,1.31,1.75,0.43999999999999995,786,1050,264
255,/Users/vedantdwivedi/Desktop/IRIS/emg_data/closed_vocab/silent/5-19_silent/255_emg.npy,/Users/vedantdwivedi/Desktop/IRIS/silent_speech_alignments/text_alignments/5-9/5-9_255_audio.TextGrid,THE,1.75,1.88,0.1299999999999999,1050,1128,78
255,/Users/vedantdwivedi/Desktop/IRIS/emg_data/closed_vocab/silent/5-19_silent/255_emg.npy,/Users/vedantdwivedi/Desktop/IRIS/silent_speech_alignments/text_alignments/5-9/5-9_255_audio.TextGrid,WHITE,1.88,2.17,0.29000000000000004,1128,1302,174
255,/Users/vedantdwivedi/Desktop/IRIS/emg_data/closed_vocab/silent/5-19_silent/255_emg.npy,/Users/vedantdwivedi/Desktop/IRIS/silent_speech_alignments/text_alignments/5-9/5-9_255_audio.TextGrid,FLASHES,2.17,2.58,0.41000000000000014,1302,1548,246
255,/Users/vedantdwivedi/Desktop/IRIS/emg_data/closed_vocab/silent/5-19_silent/255_emg.npy,/Users/vedantdwivedi/Desktop/IRIS/silent_speech_alignments/text_alignments/5-9/5-9_255_audio.TextGrid,OF,2.58,2.67,0.08999999999999986,1548,1602,54
255,/Users/vedantdwivedi/Desktop/IRIS/emg_data/closed_vocab/silent/5-19_silent/255_emg.npy,/Users/vedantdwivedi/Desktop/IRIS/silent_speech_alignments/text_alignments/5-9/5-9_255_audio.TextGrid,THE,2.67,2.74,0.07000000000000028,1602,1644,42
255,/Users/vedantdwivedi/Desktop/IRIS/emg_data/closed_vocab/silent/5-19_silent/255_emg.npy,/Users/vedantdwivedi/Desktop/IRIS/silent_speech_alignments/text_alignments/5-9/5-9_255_audio.TextGrid,HEAT,2.74,2.99,0.25,1644,1794,150
255,/Users/vedantdwivedi/Desktop/IRIS/emg_data/closed_vocab/silent/5-19_silent/255_emg.npy,/Users/vedantdwivedi/Desktop/IRIS/silent_speech_alignments/text_alignments/5-9/5-9_255_audio.TextGrid,RAY,2.99,3.28,0.2899999999999996,1794,1968,174
255,/Users/vedantdwivedi/Desktop/IRIS/emg_data/closed_vocab/silent/5-19_silent/255_emg.npy,/Users/vedantdwivedi/Desktop/IRIS/silent_speech_alignments/text_alignments/5-9/5-9_255_audio.TextGrid,CAME,3.66,4.09,0.4299999999999997,2196,2454,258
255,/Users/vedantdwivedi/Desktop/IRIS/emg_data/closed_vocab/silent/5-19_silent/255_emg.npy,/Users/vedantdwivedi/Desktop/IRIS/silent_speech_alignments/text_alignments/5-9/5-9_255_audio.TextGrid,LEAPING,4.12,4.47,0.34999999999999964,2472,2682,210
255,/Users/vedantdwivedi/Desktop/IRIS/emg_data/closed_vocab/silent/5-19_silent/255_emg.npy,/Users/vedantdwivedi/Desktop/IRIS/silent_speech_alignments/text_alignments/5-9/5-9_255_audio.TextGrid,TOWARDS,4.47,4.83,0.3600000000000003,2682,2874,192
258,/Users/vedantdwivedi/Desktop/IRIS/emg_data/closed_vocab/silent/5-19_silent/258_emg.npy,/Users/vedantdwivedi/Desktop/IRIS/silent_speech_alignments/text_alignments/5-9/5-9_258_audio.TextGrid,THE,1.07,1.2,0.1299999999999999,642,720,78
258,/Users/vedantdwivedi/Desktop/IRIS/emg_data/closed_vocab/silent/5-19_silent/258_emg.npy,/Users/vedantdwivedi/Desktop/IRIS/silent_speech_alignments/text_alignments/5-9/5-9_258_audio.TextGrid,HOUSES,1.2,1.63,0.42999999999999994,720,978,258
258,/Users/vedantdwivedi/Desktop/IRIS/emg_data/closed_vocab/silent/5-19_silent/258_emg.npy,/Users/vedantdwivedi/Desktop/IRIS/silent_speech_alignments/text_alignments/5-9/5-9_258_audio.TextGrid,CAVED,1.63,1.98,0.3500000000000001,978,1188,210
258,/Users/vedantdwivedi/Desktop/IRIS/emg_data/closed_vocab/silent/5-19_silent/258_emg.npy,/Users/vedantdwivedi/Desktop/IRIS/silent_speech_alignments/text_alignments/5-9/5-9_258_audio.TextGrid,IN,1.98,2.35,0.3700000000000001,1188,1410,222
258,/Users/vedantdwivedi/Desktop/IRIS/emg_data/closed_vocab/silent/5-19_silent/258_emg.npy,/Users/vedantdwivedi/Desktop/IRIS/silent_speech_alignments/text_alignments/5-9/5-9_258_audio.TextGrid,AS,2.5,2.65,0.1499999999999999,1500,1590,90
258,/Users/vedantdwivedi/Desktop/IRIS/emg_data/closed_vocab/silent/5-19_silent/258_emg.npy,/Users/vedantdwivedi/Desktop/IRIS/silent_speech_alignments/text_alignments/5-9/5-9_258_audio.TextGrid,THEY,2.65,2.72,0.07000000000000028,1590,1632,42
258,/Users/vedantdwivedi/Desktop/IRIS/emg_data/closed_vocab/silent/5-19_silent/258_emg.npy,/Users/vedantdwivedi/Desktop/IRIS/silent_speech_alignments/text_alignments/5-9/5-9_258_audio.TextGrid,DISSOLVED,2.72,3.27,0.5499999999999998,1632,1962,330
258,/Users/vedantdwivedi/Desktop/IRIS/emg_data/closed_vocab/silent/5-19_silent/258_emg.npy,/Users/vedantdwivedi/Desktop/IRIS/silent_speech_alignments/text_alignments/5-9/5-9_258_audio.TextGrid,AT,3.27,3.38,0.10999999999999988,1962,2028,66
258,/Users/vedantdwivedi/Desktop/IRIS/emg_data/closed_vocab/silent/5-19_silent/258_emg.npy,/Users/vedantdwivedi/Desktop/IRIS/silent_speech_alignments/text_alignments/5-9/5-9_258_audio.TextGrid,ITS,3.38,3.56,0.18000000000000016,2028,2136,108
258,/Users/vedantdwivedi/Desktop/IRIS/emg_data/closed_vocab/silent/5-19_silent/258_emg.npy,/Users/vedantdwivedi/Desktop/IRIS/silent_speech_alignments/text_alignments/5-9/5-9_258_audio.TextGrid,TOUCH,3.56,4.06,0.49999999999999956,2136,2436,300
258,/Users/vedantdwivedi/Desktop/IRIS/emg_data/closed_vocab/silent/5-19_silent/258_emg.npy,/Users/vedantdwivedi/Desktop/IRIS/silent_speech_alignments/text_alignments/5-9/5-9_258_audio.TextGrid,AND,4.38,4.55,0.16999999999999993,2628,2730,102
258,/Users/vedantdwivedi/Desktop/IRIS/emg_data/closed_vocab/silent/5-19_silent/258_emg.npy,/Users/vedantdwivedi/Desktop/IRIS/silent_speech_alignments/text_alignments/5-9/5-9_258_audio.TextGrid,DARTED,4.58,4.92,0.33999999999999986,2748,2856,108
259,/Users/vedantdwivedi/Desktop/IRIS/emg_data/closed_vocab/silent/5-19_silent/259_emg.npy,/Users/vedantdwivedi/Desktop/IRIS/silent_speech_alignments/text_alignments/5-9/5-9_259_audio.TextGrid,THE,0.81,0.96,0.1499999999999999,486,576,90
259,/Users/vedantdwivedi/Desktop/IRIS/emg_data/closed_vocab/silent/5-19_silent/259_emg.npy,/Users/vedantdwivedi/Desktop/IRIS/silent_speech_alignments/text_alignments/5-9/5-9_259_audio.TextGrid,RAY,0.96,1.38,0.41999999999999993,576,828,252
259,/Users/vedantdwivedi/Desktop/IRIS/emg_data/closed_vocab/silent/5-19_silent/259_emg.npy,/Users/vedantdwivedi/Desktop/IRIS/silent_speech_alignments/text_alignments/5-9/5-9_259_audio.TextGrid,FLICKERED,1.42,1.8,0.3800000000000001,852,1080,228
259,/Users/vedantdwivedi/Desktop/IRIS/emg_data/closed_vocab/silent/5-19_silent/259_emg.npy,/Users/vedantdwivedi/Desktop/IRIS/silent_speech_alignments/text_alignments/5-9/5-9_259_audio.TextGrid,UP,1.83,2.17,0.33999999999999986,1098,1302,204
259,/Users/vedantdwivedi/Desktop/IRIS/emg_data/closed_vocab/silent/5-19_silent/259_emg.npy,/Users/vedantdwivedi/Desktop/IRIS/silent_speech_alignments/text_alignments/5-9/5-9_259_audio.TextGrid,AND,2.49,2.69,0.19999999999999973,1494,1614,120
259,/Users/vedantdwivedi/Desktop/IRIS/emg_data/closed_vocab/silent/5-19_silent/259_emg.npy,/Users/vedantdwivedi/Desktop/IRIS/silent_speech_alignments/text_alignments/5-9/5-9_259_audio.TextGrid,DOWN,2.69,3.0,0.31000000000000005,1614,1800,186
259,/Users/vedantdwivedi/Desktop/IRIS/emg_data/closed_vocab/silent/5-19_silent/259_emg.npy,/Users/vedantdwivedi/Desktop/IRIS/silent_speech_alignments/text_alignments/5-9/5-9_259_audio.TextGrid,THE,3.0,3.1,0.10000000000000009,1800,1860,60
259,/Users/vedantdwivedi/Desktop/IRIS/emg_data/closed_vocab/silent/5-19_silent/259_emg.npy,/Users/vedantdwivedi/Desktop/IRIS/silent_speech_alignments/text_alignments/5-9/5-9_259_audio.TextGrid,TOWING,3.1,3.46,0.3599999999999999,1860,2076,216
259,/Users/vedantdwivedi/Desktop/IRIS/emg_data/closed_vocab/silent/5-19_silent/259_emg.npy,/Users/vedantdwivedi/Desktop/IRIS/silent_speech_alignments/text_alignments/5-9/5-9_259_audio.TextGrid,PATH,3.46,3.84,0.3799999999999999,2076,2304,228
259,/Users/vedantdwivedi/Desktop/IRIS/emg_data/closed_vocab/silent/5-19_silent/259_emg.npy,/Users/vedantdwivedi/Desktop/IRIS/silent_speech_alignments/text_alignments/5-9/5-9_259_audio.TextGrid,LICKING,4.32,4.64,0.3199999999999994,2592,2784,192
259,/Users/vedantdwivedi/Desktop/IRIS/emg_data/closed_vocab/silent/5-19_silent/259_emg.npy,/Users/vedantdwivedi/Desktop/IRIS/silent_speech_alignments/text_alignments/5-9/5-9_259_audio.TextGrid,OFF,4.64,4.81,0.16999999999999993,2784,2886,102
259,/Users/vedantdwivedi/Desktop/IRIS/emg_data/closed_vocab/silent/5-19_silent/259_emg.npy,/Users/vedantdwivedi/Desktop/IRIS/silent_speech_alignments/text_alignments/5-9/5-9_259_audio.TextGrid,THE,4.81,4.89,0.08000000000000007,2886,2934,48
259,/Users/vedantdwivedi/Desktop/IRIS/emg_data/closed_vocab/silent/5-19_silent/259_emg.npy,/Users/vedantdwivedi/Desktop/IRIS/silent_speech_alignments/text_alignments/5-9/5-9_259_audio.TextGrid,PEOPLE,4.89,5.46,0.5700000000000003,2934,3276,342
259,/Users/vedantdwivedi/Desktop/IRIS/emg_data/closed_vocab/silent/5-19_silent/259_emg.npy,/Users/vedantdwivedi/Desktop/IRIS/silent_speech_alignments/text_alignments/5-9/5-9_259_audio.TextGrid,WHO,5.63,5.76,0.1299999999999999,3378,3456,78
259,/Users/vedantdwivedi/Desktop/IRIS/emg_data/closed_vocab/silent/5-19_silent/259_emg.npy,/Users/vedantdwivedi/Desktop/IRIS/silent_speech_alignments/text_alignments/5-9/5-9_259_audio.TextGrid,RAN,5.76,6.02,0.2599999999999998,3456,3612,156
259,/Users/vedantdwivedi/Desktop/IRIS/emg_data/closed_vocab/silent/5-19_silent/259_emg.npy,/Users/vedantdwivedi/Desktop/IRIS/silent_speech_alignments/text_alignments/5-9/5-9_259_audio.TextGrid,THIS,6.02,6.22,0.20000000000000018,3612,3630,18
25,/Users/vedantdwivedi/Desktop/IRIS/emg_data/closed_vocab/silent/5-19_silent/25_emg.npy,/Users/vedantdwivedi/Desktop/IRIS/silent_speech_alignments/text_alignments/5-9/5-9_25_audio.TextGrid,THE,0.88,0.98,0.09999999999999998,528,588,60
25,/Users/vedantdwivedi/Desktop/IRIS/emg_data/closed_vocab/silent/5-19_silent/25_emg.npy,/Users/vedantdwivedi/Desktop/IRIS/silent_speech_alignments/text_alignments/5-9/5-9_25_audio.TextGrid,HEAT,0.98,1.23,0.25,588,738,150
25,/Users/vedantdwivedi/Desktop/IRIS/emg_data/closed_vocab/silent/5-19_silent/25_emg.npy,/Users/vedantdwivedi/Desktop/IRIS/silent_speech_alignments/text_alignments/5-9/5-9_25_audio.TextGrid,RAY,1.23,1.61,0.3800000000000001,738,966,228
25,/Users/vedantdwivedi/Desktop/IRIS/emg_data/closed_vocab/silent/5-19_silent/25_emg.npy,/Users/vedantdwivedi/Desktop/IRIS/silent_speech_alignments/text_alignments/5-9/5-9_25_audio.TextGrid,HAD,1.76,1.95,0.18999999999999995,1056,1170,114
25,/Users/vedantdwivedi/Desktop/IRIS/emg_data/closed_vocab/silent/5-19_silent/25_emg.npy,/Users/vedantdwivedi/Desktop/IRIS/silent_speech_alignments/text_alignments/5-9/5-9_25_audio.TextGrid,SHAVED,1.95,2.41,0.4600000000000002,1170,1446,276
25,/Users/vedantdwivedi/Desktop/IRIS/emg_data/closed_vocab/silent/5-19_silent/25_emg.npy,/Users/vedantdwivedi/Desktop/IRIS/silent_speech_alignments/text_alignments/5-9/5-9_25_audio.TextGrid,THE,2.41,2.5,0.08999999999999986,1446,1500,54
25,/Users/vedantdwivedi/Desktop/IRIS/emg_data/closed_vocab/silent/5-19_silent/25_emg.npy,/Users/vedantdwivedi/Desktop/IRIS/silent_speech_alignments/text_alignments/5-9/5-9_25_audio.TextGrid,CHIMNEY,2.5,2.78,0.2799999999999998,1500,1668,168
25,/Users/vedantdwivedi/Desktop/IRIS/emg_data/closed_vocab/silent/5-19_silent/25_emg.npy,/Users/vedantdwivedi/Desktop/IRIS/silent_speech_alignments/text_alignments/5-9/5-9_25_audio.TextGrid,TOPS,2.78,3.35,0.5700000000000003,1668,2010,342
25,/Users/vedantdwivedi/Desktop/IRIS/emg_data/closed_vocab/silent/5-19_silent/25_emg.npy,/Users/vedantdwivedi/Desktop/IRIS/silent_speech_alignments/text_alignments/5-9/5-9_25_audio.TextGrid,AND,3.4,3.59,0.18999999999999995,2040,2154,114
25,/Users/vedantdwivedi/Desktop/IRIS/emg_data/closed_vocab/silent/5-19_silent/25_emg.npy,/Users/vedantdwivedi/Desktop/IRIS/silent_speech_alignments/text_alignments/5-9/5-9_25_audio.TextGrid,PASSED,3.62,4.15,0.5300000000000002,2172,2490,318
260,/Users/vedantdwivedi/Desktop/IRIS/emg_data/closed_vocab/silent/5-19_silent/260_emg.npy,/Users/vedantdwivedi/Desktop/IRIS/silent_speech_alignments/text_alignments/5-9/5-9_260_audio.TextGrid,IT,0.99,1.13,0.1399999999999999,594,678,84
260,/Users/vedantdwivedi/Desktop/IRIS/emg_data/closed_vocab/silent/5-19_silent/260_emg.npy,/Users/vedantdwivedi/Desktop/IRIS/silent_speech_alignments/text_alignments/5-9/5-9_260_audio.TextGrid,SWEPT,1.13,1.4,0.27,678,840,162
260,/Users/vedantdwivedi/Desktop/IRIS/emg_data/closed_vocab/silent/5-19_silent/260_emg.npy,/Users/vedantdwivedi/Desktop/IRIS/silent_speech_alignments/text_alignments/5-9/5-9_260_audio.TextGrid,ACROSS,1.4,1.76,0.3600000000000001,840,1056,216
260,/Users/vedantdwivedi/Desktop/IRIS/emg_data/closed_vocab/silent/5-19_silent/260_emg.npy,/Users/vedantdwivedi/Desktop/IRIS/silent_speech_alignments/text_alignments/5-9/5-9_260_audio.TextGrid,THE,1.76,1.84,0.08000000000000007,1056,1104,48
260,/Users/vedantdwivedi/Desktop/IRIS/emg_data/closed_vocab/silent/5-19_silent/260_emg.npy,/Users/vedantdwivedi/Desktop/IRIS/silent_speech_alignments/text_alignments/5-9/5-9_260_audio.TextGrid,RIVER,1.84,2.25,0.4099999999999999,1104,1350,246
260,/Users/vedantdwivedi/Desktop/IRIS/emg_data/closed_vocab/silent/5-19_silent/260_emg.npy,/Users/vedantdwivedi/Desktop/IRIS/silent_speech_alignments/text_alignments/5-9/5-9_260_audio.TextGrid,TO,2.28,2.41,0.13000000000000034,1368,1446,78
260,/Users/vedantdwivedi/Desktop/IRIS/emg_data/closed_vocab/silent/5-19_silent/260_emg.npy,/Users/vedantdwivedi/Desktop/IRIS/silent_speech_alignments/text_alignments/5-9/5-9_260_audio.TextGrid,SHEPPERTON,2.41,3.06,0.6499999999999999,1446,1836,390
260,/Users/vedantdwivedi/Desktop/IRIS/emg_data/closed_vocab/silent/5-19_silent/260_emg.npy,/Users/vedantdwivedi/Desktop/IRIS/silent_speech_alignments/text_alignments/5-9/5-9_260_audio.TextGrid,AND,3.58,3.71,0.1299999999999999,2148,2226,78
260,/Users/vedantdwivedi/Desktop/IRIS/emg_data/closed_vocab/silent/5-19_silent/260_emg.npy,/Users/vedantdwivedi/Desktop/IRIS/silent_speech_alignments/text_alignments/5-9/5-9_260_audio.TextGrid,THE,3.71,3.82,0.10999999999999988,2226,2292,66
260,/Users/vedantdwivedi/Desktop/IRIS/emg_data/closed_vocab/silent/5-19_silent/260_emg.npy,/Users/vedantdwivedi/Desktop/IRIS/silent_speech_alignments/text_alignments/5-9/5-9_260_audio.TextGrid,WATER,3.82,4.12,0.30000000000000027,2292,2472,180
260,/Users/vedantdwivedi/Desktop/IRIS/emg_data/closed_vocab/silent/5-19_silent/260_emg.npy,/Users/vedantdwivedi/Desktop/IRIS/silent_speech_alignments/text_alignments/5-9/5-9_260_audio.TextGrid,IN,4.12,4.26,0.13999999999999968,2472,2556,84
260,/Users/vedantdwivedi/Desktop/IRIS/emg_data/closed_vocab/silent/5-19_silent/260_emg.npy,/Users/vedantdwivedi/Desktop/IRIS/silent_speech_alignments/text_alignments/5-9/5-9_260_audio.TextGrid,ITS,4.26,4.43,0.16999999999999993,2556,2658,102
260,/Users/vedantdwivedi/Desktop/IRIS/emg_data/closed_vocab/silent/5-19_silent/260_emg.npy,/Users/vedantdwivedi/Desktop/IRIS/silent_speech_alignments/text_alignments/5-9/5-9_260_audio.TextGrid,TRACK,4.43,4.84,0.41000000000000014,2658,2904,246
260,/Users/vedantdwivedi/Desktop/IRIS/emg_data/closed_vocab/silent/5-19_silent/260_emg.npy,/Users/vedantdwivedi/Desktop/IRIS/silent_speech_alignments/text_alignments/5-9/5-9_260_audio.TextGrid,ROSE,5.17,5.8,0.6299999999999999,3102,3138,36
261,/Users/vedantdwivedi/Desktop/IRIS/emg_data/closed_vocab/silent/5-19_silent/261_emg.npy,/Users/vedantdwivedi/Desktop/IRIS/silent_speech_alignments/text_alignments/5-9/5-9_261_audio.TextGrid,I,0.88,1.02,0.14,528,612,84
261,/Users/vedantdwivedi/Desktop/IRIS/emg_data/closed_vocab/silent/5-19_silent/261_emg.npy,/Users/vedantdwivedi/Desktop/IRIS/silent_speech_alignments/text_alignments/5-9/5-9_261_audio.TextGrid,TURNED,1.02,1.45,0.42999999999999994,612,870,258
261,/Users/vedantdwivedi/Desktop/IRIS/emg_data/closed_vocab/silent/5-19_silent/261_emg.npy,/Users/vedantdwivedi/Desktop/IRIS/silent_speech_alignments/text_alignments/5-9/5-9_261_audio.TextGrid,SHOREWARD,1.45,1.99,0.54,870,1194,324
262,/Users/vedantdwivedi/Desktop/IRIS/emg_data/closed_vocab/silent/5-19_silent/262_emg.npy,/Users/vedantdwivedi/Desktop/IRIS/silent_speech_alignments/text_alignments/5-9/5-9_262_audio.TextGrid,IN,0.03,0.09,0.06,18,54,36
264,/Users/vedantdwivedi/Desktop/IRIS/emg_data/closed_vocab/silent/5-19_silent/264_emg.npy,/Users/vedantdwivedi/Desktop/IRIS/silent_speech_alignments/text_alignments/5-9/5-9_264_audio.TextGrid,HAD,1.02,1.2,0.17999999999999994,612,720,108
264,/Users/vedantdwivedi/Desktop/IRIS/emg_data/closed_vocab/silent/5-19_silent/264_emg.npy,/Users/vedantdwivedi/Desktop/IRIS/silent_speech_alignments/text_alignments/5-9/5-9_264_audio.TextGrid,MY,1.2,1.32,0.1200000000000001,720,792,72
264,/Users/vedantdwivedi/Desktop/IRIS/emg_data/closed_vocab/silent/5-19_silent/264_emg.npy,/Users/vedantdwivedi/Desktop/IRIS/silent_speech_alignments/text_alignments/5-9/5-9_264_audio.TextGrid,FOOT,1.32,1.59,0.27,792,954,162
264,/Users/vedantdwivedi/Desktop/IRIS/emg_data/closed_vocab/silent/5-19_silent/264_emg.npy,/Users/vedantdwivedi/Desktop/IRIS/silent_speech_alignments/text_alignments/5-9/5-9_264_audio.TextGrid,STUMBLED,1.59,2.08,0.49,954,1248,294
264,/Users/vedantdwivedi/Desktop/IRIS/emg_data/closed_vocab/silent/5-19_silent/264_emg.npy,/Users/vedantdwivedi/Desktop/IRIS/silent_speech_alignments/text_alignments/5-9/5-9_264_audio.TextGrid,IT,2.53,2.75,0.2200000000000002,1518,1650,132
264,/Users/vedantdwivedi/Desktop/IRIS/emg_data/closed_vocab/silent/5-19_silent/264_emg.npy,/Users/vedantdwivedi/Desktop/IRIS/silent_speech_alignments/text_alignments/5-9/5-9_264_audio.TextGrid,WOULD,2.75,2.98,0.22999999999999998,1650,1788,138
264,/Users/vedantdwivedi/Desktop/IRIS/emg_data/closed_vocab/silent/5-19_silent/264_emg.npy,/Users/vedantdwivedi/Desktop/IRIS/silent_speech_alignments/text_alignments/5-9/5-9_264_audio.TextGrid,HAVE,2.98,3.14,0.16000000000000014,1788,1884,96
264,/Users/vedantdwivedi/Desktop/IRIS/emg_data/closed_vocab/silent/5-19_silent/264_emg.npy,/Users/vedantdwivedi/Desktop/IRIS/silent_speech_alignments/text_alignments/5-9/5-9_264_audio.TextGrid,BEEN,3.14,3.43,0.29000000000000004,1884,2058,174
264,/Users/vedantdwivedi/Desktop/IRIS/emg_data/closed_vocab/silent/5-19_silent/264_emg.npy,/Users/vedantdwivedi/Desktop/IRIS/silent_speech_alignments/text_alignments/5-9/5-9_264_audio.TextGrid,THE,3.43,3.6,0.16999999999999993,2058,2160,102
264,/Users/vedantdwivedi/Desktop/IRIS/emg_data/closed_vocab/silent/5-19_silent/264_emg.npy,/Users/vedantdwivedi/Desktop/IRIS/silent_speech_alignments/text_alignments/5-9/5-9_264_audio.TextGrid,END,3.6,3.9,0.2999999999999998,2160,2340,180
265,/Users/vedantdwivedi/Desktop/IRIS/emg_data/closed_vocab/silent/5-19_silent/265_emg.npy,/Users/vedantdwivedi/Desktop/IRIS/silent_speech_alignments/text_alignments/5-9/5-9_265_audio.TextGrid,I,1.08,1.21,0.1299999999999999,648,726,78
265,/Users/vedantdwivedi/Desktop/IRIS/emg_data/closed_vocab/silent/5-19_silent/265_emg.npy,/Users/vedantdwivedi/Desktop/IRIS/silent_speech_alignments/text_alignments/5-9/5-9_265_audio.TextGrid,FELL,1.21,1.51,0.30000000000000004,726,906,180
265,/Users/vedantdwivedi/Desktop/IRIS/emg_data/closed_vocab/silent/5-19_silent/265_emg.npy,/Users/vedantdwivedi/Desktop/IRIS/silent_speech_alignments/text_alignments/5-9/5-9_265_audio.TextGrid,HELPLESSLY,1.51,2.17,0.6599999999999999,906,1302,396
265,/Users/vedantdwivedi/Desktop/IRIS/emg_data/closed_vocab/silent/5-19_silent/265_emg.npy,/Users/vedantdwivedi/Desktop/IRIS/silent_speech_alignments/text_alignments/5-9/5-9_265_audio.TextGrid,IN,2.58,2.74,0.16000000000000014,1548,1644,96
265,/Users/vedantdwivedi/Desktop/IRIS/emg_data/closed_vocab/silent/5-19_silent/265_emg.npy,/Users/vedantdwivedi/Desktop/IRIS/silent_speech_alignments/text_alignments/5-9/5-9_265_audio.TextGrid,FULL,2.74,3.0,0.2599999999999998,1644,1800,156
265,/Users/vedantdwivedi/Desktop/IRIS/emg_data/closed_vocab/silent/5-19_silent/265_emg.npy,/Users/vedantdwivedi/Desktop/IRIS/silent_speech_alignments/text_alignments/5-9/5-9_265_audio.TextGrid,SIGHT,3.0,3.33,0.33000000000000007,1800,1998,198
265,/Users/vedantdwivedi/Desktop/IRIS/emg_data/closed_vocab/silent/5-19_silent/265_emg.npy,/Users/vedantdwivedi/Desktop/IRIS/silent_speech_alignments/text_alignments/5-9/5-9_265_audio.TextGrid,OF,3.33,3.44,0.10999999999999988,1998,2064,66
265,/Users/vedantdwivedi/Desktop/IRIS/emg_data/closed_vocab/silent/5-19_silent/265_emg.npy,/Users/vedantdwivedi/Desktop/IRIS/silent_speech_alignments/text_alignments/5-9/5-9_265_audio.TextGrid,THE,3.44,3.51,0.06999999999999984,2064,2106,42
265,/Users/vedantdwivedi/Desktop/IRIS/emg_data/closed_vocab/silent/5-19_silent/265_emg.npy,/Users/vedantdwivedi/Desktop/IRIS/silent_speech_alignments/text_alignments/5-9/5-9_265_audio.TextGrid,MARTIANS,3.51,4.25,0.7400000000000002,2106,2550,444
266,/Users/vedantdwivedi/Desktop/IRIS/emg_data/closed_vocab/silent/5-19_silent/266_emg.npy,/Users/vedantdwivedi/Desktop/IRIS/silent_speech_alignments/text_alignments/5-9/5-9_266_audio.TextGrid,I,0.87,0.96,0.08999999999999997,522,576,54
266,/Users/vedantdwivedi/Desktop/IRIS/emg_data/closed_vocab/silent/5-19_silent/266_emg.npy,/Users/vedantdwivedi/Desktop/IRIS/silent_speech_alignments/text_alignments/5-9/5-9_266_audio.TextGrid,EXPECTED,0.96,1.48,0.52,576,888,312
266,/Users/vedantdwivedi/Desktop/IRIS/emg_data/closed_vocab/silent/5-19_silent/266_emg.npy,/Users/vedantdwivedi/Desktop/IRIS/silent_speech_alignments/text_alignments/5-9/5-9_266_audio.TextGrid,NOTHING,1.48,1.84,0.3600000000000001,888,1104,216
266,/Users/vedantdwivedi/Desktop/IRIS/emg_data/closed_vocab/silent/5-19_silent/266_emg.npy,/Users/vedantdwivedi/Desktop/IRIS/silent_speech_alignments/text_alignments/5-9/5-9_266_audio.TextGrid,BUT,1.84,2.09,0.24999999999999978,1104,1254,150
266,/Users/vedantdwivedi/Desktop/IRIS/emg_data/closed_vocab/silent/5-19_silent/266_emg.npy,/Users/vedantdwivedi/Desktop/IRIS/silent_speech_alignments/text_alignments/5-9/5-9_266_audio.TextGrid,DEATH,2.09,2.5,0.41000000000000014,1254,1500,246
267,/Users/vedantdwivedi/Desktop/IRIS/emg_data/closed_vocab/silent/5-19_silent/267_emg.npy,/Users/vedantdwivedi/Desktop/IRIS/silent_speech_alignments/text_alignments/5-9/5-9_267_audio.TextGrid,I,1.05,1.13,0.07999999999999985,630,678,48
267,/Users/vedantdwivedi/Desktop/IRIS/emg_data/closed_vocab/silent/5-19_silent/267_emg.npy,/Users/vedantdwivedi/Desktop/IRIS/silent_speech_alignments/text_alignments/5-9/5-9_267_audio.TextGrid,HAVE,1.13,1.25,0.1200000000000001,678,750,72
267,/Users/vedantdwivedi/Desktop/IRIS/emg_data/closed_vocab/silent/5-19_silent/267_emg.npy,/Users/vedantdwivedi/Desktop/IRIS/silent_speech_alignments/text_alignments/5-9/5-9_267_audio.TextGrid,A,1.25,1.38,0.1299999999999999,750,828,78
267,/Users/vedantdwivedi/Desktop/IRIS/emg_data/closed_vocab/silent/5-19_silent/267_emg.npy,/Users/vedantdwivedi/Desktop/IRIS/silent_speech_alignments/text_alignments/5-9/5-9_267_audio.TextGrid,DIM,1.38,1.71,0.33000000000000007,828,1026,198
267,/Users/vedantdwivedi/Desktop/IRIS/emg_data/closed_vocab/silent/5-19_silent/267_emg.npy,/Users/vedantdwivedi/Desktop/IRIS/silent_speech_alignments/text_alignments/5-9/5-9_267_audio.TextGrid,MEMORY,1.71,2.29,0.5800000000000001,1026,1374,348
267,/Users/vedantdwivedi/Desktop/IRIS/emg_data/closed_vocab/silent/5-19_silent/267_emg.npy,/Users/vedantdwivedi/Desktop/IRIS/silent_speech_alignments/text_alignments/5-9/5-9_267_audio.TextGrid,OF,2.39,2.52,0.1299999999999999,1434,1512,78
267,/Users/vedantdwivedi/Desktop/IRIS/emg_data/closed_vocab/silent/5-19_silent/267_emg.npy,/Users/vedantdwivedi/Desktop/IRIS/silent_speech_alignments/text_alignments/5-9/5-9_267_audio.TextGrid,THE,2.52,2.63,0.10999999999999988,1512,1578,66
267,/Users/vedantdwivedi/Desktop/IRIS/emg_data/closed_vocab/silent/5-19_silent/267_emg.npy,/Users/vedantdwivedi/Desktop/IRIS/silent_speech_alignments/text_alignments/5-9/5-9_267_audio.TextGrid,FOOT,2.63,2.89,0.26000000000000023,1578,1734,156
267,/Users/vedantdwivedi/Desktop/IRIS/emg_data/closed_vocab/silent/5-19_silent/267_emg.npy,/Users/vedantdwivedi/Desktop/IRIS/silent_speech_alignments/text_alignments/5-9/5-9_267_audio.TextGrid,OF,2.89,3.02,0.1299999999999999,1734,1812,78
267,/Users/vedantdwivedi/Desktop/IRIS/emg_data/closed_vocab/silent/5-19_silent/267_emg.npy,/Users/vedantdwivedi/Desktop/IRIS/silent_speech_alignments/text_alignments/5-9/5-9_267_audio.TextGrid,A,3.02,3.06,0.040000000000000036,1812,1836,24
267,/Users/vedantdwivedi/Desktop/IRIS/emg_data/closed_vocab/silent/5-19_silent/267_emg.npy,/Users/vedantdwivedi/Desktop/IRIS/silent_speech_alignments/text_alignments/5-9/5-9_267_audio.TextGrid,MARTIAN,3.06,3.65,0.5899999999999999,1836,2190,354
267,/Users/vedantdwivedi/Desktop/IRIS/emg_data/closed_vocab/silent/5-19_silent/267_emg.npy,/Users/vedantdwivedi/Desktop/IRIS/silent_speech_alignments/text_alignments/5-9/5-9_267_audio.TextGrid,COMING,3.89,4.21,0.31999999999999984,2334,2526,192
267,/Users/vedantdwivedi/Desktop/IRIS/emg_data/closed_vocab/silent/5-19_silent/267_emg.npy,/Users/vedantdwivedi/Desktop/IRIS/silent_speech_alignments/text_alignments/5-9/5-9_267_audio.TextGrid,DOWN,4.21,4.51,0.2999999999999998,2526,2628,102
26,/Users/vedantdwivedi/Desktop/IRIS/emg_data/closed_vocab/silent/5-19_silent/26_emg.npy,/Users/vedantdwivedi/Desktop/IRIS/silent_speech_alignments/text_alignments/5-9/5-9_26_audio.TextGrid,YET,0.92,1.32,0.4,552,792,240
26,/Users/vedantdwivedi/Desktop/IRIS/emg_data/closed_vocab/silent/5-19_silent/26_emg.npy,/Users/vedantdwivedi/Desktop/IRIS/silent_speech_alignments/text_alignments/5-9/5-9_26_audio.TextGrid,SAVE,1.44,1.71,0.27,864,1026,162
26,/Users/vedantdwivedi/Desktop/IRIS/emg_data/closed_vocab/silent/5-19_silent/26_emg.npy,/Users/vedantdwivedi/Desktop/IRIS/silent_speech_alignments/text_alignments/5-9/5-9_26_audio.TextGrid,OURSELVES,1.71,2.45,0.7400000000000002,1026,1470,444
26,/Users/vedantdwivedi/Desktop/IRIS/emg_data/closed_vocab/silent/5-19_silent/26_emg.npy,/Users/vedantdwivedi/Desktop/IRIS/silent_speech_alignments/text_alignments/5-9/5-9_26_audio.TextGrid,THERE,2.87,2.98,0.10999999999999988,1722,1788,66
26,/Users/vedantdwivedi/Desktop/IRIS/emg_data/closed_vocab/silent/5-19_silent/26_emg.npy,/Users/vedantdwivedi/Desktop/IRIS/silent_speech_alignments/text_alignments/5-9/5-9_26_audio.TextGrid,DID,2.98,3.14,0.16000000000000014,1788,1884,96
26,/Users/vedantdwivedi/Desktop/IRIS/emg_data/closed_vocab/silent/5-19_silent/26_emg.npy,/Users/vedantdwivedi/Desktop/IRIS/silent_speech_alignments/text_alignments/5-9/5-9_26_audio.TextGrid,NOT,3.14,3.41,0.27,1884,2046,162
26,/Users/vedantdwivedi/Desktop/IRIS/emg_data/closed_vocab/silent/5-19_silent/26_emg.npy,/Users/vedantdwivedi/Desktop/IRIS/silent_speech_alignments/text_alignments/5-9/5-9_26_audio.TextGrid,SEEM,3.41,3.56,0.1499999999999999,2046,2136,90
26,/Users/vedantdwivedi/Desktop/IRIS/emg_data/closed_vocab/silent/5-19_silent/26_emg.npy,/Users/vedantdwivedi/Desktop/IRIS/silent_speech_alignments/text_alignments/5-9/5-9_26_audio.TextGrid,TO,3.56,3.66,0.10000000000000009,2136,2196,60
26,/Users/vedantdwivedi/Desktop/IRIS/emg_data/closed_vocab/silent/5-19_silent/26_emg.npy,/Users/vedantdwivedi/Desktop/IRIS/silent_speech_alignments/text_alignments/5-9/5-9_26_audio.TextGrid,BE,3.66,4.05,0.3899999999999997,2196,2430,234
26,/Users/vedantdwivedi/Desktop/IRIS/emg_data/closed_vocab/silent/5-19_silent/26_emg.npy,/Users/vedantdwivedi/Desktop/IRIS/silent_speech_alignments/text_alignments/5-9/5-9_26_audio.TextGrid,A,4.08,4.19,0.11000000000000032,2448,2514,66
26,/Users/vedantdwivedi/Desktop/IRIS/emg_data/closed_vocab/silent/5-19_silent/26_emg.npy,/Users/vedantdwivedi/Desktop/IRIS/silent_speech_alignments/text_alignments/5-9/5-9_26_audio.TextGrid,LIVING,4.19,4.49,0.2999999999999998,2514,2694,180
26,/Users/vedantdwivedi/Desktop/IRIS/emg_data/closed_vocab/silent/5-19_silent/26_emg.npy,/Users/vedantdwivedi/Desktop/IRIS/silent_speech_alignments/text_alignments/5-9/5-9_26_audio.TextGrid,SOUL,4.49,5.06,0.5699999999999994,2694,3036,342
26,/Users/vedantdwivedi/Desktop/IRIS/emg_data/closed_vocab/silent/5-19_silent/26_emg.npy,/Users/vedantdwivedi/Desktop/IRIS/silent_speech_alignments/text_alignments/5-9/5-9_26_audio.TextGrid,ON,5.14,5.33,0.1900000000000004,3084,3198,114
26,/Users/vedantdwivedi/Desktop/IRIS/emg_data/closed_vocab/silent/5-19_silent/26_emg.npy,/Users/vedantdwivedi/Desktop/IRIS/silent_speech_alignments/text_alignments/5-9/5-9_26_audio.TextGrid,MAYBURY,5.33,5.71,0.3799999999999999,3198,3222,24
270,/Users/vedantdwivedi/Desktop/IRIS/emg_data/closed_vocab/silent/5-19_silent/270_emg.npy,/Users/vedantdwivedi/Desktop/IRIS/silent_speech_alignments/text_alignments/5-9/5-9_270_audio.TextGrid,AND,0.91,1.13,0.21999999999999986,546,678,132
270,/Users/vedantdwivedi/Desktop/IRIS/emg_data/closed_vocab/silent/5-19_silent/270_emg.npy,/Users/vedantdwivedi/Desktop/IRIS/silent_speech_alignments/text_alignments/5-9/5-9_270_audio.TextGrid,THEN,1.13,1.51,0.3800000000000001,678,906,228
270,/Users/vedantdwivedi/Desktop/IRIS/emg_data/closed_vocab/silent/5-19_silent/270_emg.npy,/Users/vedantdwivedi/Desktop/IRIS/silent_speech_alignments/text_alignments/5-9/5-9_270_audio.TextGrid,VERY,1.54,1.77,0.22999999999999998,924,1062,138
270,/Users/vedantdwivedi/Desktop/IRIS/emg_data/closed_vocab/silent/5-19_silent/270_emg.npy,/Users/vedantdwivedi/Desktop/IRIS/silent_speech_alignments/text_alignments/5-9/5-9_270_audio.TextGrid,SLOWLY,1.77,2.33,0.56,1062,1398,336
270,/Users/vedantdwivedi/Desktop/IRIS/emg_data/closed_vocab/silent/5-19_silent/270_emg.npy,/Users/vedantdwivedi/Desktop/IRIS/silent_speech_alignments/text_alignments/5-9/5-9_270_audio.TextGrid,I,2.56,2.64,0.08000000000000007,1536,1584,48
270,/Users/vedantdwivedi/Desktop/IRIS/emg_data/closed_vocab/silent/5-19_silent/270_emg.npy,/Users/vedantdwivedi/Desktop/IRIS/silent_speech_alignments/text_alignments/5-9/5-9_270_audio.TextGrid,REALISED,2.64,3.34,0.6999999999999997,1584,2004,420
270,/Users/vedantdwivedi/Desktop/IRIS/emg_data/closed_vocab/silent/5-19_silent/270_emg.npy,/Users/vedantdwivedi/Desktop/IRIS/silent_speech_alignments/text_alignments/5-9/5-9_270_audio.TextGrid,THAT,3.38,3.56,0.18000000000000016,2028,2136,108
270,/Users/vedantdwivedi/Desktop/IRIS/emg_data/closed_vocab/silent/5-19_silent/270_emg.npy,/Users/vedantdwivedi/Desktop/IRIS/silent_speech_alignments/text_alignments/5-9/5-9_270_audio.TextGrid,BY,3.56,3.71,0.1499999999999999,2136,2226,90
270,/Users/vedantdwivedi/Desktop/IRIS/emg_data/closed_vocab/silent/5-19_silent/270_emg.npy,/Users/vedantdwivedi/Desktop/IRIS/silent_speech_alignments/text_alignments/5-9/5-9_270_audio.TextGrid,A,3.71,3.78,0.06999999999999984,2226,2268,42
270,/Users/vedantdwivedi/Desktop/IRIS/emg_data/closed_vocab/silent/5-19_silent/270_emg.npy,/Users/vedantdwivedi/Desktop/IRIS/silent_speech_alignments/text_alignments/5-9/5-9_270_audio.TextGrid,MIRACLE,3.78,4.39,0.6099999999999999,2268,2634,366
29,/Users/vedantdwivedi/Desktop/IRIS/emg_data/closed_vocab/silent/5-19_silent/29_emg.npy,/Users/vedantdwivedi/Desktop/IRIS/silent_speech_alignments/text_alignments/5-9/5-9_29_audio.TextGrid,THE,0.79,0.92,0.13,474,552,78
29,/Users/vedantdwivedi/Desktop/IRIS/emg_data/closed_vocab/silent/5-19_silent/29_emg.npy,/Users/vedantdwivedi/Desktop/IRIS/silent_speech_alignments/text_alignments/5-9/5-9_29_audio.TextGrid,MAJORITY,0.92,1.42,0.4999999999999999,552,852,300
29,/Users/vedantdwivedi/Desktop/IRIS/emg_data/closed_vocab/silent/5-19_silent/29_emg.npy,/Users/vedantdwivedi/Desktop/IRIS/silent_speech_alignments/text_alignments/5-9/5-9_29_audio.TextGrid,OF,1.48,1.63,0.1499999999999999,888,978,90
29,/Users/vedantdwivedi/Desktop/IRIS/emg_data/closed_vocab/silent/5-19_silent/29_emg.npy,/Users/vedantdwivedi/Desktop/IRIS/silent_speech_alignments/text_alignments/5-9/5-9_29_audio.TextGrid,THE,1.63,1.71,0.08000000000000007,978,1026,48
29,/Users/vedantdwivedi/Desktop/IRIS/emg_data/closed_vocab/silent/5-19_silent/29_emg.npy,/Users/vedantdwivedi/Desktop/IRIS/silent_speech_alignments/text_alignments/5-9/5-9_29_audio.TextGrid,INHABITANTS,1.71,2.3,0.5899999999999999,1026,1380,354
29,/Users/vedantdwivedi/Desktop/IRIS/emg_data/closed_vocab/silent/5-19_silent/29_emg.npy,/Users/vedantdwivedi/Desktop/IRIS/silent_speech_alignments/text_alignments/5-9/5-9_29_audio.TextGrid,HAD,2.3,2.42,0.1200000000000001,1380,1452,72
29,/Users/vedantdwivedi/Desktop/IRIS/emg_data/closed_vocab/silent/5-19_silent/29_emg.npy,/Users/vedantdwivedi/Desktop/IRIS/silent_speech_alignments/text_alignments/5-9/5-9_29_audio.TextGrid,ESCAPED,2.42,2.86,0.43999999999999995,1452,1716,264
29,/Users/vedantdwivedi/Desktop/IRIS/emg_data/closed_vocab/silent/5-19_silent/29_emg.npy,/Users/vedantdwivedi/Desktop/IRIS/silent_speech_alignments/text_alignments/5-9/5-9_29_audio.TextGrid,I,2.89,2.96,0.06999999999999984,1734,1776,42
29,/Users/vedantdwivedi/Desktop/IRIS/emg_data/closed_vocab/silent/5-19_silent/29_emg.npy,/Users/vedantdwivedi/Desktop/IRIS/silent_speech_alignments/text_alignments/5-9/5-9_29_audio.TextGrid,SUPPOSE,2.96,3.65,0.69,1776,2190,414
29,/Users/vedantdwivedi/Desktop/IRIS/emg_data/closed_vocab/silent/5-19_silent/29_emg.npy,/Users/vedantdwivedi/Desktop/IRIS/silent_speech_alignments/text_alignments/5-9/5-9_29_audio.TextGrid,BY,3.97,4.16,0.18999999999999995,2382,2496,114
29,/Users/vedantdwivedi/Desktop/IRIS/emg_data/closed_vocab/silent/5-19_silent/29_emg.npy,/Users/vedantdwivedi/Desktop/IRIS/silent_speech_alignments/text_alignments/5-9/5-9_29_audio.TextGrid,WAY,4.16,4.49,0.33000000000000007,2496,2694,198
29,/Users/vedantdwivedi/Desktop/IRIS/emg_data/closed_vocab/silent/5-19_silent/29_emg.npy,/Users/vedantdwivedi/Desktop/IRIS/silent_speech_alignments/text_alignments/5-9/5-9_29_audio.TextGrid,OF,4.49,4.59,0.09999999999999964,2694,2754,60
29,/Users/vedantdwivedi/Desktop/IRIS/emg_data/closed_vocab/silent/5-19_silent/29_emg.npy,/Users/vedantdwivedi/Desktop/IRIS/silent_speech_alignments/text_alignments/5-9/5-9_29_audio.TextGrid,THE,4.59,4.76,0.16999999999999993,2754,2856,102
29,/Users/vedantdwivedi/Desktop/IRIS/emg_data/closed_vocab/silent/5-19_silent/29_emg.npy,/Users/vedantdwivedi/Desktop/IRIS/silent_speech_alignments/text_alignments/5-9/5-9_29_audio.TextGrid,OLD,4.76,4.99,0.23000000000000043,2856,2916,60
30,/Users/vedantdwivedi/Desktop/IRIS/emg_data/closed_vocab/silent/5-19_silent/30_emg.npy,/Users/vedantdwivedi/Desktop/IRIS/silent_speech_alignments/text_alignments/5-9/5-9_30_audio.TextGrid,WE,0.97,1.07,0.10000000000000009,582,642,60
30,/Users/vedantdwivedi/Desktop/IRIS/emg_data/closed_vocab/silent/5-19_silent/30_emg.npy,/Users/vedantdwivedi/Desktop/IRIS/silent_speech_alignments/text_alignments/5-9/5-9_30_audio.TextGrid,WENT,1.07,1.24,0.16999999999999993,642,744,102
30,/Users/vedantdwivedi/Desktop/IRIS/emg_data/closed_vocab/silent/5-19_silent/30_emg.npy,/Users/vedantdwivedi/Desktop/IRIS/silent_speech_alignments/text_alignments/5-9/5-9_30_audio.TextGrid,DOWN,1.24,1.51,0.27,744,906,162
30,/Users/vedantdwivedi/Desktop/IRIS/emg_data/closed_vocab/silent/5-19_silent/30_emg.npy,/Users/vedantdwivedi/Desktop/IRIS/silent_speech_alignments/text_alignments/5-9/5-9_30_audio.TextGrid,THE,1.51,1.59,0.08000000000000007,906,954,48
30,/Users/vedantdwivedi/Desktop/IRIS/emg_data/closed_vocab/silent/5-19_silent/30_emg.npy,/Users/vedantdwivedi/Desktop/IRIS/silent_speech_alignments/text_alignments/5-9/5-9_30_audio.TextGrid,LANE,1.59,1.98,0.3899999999999999,954,1188,234
30,/Users/vedantdwivedi/Desktop/IRIS/emg_data/closed_vocab/silent/5-19_silent/30_emg.npy,/Users/vedantdwivedi/Desktop/IRIS/silent_speech_alignments/text_alignments/5-9/5-9_30_audio.TextGrid,BY,2.32,2.45,0.13000000000000034,1392,1470,78
30,/Users/vedantdwivedi/Desktop/IRIS/emg_data/closed_vocab/silent/5-19_silent/30_emg.npy,/Users/vedantdwivedi/Desktop/IRIS/silent_speech_alignments/text_alignments/5-9/5-9_30_audio.TextGrid,THE,2.45,2.56,0.10999999999999988,1470,1536,66
30,/Users/vedantdwivedi/Desktop/IRIS/emg_data/closed_vocab/silent/5-19_silent/30_emg.npy,/Users/vedantdwivedi/Desktop/IRIS/silent_speech_alignments/text_alignments/5-9/5-9_30_audio.TextGrid,BODY,2.56,2.84,0.2799999999999998,1536,1704,168
30,/Users/vedantdwivedi/Desktop/IRIS/emg_data/closed_vocab/silent/5-19_silent/30_emg.npy,/Users/vedantdwivedi/Desktop/IRIS/silent_speech_alignments/text_alignments/5-9/5-9_30_audio.TextGrid,OF,2.84,2.93,0.0900000000000003,1704,1758,54
30,/Users/vedantdwivedi/Desktop/IRIS/emg_data/closed_vocab/silent/5-19_silent/30_emg.npy,/Users/vedantdwivedi/Desktop/IRIS/silent_speech_alignments/text_alignments/5-9/5-9_30_audio.TextGrid,THE,2.93,3.03,0.09999999999999964,1758,1818,60
30,/Users/vedantdwivedi/Desktop/IRIS/emg_data/closed_vocab/silent/5-19_silent/30_emg.npy,/Users/vedantdwivedi/Desktop/IRIS/silent_speech_alignments/text_alignments/5-9/5-9_30_audio.TextGrid,MAN,3.03,3.29,0.26000000000000023,1818,1974,156
30,/Users/vedantdwivedi/Desktop/IRIS/emg_data/closed_vocab/silent/5-19_silent/30_emg.npy,/Users/vedantdwivedi/Desktop/IRIS/silent_speech_alignments/text_alignments/5-9/5-9_30_audio.TextGrid,IN,3.29,3.43,0.14000000000000012,1974,2058,84
30,/Users/vedantdwivedi/Desktop/IRIS/emg_data/closed_vocab/silent/5-19_silent/30_emg.npy,/Users/vedantdwivedi/Desktop/IRIS/silent_speech_alignments/text_alignments/5-9/5-9_30_audio.TextGrid,BLACK,3.43,3.84,0.4099999999999997,2058,2304,246
30,/Users/vedantdwivedi/Desktop/IRIS/emg_data/closed_vocab/silent/5-19_silent/30_emg.npy,/Users/vedantdwivedi/Desktop/IRIS/silent_speech_alignments/text_alignments/5-9/5-9_30_audio.TextGrid,SODDEN,4.26,4.68,0.41999999999999993,2556,2664,108
31,/Users/vedantdwivedi/Desktop/IRIS/emg_data/closed_vocab/silent/5-19_silent/31_emg.npy,/Users/vedantdwivedi/Desktop/IRIS/silent_speech_alignments/text_alignments/5-9/5-9_31_audio.TextGrid,WE,0.8,0.92,0.12,480,552,72
31,/Users/vedantdwivedi/Desktop/IRIS/emg_data/closed_vocab/silent/5-19_silent/31_emg.npy,/Users/vedantdwivedi/Desktop/IRIS/silent_speech_alignments/text_alignments/5-9/5-9_31_audio.TextGrid,PUSHED,0.92,1.24,0.31999999999999995,552,744,192
31,/Users/vedantdwivedi/Desktop/IRIS/emg_data/closed_vocab/silent/5-19_silent/31_emg.npy,/Users/vedantdwivedi/Desktop/IRIS/silent_speech_alignments/text_alignments/5-9/5-9_31_audio.TextGrid,THROUGH,1.24,1.48,0.24,744,888,144
31,/Users/vedantdwivedi/Desktop/IRIS/emg_data/closed_vocab/silent/5-19_silent/31_emg.npy,/Users/vedantdwivedi/Desktop/IRIS/silent_speech_alignments/text_alignments/5-9/5-9_31_audio.TextGrid,THESE,1.48,1.75,0.27,888,1050,162
31,/Users/vedantdwivedi/Desktop/IRIS/emg_data/closed_vocab/silent/5-19_silent/31_emg.npy,/Users/vedantdwivedi/Desktop/IRIS/silent_speech_alignments/text_alignments/5-9/5-9_31_audio.TextGrid,TOWARDS,1.75,2.26,0.5099999999999998,1050,1356,306
31,/Users/vedantdwivedi/Desktop/IRIS/emg_data/closed_vocab/silent/5-19_silent/31_emg.npy,/Users/vedantdwivedi/Desktop/IRIS/silent_speech_alignments/text_alignments/5-9/5-9_31_audio.TextGrid,THE,2.29,2.4,0.10999999999999988,1374,1440,66
31,/Users/vedantdwivedi/Desktop/IRIS/emg_data/closed_vocab/silent/5-19_silent/31_emg.npy,/Users/vedantdwivedi/Desktop/IRIS/silent_speech_alignments/text_alignments/5-9/5-9_31_audio.TextGrid,RAILWAY,2.4,2.98,0.5800000000000001,1440,1788,348
31,/Users/vedantdwivedi/Desktop/IRIS/emg_data/closed_vocab/silent/5-19_silent/31_emg.npy,/Users/vedantdwivedi/Desktop/IRIS/silent_speech_alignments/text_alignments/5-9/5-9_31_audio.TextGrid,WITHOUT,3.19,3.62,0.43000000000000016,1914,2172,258
31,/Users/vedantdwivedi/Desktop/IRIS/emg_data/closed_vocab/silent/5-19_silent/31_emg.npy,/Users/vedantdwivedi/Desktop/IRIS/silent_speech_alignments/text_alignments/5-9/5-9_31_audio.TextGrid,MEETING,3.62,3.95,0.33000000000000007,2172,2370,198
31,/Users/vedantdwivedi/Desktop/IRIS/emg_data/closed_vocab/silent/5-19_silent/31_emg.npy,/Users/vedantdwivedi/Desktop/IRIS/silent_speech_alignments/text_alignments/5-9/5-9_31_audio.TextGrid,A,3.95,4.04,0.08999999999999986,2370,2424,54
31,/Users/vedantdwivedi/Desktop/IRIS/emg_data/closed_vocab/silent/5-19_silent/31_emg.npy,/Users/vedantdwivedi/Desktop/IRIS/silent_speech_alignments/text_alignments/5-9/5-9_31_audio.TextGrid,SOUL,4.04,4.5,0.45999999999999996,2424,2700,276
32,/Users/vedantdwivedi/Desktop/IRIS/emg_data/closed_vocab/silent/5-19_silent/32_emg.npy,/Users/vedantdwivedi/Desktop/IRIS/silent_speech_alignments/text_alignments/5-9/5-9_32_audio.TextGrid,THE,0.89,1.02,0.13,534,612,78
32,/Users/vedantdwivedi/Desktop/IRIS/emg_data/closed_vocab/silent/5-19_silent/32_emg.npy,/Users/vedantdwivedi/Desktop/IRIS/silent_speech_alignments/text_alignments/5-9/5-9_32_audio.TextGrid,WOODS,1.02,1.23,0.20999999999999996,612,738,126
32,/Users/vedantdwivedi/Desktop/IRIS/emg_data/closed_vocab/silent/5-19_silent/32_emg.npy,/Users/vedantdwivedi/Desktop/IRIS/silent_speech_alignments/text_alignments/5-9/5-9_32_audio.TextGrid,ACROSS,1.23,1.59,0.3600000000000001,738,954,216
32,/Users/vedantdwivedi/Desktop/IRIS/emg_data/closed_vocab/silent/5-19_silent/32_emg.npy,/Users/vedantdwivedi/Desktop/IRIS/silent_speech_alignments/text_alignments/5-9/5-9_32_audio.TextGrid,THE,1.59,1.66,0.06999999999999984,954,996,42
32,/Users/vedantdwivedi/Desktop/IRIS/emg_data/closed_vocab/silent/5-19_silent/32_emg.npy,/Users/vedantdwivedi/Desktop/IRIS/silent_speech_alignments/text_alignments/5-9/5-9_32_audio.TextGrid,LINE,1.66,2.18,0.5200000000000002,996,1308,312
32,/Users/vedantdwivedi/Desktop/IRIS/emg_data/closed_vocab/silent/5-19_silent/32_emg.npy,/Users/vedantdwivedi/Desktop/IRIS/silent_speech_alignments/text_alignments/5-9/5-9_32_audio.TextGrid,WERE,2.52,2.66,0.14000000000000012,1512,1596,84
32,/Users/vedantdwivedi/Desktop/IRIS/emg_data/closed_vocab/silent/5-19_silent/32_emg.npy,/Users/vedantdwivedi/Desktop/IRIS/silent_speech_alignments/text_alignments/5-9/5-9_32_audio.TextGrid,BUT,2.66,2.99,0.33000000000000007,1596,1794,198
32,/Users/vedantdwivedi/Desktop/IRIS/emg_data/closed_vocab/silent/5-19_silent/32_emg.npy,/Users/vedantdwivedi/Desktop/IRIS/silent_speech_alignments/text_alignments/5-9/5-9_32_audio.TextGrid,THE,2.99,3.1,0.10999999999999988,1794,1860,66
32,/Users/vedantdwivedi/Desktop/IRIS/emg_data/closed_vocab/silent/5-19_silent/32_emg.npy,/Users/vedantdwivedi/Desktop/IRIS/silent_speech_alignments/text_alignments/5-9/5-9_32_audio.TextGrid,SCARRED,3.1,3.57,0.46999999999999975,1860,2142,282
32,/Users/vedantdwivedi/Desktop/IRIS/emg_data/closed_vocab/silent/5-19_silent/32_emg.npy,/Users/vedantdwivedi/Desktop/IRIS/silent_speech_alignments/text_alignments/5-9/5-9_32_audio.TextGrid,AND,3.57,3.74,0.17000000000000037,2142,2244,102
32,/Users/vedantdwivedi/Desktop/IRIS/emg_data/closed_vocab/silent/5-19_silent/32_emg.npy,/Users/vedantdwivedi/Desktop/IRIS/silent_speech_alignments/text_alignments/5-9/5-9_32_audio.TextGrid,BLACKENED,3.74,4.23,0.4900000000000002,2244,2538,294
32,/Users/vedantdwivedi/Desktop/IRIS/emg_data/closed_vocab/silent/5-19_silent/32_emg.npy,/Users/vedantdwivedi/Desktop/IRIS/silent_speech_alignments/text_alignments/5-9/5-9_32_audio.TextGrid,RUINS,4.23,4.65,0.41999999999999993,2538,2790,252
32,/Users/vedantdwivedi/Desktop/IRIS/emg_data/closed_vocab/silent/5-19_silent/32_emg.npy,/Users/vedantdwivedi/Desktop/IRIS/silent_speech_alignments/text_alignments/5-9/5-9_32_audio.TextGrid,OF,4.65,4.78,0.1299999999999999,2790,2868,78
32,/Users/vedantdwivedi/Desktop/IRIS/emg_data/closed_vocab/silent/5-19_silent/32_emg.npy,/Users/vedantdwivedi/Desktop/IRIS/silent_speech_alignments/text_alignments/5-9/5-9_32_audio.TextGrid,WOODS,4.78,5.4,0.6200000000000001,2868,3240,372
32,/Users/vedantdwivedi/Desktop/IRIS/emg_data/closed_vocab/silent/5-19_silent/32_emg.npy,/Users/vedantdwivedi/Desktop/IRIS/silent_speech_alignments/text_alignments/5-9/5-9_32_audio.TextGrid,FOR,5.9,6.02,0.11999999999999922,3540,3612,72
32,/Users/vedantdwivedi/Desktop/IRIS/emg_data/closed_vocab/silent/5-19_silent/32_emg.npy,/Users/vedantdwivedi/Desktop/IRIS/silent_speech_alignments/text_alignments/5-9/5-9_32_audio.TextGrid,THE,6.02,6.11,0.09000000000000075,3612,3666,54
32,/Users/vedantdwivedi/Desktop/IRIS/emg_data/closed_vocab/silent/5-19_silent/32_emg.npy,/Users/vedantdwivedi/Desktop/IRIS/silent_speech_alignments/text_alignments/5-9/5-9_32_audio.TextGrid,MOST,6.11,6.37,0.2599999999999998,3666,3822,156
32,/Users/vedantdwivedi/Desktop/IRIS/emg_data/closed_vocab/silent/5-19_silent/32_emg.npy,/Users/vedantdwivedi/Desktop/IRIS/silent_speech_alignments/text_alignments/5-9/5-9_32_audio.TextGrid,PART,6.37,6.66,0.29000000000000004,3822,3954,132
37,/Users/vedantdwivedi/Desktop/IRIS/emg_data/closed_vocab/silent/5-19_silent/37_emg.npy,/Users/vedantdwivedi/Desktop/IRIS/silent_speech_alignments/text_alignments/5-9/5-9_37_audio.TextGrid,HARD,1.11,1.46,0.34999999999999987,666,876,210
37,/Users/vedantdwivedi/Desktop/IRIS/emg_data/closed_vocab/silent/5-19_silent/37_emg.npy,/Users/vedantdwivedi/Desktop/IRIS/silent_speech_alignments/text_alignments/5-9/5-9_37_audio.TextGrid,BY,1.46,1.85,0.3900000000000001,876,1110,234
37,/Users/vedantdwivedi/Desktop/IRIS/emg_data/closed_vocab/silent/5-19_silent/37_emg.npy,/Users/vedantdwivedi/Desktop/IRIS/silent_speech_alignments/text_alignments/5-9/5-9_37_audio.TextGrid,WAS,1.95,2.13,0.17999999999999994,1170,1278,108
37,/Users/vedantdwivedi/Desktop/IRIS/emg_data/closed_vocab/silent/5-19_silent/37_emg.npy,/Users/vedantdwivedi/Desktop/IRIS/silent_speech_alignments/text_alignments/5-9/5-9_37_audio.TextGrid,A,2.13,2.18,0.050000000000000266,1278,1308,30
37,/Users/vedantdwivedi/Desktop/IRIS/emg_data/closed_vocab/silent/5-19_silent/37_emg.npy,/Users/vedantdwivedi/Desktop/IRIS/silent_speech_alignments/text_alignments/5-9/5-9_37_audio.TextGrid,TEMPORARY,2.18,2.69,0.5099999999999998,1308,1614,306
37,/Users/vedantdwivedi/Desktop/IRIS/emg_data/closed_vocab/silent/5-19_silent/37_emg.npy,/Users/vedantdwivedi/Desktop/IRIS/silent_speech_alignments/text_alignments/5-9/5-9_37_audio.TextGrid,HUT,2.69,3.07,0.3799999999999999,1614,1842,228
37,/Users/vedantdwivedi/Desktop/IRIS/emg_data/closed_vocab/silent/5-19_silent/37_emg.npy,/Users/vedantdwivedi/Desktop/IRIS/silent_speech_alignments/text_alignments/5-9/5-9_37_audio.TextGrid,DESERTED,3.4,3.97,0.5700000000000003,2040,2382,342
38,/Users/vedantdwivedi/Desktop/IRIS/emg_data/closed_vocab/silent/5-19_silent/38_emg.npy,/Users/vedantdwivedi/Desktop/IRIS/silent_speech_alignments/text_alignments/5-9/5-9_38_audio.TextGrid,THERE,0.95,1.07,0.1200000000000001,570,642,72
38,/Users/vedantdwivedi/Desktop/IRIS/emg_data/closed_vocab/silent/5-19_silent/38_emg.npy,/Users/vedantdwivedi/Desktop/IRIS/silent_speech_alignments/text_alignments/5-9/5-9_38_audio.TextGrid,WAS,1.07,1.17,0.09999999999999987,642,702,60
38,/Users/vedantdwivedi/Desktop/IRIS/emg_data/closed_vocab/silent/5-19_silent/38_emg.npy,/Users/vedantdwivedi/Desktop/IRIS/silent_speech_alignments/text_alignments/5-9/5-9_38_audio.TextGrid,NOT,1.17,1.5,0.33000000000000007,702,900,198
38,/Users/vedantdwivedi/Desktop/IRIS/emg_data/closed_vocab/silent/5-19_silent/38_emg.npy,/Users/vedantdwivedi/Desktop/IRIS/silent_speech_alignments/text_alignments/5-9/5-9_38_audio.TextGrid,A,1.65,1.76,0.1100000000000001,990,1056,66
38,/Users/vedantdwivedi/Desktop/IRIS/emg_data/closed_vocab/silent/5-19_silent/38_emg.npy,/Users/vedantdwivedi/Desktop/IRIS/silent_speech_alignments/text_alignments/5-9/5-9_38_audio.TextGrid,BREATH,1.76,2.06,0.30000000000000004,1056,1236,180
38,/Users/vedantdwivedi/Desktop/IRIS/emg_data/closed_vocab/silent/5-19_silent/38_emg.npy,/Users/vedantdwivedi/Desktop/IRIS/silent_speech_alignments/text_alignments/5-9/5-9_38_audio.TextGrid,OF,2.06,2.14,0.08000000000000007,1236,1284,48
38,/Users/vedantdwivedi/Desktop/IRIS/emg_data/closed_vocab/silent/5-19_silent/38_emg.npy,/Users/vedantdwivedi/Desktop/IRIS/silent_speech_alignments/text_alignments/5-9/5-9_38_audio.TextGrid,WIND,2.14,2.42,0.2799999999999998,1284,1452,168
38,/Users/vedantdwivedi/Desktop/IRIS/emg_data/closed_vocab/silent/5-19_silent/38_emg.npy,/Users/vedantdwivedi/Desktop/IRIS/silent_speech_alignments/text_alignments/5-9/5-9_38_audio.TextGrid,THIS,2.42,2.7,0.28000000000000025,1452,1620,168
38,/Users/vedantdwivedi/Desktop/IRIS/emg_data/closed_vocab/silent/5-19_silent/38_emg.npy,/Users/vedantdwivedi/Desktop/IRIS/silent_speech_alignments/text_alignments/5-9/5-9_38_audio.TextGrid,MORNING,2.7,3.1,0.3999999999999999,1620,1860,240
38,/Users/vedantdwivedi/Desktop/IRIS/emg_data/closed_vocab/silent/5-19_silent/38_emg.npy,/Users/vedantdwivedi/Desktop/IRIS/silent_speech_alignments/text_alignments/5-9/5-9_38_audio.TextGrid,AND,3.46,3.63,0.16999999999999993,2076,2178,102
38,/Users/vedantdwivedi/Desktop/IRIS/emg_data/closed_vocab/silent/5-19_silent/38_emg.npy,/Users/vedantdwivedi/Desktop/IRIS/silent_speech_alignments/text_alignments/5-9/5-9_38_audio.TextGrid,EVERYTHING,3.63,4.08,0.4500000000000002,2178,2448,270
38,/Users/vedantdwivedi/Desktop/IRIS/emg_data/closed_vocab/silent/5-19_silent/38_emg.npy,/Users/vedantdwivedi/Desktop/IRIS/silent_speech_alignments/text_alignments/5-9/5-9_38_audio.TextGrid,WAS,4.08,4.25,0.16999999999999993,2448,2550,102
38,/Users/vedantdwivedi/Desktop/IRIS/emg_data/closed_vocab/silent/5-19_silent/38_emg.npy,/Users/vedantdwivedi/Desktop/IRIS/silent_speech_alignments/text_alignments/5-9/5-9_38_audio.TextGrid,STRANGELY,4.25,4.76,0.5099999999999998,2550,2856,306
38,/Users/vedantdwivedi/Desktop/IRIS/emg_data/closed_vocab/silent/5-19_silent/38_emg.npy,/Users/vedantdwivedi/Desktop/IRIS/silent_speech_alignments/text_alignments/5-9/5-9_38_audio.TextGrid,STILL,4.76,5.31,0.5499999999999998,2856,3186,330
39,/Users/vedantdwivedi/Desktop/IRIS/emg_data/closed_vocab/silent/5-19_silent/39_emg.npy,/Users/vedantdwivedi/Desktop/IRIS/silent_speech_alignments/text_alignments/5-9/5-9_39_audio.TextGrid,EVEN,0.94,1.17,0.22999999999999998,564,702,138
39,/Users/vedantdwivedi/Desktop/IRIS/emg_data/closed_vocab/silent/5-19_silent/39_emg.npy,/Users/vedantdwivedi/Desktop/IRIS/silent_speech_alignments/text_alignments/5-9/5-9_39_audio.TextGrid,THE,1.17,1.28,0.1100000000000001,702,768,66
39,/Users/vedantdwivedi/Desktop/IRIS/emg_data/closed_vocab/silent/5-19_silent/39_emg.npy,/Users/vedantdwivedi/Desktop/IRIS/silent_speech_alignments/text_alignments/5-9/5-9_39_audio.TextGrid,BIRDS,1.28,1.68,0.3999999999999999,768,1008,240
39,/Users/vedantdwivedi/Desktop/IRIS/emg_data/closed_vocab/silent/5-19_silent/39_emg.npy,/Users/vedantdwivedi/Desktop/IRIS/silent_speech_alignments/text_alignments/5-9/5-9_39_audio.TextGrid,WERE,1.68,1.78,0.10000000000000009,1008,1068,60
39,/Users/vedantdwivedi/Desktop/IRIS/emg_data/closed_vocab/silent/5-19_silent/39_emg.npy,/Users/vedantdwivedi/Desktop/IRIS/silent_speech_alignments/text_alignments/5-9/5-9_39_audio.TextGrid,HUSHED,1.78,2.28,0.4999999999999998,1068,1368,300
39,/Users/vedantdwivedi/Desktop/IRIS/emg_data/closed_vocab/silent/5-19_silent/39_emg.npy,/Users/vedantdwivedi/Desktop/IRIS/silent_speech_alignments/text_alignments/5-9/5-9_39_audio.TextGrid,AND,2.73,2.91,0.18000000000000016,1638,1746,108
39,/Users/vedantdwivedi/Desktop/IRIS/emg_data/closed_vocab/silent/5-19_silent/39_emg.npy,/Users/vedantdwivedi/Desktop/IRIS/silent_speech_alignments/text_alignments/5-9/5-9_39_audio.TextGrid,AS,2.91,3.03,0.11999999999999966,1746,1818,72
39,/Users/vedantdwivedi/Desktop/IRIS/emg_data/closed_vocab/silent/5-19_silent/39_emg.npy,/Users/vedantdwivedi/Desktop/IRIS/silent_speech_alignments/text_alignments/5-9/5-9_39_audio.TextGrid,WE,3.03,3.12,0.0900000000000003,1818,1872,54
39,/Users/vedantdwivedi/Desktop/IRIS/emg_data/closed_vocab/silent/5-19_silent/39_emg.npy,/Users/vedantdwivedi/Desktop/IRIS/silent_speech_alignments/text_alignments/5-9/5-9_39_audio.TextGrid,HURRIED,3.12,3.36,0.23999999999999977,1872,2016,144
39,/Users/vedantdwivedi/Desktop/IRIS/emg_data/closed_vocab/silent/5-19_silent/39_emg.npy,/Users/vedantdwivedi/Desktop/IRIS/silent_speech_alignments/text_alignments/5-9/5-9_39_audio.TextGrid,ALONG,3.36,3.78,0.41999999999999993,2016,2268,252
39,/Users/vedantdwivedi/Desktop/IRIS/emg_data/closed_vocab/silent/5-19_silent/39_emg.npy,/Users/vedantdwivedi/Desktop/IRIS/silent_speech_alignments/text_alignments/5-9/5-9_39_audio.TextGrid,I,4.13,4.34,0.20999999999999996,2478,2604,126
39,/Users/vedantdwivedi/Desktop/IRIS/emg_data/closed_vocab/silent/5-19_silent/39_emg.npy,/Users/vedantdwivedi/Desktop/IRIS/silent_speech_alignments/text_alignments/5-9/5-9_39_audio.TextGrid,AND,4.34,4.43,0.08999999999999986,2604,2658,54
39,/Users/vedantdwivedi/Desktop/IRIS/emg_data/closed_vocab/silent/5-19_silent/39_emg.npy,/Users/vedantdwivedi/Desktop/IRIS/silent_speech_alignments/text_alignments/5-9/5-9_39_audio.TextGrid,THE,4.43,4.5,0.07000000000000028,2658,2700,42
39,/Users/vedantdwivedi/Desktop/IRIS/emg_data/closed_vocab/silent/5-19_silent/39_emg.npy,/Users/vedantdwivedi/Desktop/IRIS/silent_speech_alignments/text_alignments/5-9/5-9_39_audio.TextGrid,ARTILLERYMAN,4.5,5.29,0.79,2700,3174,474
39,/Users/vedantdwivedi/Desktop/IRIS/emg_data/closed_vocab/silent/5-19_silent/39_emg.npy,/Users/vedantdwivedi/Desktop/IRIS/silent_speech_alignments/text_alignments/5-9/5-9_39_audio.TextGrid,TALKED,5.66,6.0,0.33999999999999986,3396,3462,66
3,/Users/vedantdwivedi/Desktop/IRIS/emg_data/closed_vocab/silent/5-19_silent/3_emg.npy,/Users/vedantdwivedi/Desktop/IRIS/silent_speech_alignments/text_alignments/5-9/5-9_3_audio.TextGrid,AS,1.31,1.49,0.17999999999999994,786,894,108
3,/Users/vedantdwivedi/Desktop/IRIS/emg_data/closed_vocab/silent/5-19_silent/3_emg.npy,/Users/vedantdwivedi/Desktop/IRIS/silent_speech_alignments/text_alignments/5-9/5-9_3_audio.TextGrid,THE,1.49,1.63,0.1399999999999999,894,978,84
3,/Users/vedantdwivedi/Desktop/IRIS/emg_data/closed_vocab/silent/5-19_silent/3_emg.npy,/Users/vedantdwivedi/Desktop/IRIS/silent_speech_alignments/text_alignments/5-9/5-9_3_audio.TextGrid,DAWN,1.63,2.01,0.3799999999999999,978,1206,228
3,/Users/vedantdwivedi/Desktop/IRIS/emg_data/closed_vocab/silent/5-19_silent/3_emg.npy,/Users/vedantdwivedi/Desktop/IRIS/silent_speech_alignments/text_alignments/5-9/5-9_3_audio.TextGrid,GREW,2.01,2.16,0.15000000000000036,1206,1296,90
3,/Users/vedantdwivedi/Desktop/IRIS/emg_data/closed_vocab/silent/5-19_silent/3_emg.npy,/Users/vedantdwivedi/Desktop/IRIS/silent_speech_alignments/text_alignments/5-9/5-9_3_audio.TextGrid,BRIGHTER,2.16,2.7,0.54,1296,1620,324
3,/Users/vedantdwivedi/Desktop/IRIS/emg_data/closed_vocab/silent/5-19_silent/3_emg.npy,/Users/vedantdwivedi/Desktop/IRIS/silent_speech_alignments/text_alignments/5-9/5-9_3_audio.TextGrid,WE,2.84,2.94,0.10000000000000009,1704,1764,60
3,/Users/vedantdwivedi/Desktop/IRIS/emg_data/closed_vocab/silent/5-19_silent/3_emg.npy,/Users/vedantdwivedi/Desktop/IRIS/silent_speech_alignments/text_alignments/5-9/5-9_3_audio.TextGrid,WITHDREW,2.94,3.54,0.6000000000000001,1764,2124,360
3,/Users/vedantdwivedi/Desktop/IRIS/emg_data/closed_vocab/silent/5-19_silent/3_emg.npy,/Users/vedantdwivedi/Desktop/IRIS/silent_speech_alignments/text_alignments/5-9/5-9_3_audio.TextGrid,FROM,3.54,3.68,0.14000000000000012,2124,2208,84
3,/Users/vedantdwivedi/Desktop/IRIS/emg_data/closed_vocab/silent/5-19_silent/3_emg.npy,/Users/vedantdwivedi/Desktop/IRIS/silent_speech_alignments/text_alignments/5-9/5-9_3_audio.TextGrid,THE,3.68,3.74,0.06000000000000005,2208,2244,36
3,/Users/vedantdwivedi/Desktop/IRIS/emg_data/closed_vocab/silent/5-19_silent/3_emg.npy,/Users/vedantdwivedi/Desktop/IRIS/silent_speech_alignments/text_alignments/5-9/5-9_3_audio.TextGrid,WINDOW,3.74,4.3,0.5599999999999996,2244,2580,336
3,/Users/vedantdwivedi/Desktop/IRIS/emg_data/closed_vocab/silent/5-19_silent/3_emg.npy,/Users/vedantdwivedi/Desktop/IRIS/silent_speech_alignments/text_alignments/5-9/5-9_3_audio.TextGrid,FROM,4.33,4.5,0.16999999999999993,2598,2700,102
3,/Users/vedantdwivedi/Desktop/IRIS/emg_data/closed_vocab/silent/5-19_silent/3_emg.npy,/Users/vedantdwivedi/Desktop/IRIS/silent_speech_alignments/text_alignments/5-9/5-9_3_audio.TextGrid,WHICH,4.5,4.8,0.2999999999999998,2700,2880,180
3,/Users/vedantdwivedi/Desktop/IRIS/emg_data/closed_vocab/silent/5-19_silent/3_emg.npy,/Users/vedantdwivedi/Desktop/IRIS/silent_speech_alignments/text_alignments/5-9/5-9_3_audio.TextGrid,WE,4.8,4.88,0.08000000000000007,2880,2928,48
3,/Users/vedantdwivedi/Desktop/IRIS/emg_data/closed_vocab/silent/5-19_silent/3_emg.npy,/Users/vedantdwivedi/Desktop/IRIS/silent_speech_alignments/text_alignments/5-9/5-9_3_audio.TextGrid,HAD,4.88,5.03,0.15000000000000036,2928,3018,90
3,/Users/vedantdwivedi/Desktop/IRIS/emg_data/closed_vocab/silent/5-19_silent/3_emg.npy,/Users/vedantdwivedi/Desktop/IRIS/silent_speech_alignments/text_alignments/5-9/5-9_3_audio.TextGrid,WATCHED,5.03,5.52,0.4899999999999993,3018,3312,294
3,/Users/vedantdwivedi/Desktop/IRIS/emg_data/closed_vocab/silent/5-19_silent/3_emg.npy,/Users/vedantdwivedi/Desktop/IRIS/silent_speech_alignments/text_alignments/5-9/5-9_3_audio.TextGrid,THE,5.52,5.61,0.09000000000000075,3312,3366,54
3,/Users/vedantdwivedi/Desktop/IRIS/emg_data/closed_vocab/silent/5-19_silent/3_emg.npy,/Users/vedantdwivedi/Desktop/IRIS/silent_speech_alignments/text_alignments/5-9/5-9_3_audio.TextGrid,MARTIANS,5.61,6.36,0.75,3366,3420,54
40,/Users/vedantdwivedi/Desktop/IRIS/emg_data/closed_vocab/silent/5-19_silent/40_emg.npy,/Users/vedantdwivedi/Desktop/IRIS/silent_speech_alignments/text_alignments/5-9/5-9_40_audio.TextGrid,ONCE,0.97,1.19,0.21999999999999997,582,714,132
40,/Users/vedantdwivedi/Desktop/IRIS/emg_data/closed_vocab/silent/5-19_silent/40_emg.npy,/Users/vedantdwivedi/Desktop/IRIS/silent_speech_alignments/text_alignments/5-9/5-9_40_audio.TextGrid,OR,1.19,1.23,0.040000000000000036,714,738,24
40,/Users/vedantdwivedi/Desktop/IRIS/emg_data/closed_vocab/silent/5-19_silent/40_emg.npy,/Users/vedantdwivedi/Desktop/IRIS/silent_speech_alignments/text_alignments/5-9/5-9_40_audio.TextGrid,TWICE,1.23,1.74,0.51,738,1044,306
40,/Users/vedantdwivedi/Desktop/IRIS/emg_data/closed_vocab/silent/5-19_silent/40_emg.npy,/Users/vedantdwivedi/Desktop/IRIS/silent_speech_alignments/text_alignments/5-9/5-9_40_audio.TextGrid,WE,1.74,1.91,0.16999999999999993,1044,1146,102
40,/Users/vedantdwivedi/Desktop/IRIS/emg_data/closed_vocab/silent/5-19_silent/40_emg.npy,/Users/vedantdwivedi/Desktop/IRIS/silent_speech_alignments/text_alignments/5-9/5-9_40_audio.TextGrid,STOPPED,1.91,2.22,0.3100000000000003,1146,1332,186
40,/Users/vedantdwivedi/Desktop/IRIS/emg_data/closed_vocab/silent/5-19_silent/40_emg.npy,/Users/vedantdwivedi/Desktop/IRIS/silent_speech_alignments/text_alignments/5-9/5-9_40_audio.TextGrid,TO,2.29,2.41,0.1200000000000001,1374,1446,72
40,/Users/vedantdwivedi/Desktop/IRIS/emg_data/closed_vocab/silent/5-19_silent/40_emg.npy,/Users/vedantdwivedi/Desktop/IRIS/silent_speech_alignments/text_alignments/5-9/5-9_40_audio.TextGrid,LISTEN,2.41,2.87,0.45999999999999996,1446,1722,276
45,/Users/vedantdwivedi/Desktop/IRIS/emg_data/closed_vocab/silent/5-19_silent/45_emg.npy,/Users/vedantdwivedi/Desktop/IRIS/silent_speech_alignments/text_alignments/5-9/5-9_45_audio.TextGrid,AFTER,1.2,1.53,0.33000000000000007,720,918,198
45,/Users/vedantdwivedi/Desktop/IRIS/emg_data/closed_vocab/silent/5-19_silent/45_emg.npy,/Users/vedantdwivedi/Desktop/IRIS/silent_speech_alignments/text_alignments/5-9/5-9_45_audio.TextGrid,A,1.53,1.6,0.07000000000000006,918,960,42
45,/Users/vedantdwivedi/Desktop/IRIS/emg_data/closed_vocab/silent/5-19_silent/45_emg.npy,/Users/vedantdwivedi/Desktop/IRIS/silent_speech_alignments/text_alignments/5-9/5-9_45_audio.TextGrid,TIME,1.6,2.06,0.45999999999999996,960,1236,276
45,/Users/vedantdwivedi/Desktop/IRIS/emg_data/closed_vocab/silent/5-19_silent/45_emg.npy,/Users/vedantdwivedi/Desktop/IRIS/silent_speech_alignments/text_alignments/5-9/5-9_45_audio.TextGrid,WE,2.09,2.26,0.16999999999999993,1254,1356,102
45,/Users/vedantdwivedi/Desktop/IRIS/emg_data/closed_vocab/silent/5-19_silent/45_emg.npy,/Users/vedantdwivedi/Desktop/IRIS/silent_speech_alignments/text_alignments/5-9/5-9_45_audio.TextGrid,DREW,2.26,2.56,0.30000000000000027,1356,1536,180
45,/Users/vedantdwivedi/Desktop/IRIS/emg_data/closed_vocab/silent/5-19_silent/45_emg.npy,/Users/vedantdwivedi/Desktop/IRIS/silent_speech_alignments/text_alignments/5-9/5-9_45_audio.TextGrid,NEAR,2.56,2.71,0.1499999999999999,1536,1626,90
45,/Users/vedantdwivedi/Desktop/IRIS/emg_data/closed_vocab/silent/5-19_silent/45_emg.npy,/Users/vedantdwivedi/Desktop/IRIS/silent_speech_alignments/text_alignments/5-9/5-9_45_audio.TextGrid,THE,2.71,2.83,0.1200000000000001,1626,1698,72
45,/Users/vedantdwivedi/Desktop/IRIS/emg_data/closed_vocab/silent/5-19_silent/45_emg.npy,/Users/vedantdwivedi/Desktop/IRIS/silent_speech_alignments/text_alignments/5-9/5-9_45_audio.TextGrid,ROAD,2.83,3.21,0.3799999999999999,1698,1926,228
45,/Users/vedantdwivedi/Desktop/IRIS/emg_data/closed_vocab/silent/5-19_silent/45_emg.npy,/Users/vedantdwivedi/Desktop/IRIS/silent_speech_alignments/text_alignments/5-9/5-9_45_audio.TextGrid,AND,3.83,4.02,0.1899999999999995,2298,2412,114
45,/Users/vedantdwivedi/Desktop/IRIS/emg_data/closed_vocab/silent/5-19_silent/45_emg.npy,/Users/vedantdwivedi/Desktop/IRIS/silent_speech_alignments/text_alignments/5-9/5-9_45_audio.TextGrid,AS,4.02,4.23,0.21000000000000085,2412,2538,126
45,/Users/vedantdwivedi/Desktop/IRIS/emg_data/closed_vocab/silent/5-19_silent/45_emg.npy,/Users/vedantdwivedi/Desktop/IRIS/silent_speech_alignments/text_alignments/5-9/5-9_45_audio.TextGrid,WE,4.23,4.35,0.11999999999999922,2538,2610,72
45,/Users/vedantdwivedi/Desktop/IRIS/emg_data/closed_vocab/silent/5-19_silent/45_emg.npy,/Users/vedantdwivedi/Desktop/IRIS/silent_speech_alignments/text_alignments/5-9/5-9_45_audio.TextGrid,DID,4.35,4.55,0.20000000000000018,2610,2718,108
46,/Users/vedantdwivedi/Desktop/IRIS/emg_data/closed_vocab/silent/5-19_silent/46_emg.npy,/Users/vedantdwivedi/Desktop/IRIS/silent_speech_alignments/text_alignments/5-9/5-9_46_audio.TextGrid,WE,1.01,1.13,0.11999999999999988,606,678,72
46,/Users/vedantdwivedi/Desktop/IRIS/emg_data/closed_vocab/silent/5-19_silent/46_emg.npy,/Users/vedantdwivedi/Desktop/IRIS/silent_speech_alignments/text_alignments/5-9/5-9_46_audio.TextGrid,HAILED,1.13,1.45,0.32000000000000006,678,870,192
46,/Users/vedantdwivedi/Desktop/IRIS/emg_data/closed_vocab/silent/5-19_silent/46_emg.npy,/Users/vedantdwivedi/Desktop/IRIS/silent_speech_alignments/text_alignments/5-9/5-9_46_audio.TextGrid,THEM,1.45,1.77,0.32000000000000006,870,1062,192
46,/Users/vedantdwivedi/Desktop/IRIS/emg_data/closed_vocab/silent/5-19_silent/46_emg.npy,/Users/vedantdwivedi/Desktop/IRIS/silent_speech_alignments/text_alignments/5-9/5-9_46_audio.TextGrid,AND,2.17,2.33,0.16000000000000014,1302,1398,96
46,/Users/vedantdwivedi/Desktop/IRIS/emg_data/closed_vocab/silent/5-19_silent/46_emg.npy,/Users/vedantdwivedi/Desktop/IRIS/silent_speech_alignments/text_alignments/5-9/5-9_46_audio.TextGrid,THEY,2.33,2.45,0.1200000000000001,1398,1470,72
46,/Users/vedantdwivedi/Desktop/IRIS/emg_data/closed_vocab/silent/5-19_silent/46_emg.npy,/Users/vedantdwivedi/Desktop/IRIS/silent_speech_alignments/text_alignments/5-9/5-9_46_audio.TextGrid,HALTED,2.45,2.93,0.48,1470,1758,288
46,/Users/vedantdwivedi/Desktop/IRIS/emg_data/closed_vocab/silent/5-19_silent/46_emg.npy,/Users/vedantdwivedi/Desktop/IRIS/silent_speech_alignments/text_alignments/5-9/5-9_46_audio.TextGrid,WHILE,3.13,3.26,0.1299999999999999,1878,1956,78
46,/Users/vedantdwivedi/Desktop/IRIS/emg_data/closed_vocab/silent/5-19_silent/46_emg.npy,/Users/vedantdwivedi/Desktop/IRIS/silent_speech_alignments/text_alignments/5-9/5-9_46_audio.TextGrid,WE,3.26,3.37,0.11000000000000032,1956,2022,66
46,/Users/vedantdwivedi/Desktop/IRIS/emg_data/closed_vocab/silent/5-19_silent/46_emg.npy,/Users/vedantdwivedi/Desktop/IRIS/silent_speech_alignments/text_alignments/5-9/5-9_46_audio.TextGrid,HURRIED,3.37,3.8,0.4299999999999997,2022,2280,258
46,/Users/vedantdwivedi/Desktop/IRIS/emg_data/closed_vocab/silent/5-19_silent/46_emg.npy,/Users/vedantdwivedi/Desktop/IRIS/silent_speech_alignments/text_alignments/5-9/5-9_46_audio.TextGrid,TOWARDS,3.8,4.11,0.3100000000000005,2280,2466,186
46,/Users/vedantdwivedi/Desktop/IRIS/emg_data/closed_vocab/silent/5-19_silent/46_emg.npy,/Users/vedantdwivedi/Desktop/IRIS/silent_speech_alignments/text_alignments/5-9/5-9_46_audio.TextGrid,THEM,4.11,4.4,0.29000000000000004,2466,2640,174
49,/Users/vedantdwivedi/Desktop/IRIS/emg_data/closed_vocab/silent/5-19_silent/49_emg.npy,/Users/vedantdwivedi/Desktop/IRIS/silent_speech_alignments/text_alignments/5-9/5-9_49_audio.TextGrid,IT,0.83,0.96,0.13,498,576,78
49,/Users/vedantdwivedi/Desktop/IRIS/emg_data/closed_vocab/silent/5-19_silent/49_emg.npy,/Users/vedantdwivedi/Desktop/IRIS/silent_speech_alignments/text_alignments/5-9/5-9_49_audio.TextGrid,WAS,0.96,1.07,0.1100000000000001,576,642,66
49,/Users/vedantdwivedi/Desktop/IRIS/emg_data/closed_vocab/silent/5-19_silent/49_emg.npy,/Users/vedantdwivedi/Desktop/IRIS/silent_speech_alignments/text_alignments/5-9/5-9_49_audio.TextGrid,A,1.07,1.11,0.040000000000000036,642,666,24
49,/Users/vedantdwivedi/Desktop/IRIS/emg_data/closed_vocab/silent/5-19_silent/49_emg.npy,/Users/vedantdwivedi/Desktop/IRIS/silent_speech_alignments/text_alignments/5-9/5-9_49_audio.TextGrid,LIEUTENANT,1.11,1.69,0.5799999999999998,666,1014,348
49,/Users/vedantdwivedi/Desktop/IRIS/emg_data/closed_vocab/silent/5-19_silent/49_emg.npy,/Users/vedantdwivedi/Desktop/IRIS/silent_speech_alignments/text_alignments/5-9/5-9_49_audio.TextGrid,AND,1.8,1.93,0.1299999999999999,1080,1158,78
49,/Users/vedantdwivedi/Desktop/IRIS/emg_data/closed_vocab/silent/5-19_silent/49_emg.npy,/Users/vedantdwivedi/Desktop/IRIS/silent_speech_alignments/text_alignments/5-9/5-9_49_audio.TextGrid,A,1.93,2.0,0.07000000000000006,1158,1200,42
49,/Users/vedantdwivedi/Desktop/IRIS/emg_data/closed_vocab/silent/5-19_silent/49_emg.npy,/Users/vedantdwivedi/Desktop/IRIS/silent_speech_alignments/text_alignments/5-9/5-9_49_audio.TextGrid,COUPLE,2.0,2.29,0.29000000000000004,1200,1374,174
49,/Users/vedantdwivedi/Desktop/IRIS/emg_data/closed_vocab/silent/5-19_silent/49_emg.npy,/Users/vedantdwivedi/Desktop/IRIS/silent_speech_alignments/text_alignments/5-9/5-9_49_audio.TextGrid,OF,2.29,2.45,0.16000000000000014,1374,1470,96
49,/Users/vedantdwivedi/Desktop/IRIS/emg_data/closed_vocab/silent/5-19_silent/49_emg.npy,/Users/vedantdwivedi/Desktop/IRIS/silent_speech_alignments/text_alignments/5-9/5-9_49_audio.TextGrid,PRIVATES,2.45,3.09,0.6399999999999997,1470,1854,384
49,/Users/vedantdwivedi/Desktop/IRIS/emg_data/closed_vocab/silent/5-19_silent/49_emg.npy,/Users/vedantdwivedi/Desktop/IRIS/silent_speech_alignments/text_alignments/5-9/5-9_49_audio.TextGrid,OF,3.12,3.22,0.10000000000000009,1872,1932,60
49,/Users/vedantdwivedi/Desktop/IRIS/emg_data/closed_vocab/silent/5-19_silent/49_emg.npy,/Users/vedantdwivedi/Desktop/IRIS/silent_speech_alignments/text_alignments/5-9/5-9_49_audio.TextGrid,THE,3.22,3.39,0.16999999999999993,1932,2034,102
49,/Users/vedantdwivedi/Desktop/IRIS/emg_data/closed_vocab/silent/5-19_silent/49_emg.npy,/Users/vedantdwivedi/Desktop/IRIS/silent_speech_alignments/text_alignments/5-9/5-9_49_audio.TextGrid,<UNK>,3.43,3.69,0.2599999999999998,2058,2214,156
49,/Users/vedantdwivedi/Desktop/IRIS/emg_data/closed_vocab/silent/5-19_silent/49_emg.npy,/Users/vedantdwivedi/Desktop/IRIS/silent_speech_alignments/text_alignments/5-9/5-9_49_audio.TextGrid,HUSSARS,3.85,4.61,0.7600000000000002,2310,2766,456
49,/Users/vedantdwivedi/Desktop/IRIS/emg_data/closed_vocab/silent/5-19_silent/49_emg.npy,/Users/vedantdwivedi/Desktop/IRIS/silent_speech_alignments/text_alignments/5-9/5-9_49_audio.TextGrid,WITH,5.27,5.41,0.14000000000000057,3162,3246,84
49,/Users/vedantdwivedi/Desktop/IRIS/emg_data/closed_vocab/silent/5-19_silent/49_emg.npy,/Users/vedantdwivedi/Desktop/IRIS/silent_speech_alignments/text_alignments/5-9/5-9_49_audio.TextGrid,A,5.41,5.5,0.08999999999999986,3246,3300,54
49,/Users/vedantdwivedi/Desktop/IRIS/emg_data/closed_vocab/silent/5-19_silent/49_emg.npy,/Users/vedantdwivedi/Desktop/IRIS/silent_speech_alignments/text_alignments/5-9/5-9_49_audio.TextGrid,STAND,5.5,6.25,0.75,3300,3498,198
50,/Users/vedantdwivedi/Desktop/IRIS/emg_data/closed_vocab/silent/5-19_silent/50_emg.npy,/Users/vedantdwivedi/Desktop/IRIS/silent_speech_alignments/text_alignments/5-9/5-9_50_audio.TextGrid,YOU,1.12,1.23,0.10999999999999988,672,738,66
50,/Users/vedantdwivedi/Desktop/IRIS/emg_data/closed_vocab/silent/5-19_silent/50_emg.npy,/Users/vedantdwivedi/Desktop/IRIS/silent_speech_alignments/text_alignments/5-9/5-9_50_audio.TextGrid,ARE,1.23,1.29,0.06000000000000005,738,774,36
50,/Users/vedantdwivedi/Desktop/IRIS/emg_data/closed_vocab/silent/5-19_silent/50_emg.npy,/Users/vedantdwivedi/Desktop/IRIS/silent_speech_alignments/text_alignments/5-9/5-9_50_audio.TextGrid,THE,1.29,1.4,0.10999999999999988,774,840,66
50,/Users/vedantdwivedi/Desktop/IRIS/emg_data/closed_vocab/silent/5-19_silent/50_emg.npy,/Users/vedantdwivedi/Desktop/IRIS/silent_speech_alignments/text_alignments/5-9/5-9_50_audio.TextGrid,FIRST,1.4,1.79,0.3900000000000001,840,1074,234
50,/Users/vedantdwivedi/Desktop/IRIS/emg_data/closed_vocab/silent/5-19_silent/50_emg.npy,/Users/vedantdwivedi/Desktop/IRIS/silent_speech_alignments/text_alignments/5-9/5-9_50_audio.TextGrid,MEN,1.79,2.14,0.3500000000000001,1074,1284,210
50,/Users/vedantdwivedi/Desktop/IRIS/emg_data/closed_vocab/silent/5-19_silent/50_emg.npy,/Users/vedantdwivedi/Desktop/IRIS/silent_speech_alignments/text_alignments/5-9/5-9_50_audio.TextGrid,I'VE,2.25,2.47,0.2200000000000002,1350,1482,132
50,/Users/vedantdwivedi/Desktop/IRIS/emg_data/closed_vocab/silent/5-19_silent/50_emg.npy,/Users/vedantdwivedi/Desktop/IRIS/silent_speech_alignments/text_alignments/5-9/5-9_50_audio.TextGrid,SEEN,2.47,2.73,0.2599999999999998,1482,1638,156
50,/Users/vedantdwivedi/Desktop/IRIS/emg_data/closed_vocab/silent/5-19_silent/50_emg.npy,/Users/vedantdwivedi/Desktop/IRIS/silent_speech_alignments/text_alignments/5-9/5-9_50_audio.TextGrid,COMING,2.73,3.01,0.2799999999999998,1638,1806,168
50,/Users/vedantdwivedi/Desktop/IRIS/emg_data/closed_vocab/silent/5-19_silent/50_emg.npy,/Users/vedantdwivedi/Desktop/IRIS/silent_speech_alignments/text_alignments/5-9/5-9_50_audio.TextGrid,THIS,3.01,3.17,0.16000000000000014,1806,1902,96
50,/Users/vedantdwivedi/Desktop/IRIS/emg_data/closed_vocab/silent/5-19_silent/50_emg.npy,/Users/vedantdwivedi/Desktop/IRIS/silent_speech_alignments/text_alignments/5-9/5-9_50_audio.TextGrid,WAY,3.17,3.35,0.18000000000000016,1902,2010,108
50,/Users/vedantdwivedi/Desktop/IRIS/emg_data/closed_vocab/silent/5-19_silent/50_emg.npy,/Users/vedantdwivedi/Desktop/IRIS/silent_speech_alignments/text_alignments/5-9/5-9_50_audio.TextGrid,THIS,3.35,3.54,0.18999999999999995,2010,2124,114
50,/Users/vedantdwivedi/Desktop/IRIS/emg_data/closed_vocab/silent/5-19_silent/50_emg.npy,/Users/vedantdwivedi/Desktop/IRIS/silent_speech_alignments/text_alignments/5-9/5-9_50_audio.TextGrid,MORNING,3.54,3.97,0.43000000000000016,2124,2382,258
50,/Users/vedantdwivedi/Desktop/IRIS/emg_data/closed_vocab/silent/5-19_silent/50_emg.npy,/Users/vedantdwivedi/Desktop/IRIS/silent_speech_alignments/text_alignments/5-9/5-9_50_audio.TextGrid,SAID,4.45,4.63,0.17999999999999972,2670,2778,108
50,/Users/vedantdwivedi/Desktop/IRIS/emg_data/closed_vocab/silent/5-19_silent/50_emg.npy,/Users/vedantdwivedi/Desktop/IRIS/silent_speech_alignments/text_alignments/5-9/5-9_50_audio.TextGrid,THE,4.63,4.69,0.0600000000000005,2778,2814,36
50,/Users/vedantdwivedi/Desktop/IRIS/emg_data/closed_vocab/silent/5-19_silent/50_emg.npy,/Users/vedantdwivedi/Desktop/IRIS/silent_speech_alignments/text_alignments/5-9/5-9_50_audio.TextGrid,LIEUTENANT,4.69,5.22,0.5299999999999994,2814,2820,6
51,/Users/vedantdwivedi/Desktop/IRIS/emg_data/closed_vocab/silent/5-19_silent/51_emg.npy,/Users/vedantdwivedi/Desktop/IRIS/silent_speech_alignments/text_alignments/5-9/5-9_51_audio.TextGrid,WHAT'S,0.8,1.12,0.32000000000000006,480,672,192
51,/Users/vedantdwivedi/Desktop/IRIS/emg_data/closed_vocab/silent/5-19_silent/51_emg.npy,/Users/vedantdwivedi/Desktop/IRIS/silent_speech_alignments/text_alignments/5-9/5-9_51_audio.TextGrid,BREWING,1.12,1.66,0.5399999999999998,672,996,324
52,/Users/vedantdwivedi/Desktop/IRIS/emg_data/closed_vocab/silent/5-19_silent/52_emg.npy,/Users/vedantdwivedi/Desktop/IRIS/silent_speech_alignments/text_alignments/5-9/5-9_52_audio.TextGrid,HIS,0.83,1.03,0.20000000000000007,498,618,120
52,/Users/vedantdwivedi/Desktop/IRIS/emg_data/closed_vocab/silent/5-19_silent/52_emg.npy,/Users/vedantdwivedi/Desktop/IRIS/silent_speech_alignments/text_alignments/5-9/5-9_52_audio.TextGrid,VOICE,1.03,1.5,0.47,618,900,282
52,/Users/vedantdwivedi/Desktop/IRIS/emg_data/closed_vocab/silent/5-19_silent/52_emg.npy,/Users/vedantdwivedi/Desktop/IRIS/silent_speech_alignments/text_alignments/5-9/5-9_52_audio.TextGrid,AND,1.57,1.79,0.21999999999999997,942,1074,132
52,/Users/vedantdwivedi/Desktop/IRIS/emg_data/closed_vocab/silent/5-19_silent/52_emg.npy,/Users/vedantdwivedi/Desktop/IRIS/silent_speech_alignments/text_alignments/5-9/5-9_52_audio.TextGrid,FACE,1.79,2.19,0.3999999999999999,1074,1314,240
52,/Users/vedantdwivedi/Desktop/IRIS/emg_data/closed_vocab/silent/5-19_silent/52_emg.npy,/Users/vedantdwivedi/Desktop/IRIS/silent_speech_alignments/text_alignments/5-9/5-9_52_audio.TextGrid,WERE,2.19,2.39,0.20000000000000018,1314,1434,120
52,/Users/vedantdwivedi/Desktop/IRIS/emg_data/closed_vocab/silent/5-19_silent/52_emg.npy,/Users/vedantdwivedi/Desktop/IRIS/silent_speech_alignments/text_alignments/5-9/5-9_52_audio.TextGrid,EAGER,2.39,2.8,0.4099999999999997,1434,1680,246
53,/Users/vedantdwivedi/Desktop/IRIS/emg_data/closed_vocab/silent/5-19_silent/53_emg.npy,/Users/vedantdwivedi/Desktop/IRIS/silent_speech_alignments/text_alignments/5-9/5-9_53_audio.TextGrid,THE,0.98,1.09,0.1100000000000001,588,654,66
53,/Users/vedantdwivedi/Desktop/IRIS/emg_data/closed_vocab/silent/5-19_silent/53_emg.npy,/Users/vedantdwivedi/Desktop/IRIS/silent_speech_alignments/text_alignments/5-9/5-9_53_audio.TextGrid,MEN,1.09,1.3,0.20999999999999996,654,780,126
53,/Users/vedantdwivedi/Desktop/IRIS/emg_data/closed_vocab/silent/5-19_silent/53_emg.npy,/Users/vedantdwivedi/Desktop/IRIS/silent_speech_alignments/text_alignments/5-9/5-9_53_audio.TextGrid,BEHIND,1.3,1.64,0.33999999999999986,780,984,204
53,/Users/vedantdwivedi/Desktop/IRIS/emg_data/closed_vocab/silent/5-19_silent/53_emg.npy,/Users/vedantdwivedi/Desktop/IRIS/silent_speech_alignments/text_alignments/5-9/5-9_53_audio.TextGrid,HIM,1.64,1.99,0.3500000000000001,984,1194,210
53,/Users/vedantdwivedi/Desktop/IRIS/emg_data/closed_vocab/silent/5-19_silent/53_emg.npy,/Users/vedantdwivedi/Desktop/IRIS/silent_speech_alignments/text_alignments/5-9/5-9_53_audio.TextGrid,STARED,2.02,2.44,0.41999999999999993,1212,1464,252
53,/Users/vedantdwivedi/Desktop/IRIS/emg_data/closed_vocab/silent/5-19_silent/53_emg.npy,/Users/vedantdwivedi/Desktop/IRIS/silent_speech_alignments/text_alignments/5-9/5-9_53_audio.TextGrid,CURIOUSLY,2.44,3.2,0.7600000000000002,1464,1920,456
54,/Users/vedantdwivedi/Desktop/IRIS/emg_data/closed_vocab/silent/5-19_silent/54_emg.npy,/Users/vedantdwivedi/Desktop/IRIS/silent_speech_alignments/text_alignments/5-9/5-9_54_audio.TextGrid,THE,1.0,1.1,0.10000000000000009,600,660,60
54,/Users/vedantdwivedi/Desktop/IRIS/emg_data/closed_vocab/silent/5-19_silent/54_emg.npy,/Users/vedantdwivedi/Desktop/IRIS/silent_speech_alignments/text_alignments/5-9/5-9_54_audio.TextGrid,ARTILLERYMAN,1.1,1.88,0.7799999999999998,660,1128,468
54,/Users/vedantdwivedi/Desktop/IRIS/emg_data/closed_vocab/silent/5-19_silent/54_emg.npy,/Users/vedantdwivedi/Desktop/IRIS/silent_speech_alignments/text_alignments/5-9/5-9_54_audio.TextGrid,JUMPED,1.91,2.27,0.3600000000000001,1146,1362,216
54,/Users/vedantdwivedi/Desktop/IRIS/emg_data/closed_vocab/silent/5-19_silent/54_emg.npy,/Users/vedantdwivedi/Desktop/IRIS/silent_speech_alignments/text_alignments/5-9/5-9_54_audio.TextGrid,DOWN,2.27,2.56,0.29000000000000004,1362,1536,174
54,/Users/vedantdwivedi/Desktop/IRIS/emg_data/closed_vocab/silent/5-19_silent/54_emg.npy,/Users/vedantdwivedi/Desktop/IRIS/silent_speech_alignments/text_alignments/5-9/5-9_54_audio.TextGrid,THE,2.56,2.64,0.08000000000000007,1536,1584,48
54,/Users/vedantdwivedi/Desktop/IRIS/emg_data/closed_vocab/silent/5-19_silent/54_emg.npy,/Users/vedantdwivedi/Desktop/IRIS/silent_speech_alignments/text_alignments/5-9/5-9_54_audio.TextGrid,BANK,2.64,3.05,0.4099999999999997,1584,1830,246
54,/Users/vedantdwivedi/Desktop/IRIS/emg_data/closed_vocab/silent/5-19_silent/54_emg.npy,/Users/vedantdwivedi/Desktop/IRIS/silent_speech_alignments/text_alignments/5-9/5-9_54_audio.TextGrid,INTO,3.29,3.47,0.18000000000000016,1974,2082,108
54,/Users/vedantdwivedi/Desktop/IRIS/emg_data/closed_vocab/silent/5-19_silent/54_emg.npy,/Users/vedantdwivedi/Desktop/IRIS/silent_speech_alignments/text_alignments/5-9/5-9_54_audio.TextGrid,THE,3.47,3.59,0.11999999999999966,2082,2154,72
54,/Users/vedantdwivedi/Desktop/IRIS/emg_data/closed_vocab/silent/5-19_silent/54_emg.npy,/Users/vedantdwivedi/Desktop/IRIS/silent_speech_alignments/text_alignments/5-9/5-9_54_audio.TextGrid,ROAD,3.59,3.97,0.38000000000000034,2154,2382,228
54,/Users/vedantdwivedi/Desktop/IRIS/emg_data/closed_vocab/silent/5-19_silent/54_emg.npy,/Users/vedantdwivedi/Desktop/IRIS/silent_speech_alignments/text_alignments/5-9/5-9_54_audio.TextGrid,AND,3.97,4.08,0.10999999999999988,2382,2448,66
54,/Users/vedantdwivedi/Desktop/IRIS/emg_data/closed_vocab/silent/5-19_silent/54_emg.npy,/Users/vedantdwivedi/Desktop/IRIS/silent_speech_alignments/text_alignments/5-9/5-9_54_audio.TextGrid,SALUTED,4.08,4.62,0.54,2448,2604,156
55,/Users/vedantdwivedi/Desktop/IRIS/emg_data/closed_vocab/silent/5-19_silent/55_emg.npy,/Users/vedantdwivedi/Desktop/IRIS/silent_speech_alignments/text_alignments/5-9/5-9_55_audio.TextGrid,GUN,0.85,1.11,0.2600000000000001,510,666,156
55,/Users/vedantdwivedi/Desktop/IRIS/emg_data/closed_vocab/silent/5-19_silent/55_emg.npy,/Users/vedantdwivedi/Desktop/IRIS/silent_speech_alignments/text_alignments/5-9/5-9_55_audio.TextGrid,DESTROYED,1.11,1.56,0.44999999999999996,666,936,270
55,/Users/vedantdwivedi/Desktop/IRIS/emg_data/closed_vocab/silent/5-19_silent/55_emg.npy,/Users/vedantdwivedi/Desktop/IRIS/silent_speech_alignments/text_alignments/5-9/5-9_55_audio.TextGrid,LAST,1.56,1.86,0.30000000000000004,936,1116,180
55,/Users/vedantdwivedi/Desktop/IRIS/emg_data/closed_vocab/silent/5-19_silent/55_emg.npy,/Users/vedantdwivedi/Desktop/IRIS/silent_speech_alignments/text_alignments/5-9/5-9_55_audio.TextGrid,NIGHT,1.86,2.08,0.21999999999999997,1116,1248,132
55,/Users/vedantdwivedi/Desktop/IRIS/emg_data/closed_vocab/silent/5-19_silent/55_emg.npy,/Users/vedantdwivedi/Desktop/IRIS/silent_speech_alignments/text_alignments/5-9/5-9_55_audio.TextGrid,SIR,2.08,2.42,0.33999999999999986,1248,1452,204
56,/Users/vedantdwivedi/Desktop/IRIS/emg_data/closed_vocab/silent/5-19_silent/56_emg.npy,/Users/vedantdwivedi/Desktop/IRIS/silent_speech_alignments/text_alignments/5-9/5-9_56_audio.TextGrid,HAVE,1.02,1.25,0.22999999999999998,612,750,138
56,/Users/vedantdwivedi/Desktop/IRIS/emg_data/closed_vocab/silent/5-19_silent/56_emg.npy,/Users/vedantdwivedi/Desktop/IRIS/silent_speech_alignments/text_alignments/5-9/5-9_56_audio.TextGrid,BEEN,1.25,1.38,0.1299999999999999,750,828,78
56,/Users/vedantdwivedi/Desktop/IRIS/emg_data/closed_vocab/silent/5-19_silent/56_emg.npy,/Users/vedantdwivedi/Desktop/IRIS/silent_speech_alignments/text_alignments/5-9/5-9_56_audio.TextGrid,HIDING,1.38,1.94,0.56,828,1164,336
57,/Users/vedantdwivedi/Desktop/IRIS/emg_data/closed_vocab/silent/5-19_silent/57_emg.npy,/Users/vedantdwivedi/Desktop/IRIS/silent_speech_alignments/text_alignments/5-9/5-9_57_audio.TextGrid,TRYING,0.86,1.2,0.33999999999999997,516,720,204
57,/Users/vedantdwivedi/Desktop/IRIS/emg_data/closed_vocab/silent/5-19_silent/57_emg.npy,/Users/vedantdwivedi/Desktop/IRIS/silent_speech_alignments/text_alignments/5-9/5-9_57_audio.TextGrid,TO,1.2,1.31,0.1100000000000001,720,786,66
57,/Users/vedantdwivedi/Desktop/IRIS/emg_data/closed_vocab/silent/5-19_silent/57_emg.npy,/Users/vedantdwivedi/Desktop/IRIS/silent_speech_alignments/text_alignments/5-9/5-9_57_audio.TextGrid,REJOIN,1.31,1.71,0.3999999999999999,786,1026,240
57,/Users/vedantdwivedi/Desktop/IRIS/emg_data/closed_vocab/silent/5-19_silent/57_emg.npy,/Users/vedantdwivedi/Desktop/IRIS/silent_speech_alignments/text_alignments/5-9/5-9_57_audio.TextGrid,BATTERY,1.71,2.13,0.41999999999999993,1026,1278,252
57,/Users/vedantdwivedi/Desktop/IRIS/emg_data/closed_vocab/silent/5-19_silent/57_emg.npy,/Users/vedantdwivedi/Desktop/IRIS/silent_speech_alignments/text_alignments/5-9/5-9_57_audio.TextGrid,SIR,2.13,2.49,0.3600000000000003,1278,1494,216
58,/Users/vedantdwivedi/Desktop/IRIS/emg_data/closed_vocab/silent/5-19_silent/58_emg.npy,/Users/vedantdwivedi/Desktop/IRIS/silent_speech_alignments/text_alignments/5-9/5-9_58_audio.TextGrid,YOU'LL,0.91,1.08,0.17000000000000004,546,648,102
58,/Users/vedantdwivedi/Desktop/IRIS/emg_data/closed_vocab/silent/5-19_silent/58_emg.npy,/Users/vedantdwivedi/Desktop/IRIS/silent_speech_alignments/text_alignments/5-9/5-9_58_audio.TextGrid,COME,1.08,1.32,0.24,648,792,144
58,/Users/vedantdwivedi/Desktop/IRIS/emg_data/closed_vocab/silent/5-19_silent/58_emg.npy,/Users/vedantdwivedi/Desktop/IRIS/silent_speech_alignments/text_alignments/5-9/5-9_58_audio.TextGrid,IN,1.32,1.42,0.09999999999999987,792,852,60
58,/Users/vedantdwivedi/Desktop/IRIS/emg_data/closed_vocab/silent/5-19_silent/58_emg.npy,/Users/vedantdwivedi/Desktop/IRIS/silent_speech_alignments/text_alignments/5-9/5-9_58_audio.TextGrid,SIGHT,1.42,1.78,0.3600000000000001,852,1068,216
58,/Users/vedantdwivedi/Desktop/IRIS/emg_data/closed_vocab/silent/5-19_silent/58_emg.npy,/Users/vedantdwivedi/Desktop/IRIS/silent_speech_alignments/text_alignments/5-9/5-9_58_audio.TextGrid,OF,1.78,1.86,0.08000000000000007,1068,1116,48
58,/Users/vedantdwivedi/Desktop/IRIS/emg_data/closed_vocab/silent/5-19_silent/58_emg.npy,/Users/vedantdwivedi/Desktop/IRIS/silent_speech_alignments/text_alignments/5-9/5-9_58_audio.TextGrid,THE,1.86,1.95,0.08999999999999986,1116,1170,54
58,/Users/vedantdwivedi/Desktop/IRIS/emg_data/closed_vocab/silent/5-19_silent/58_emg.npy,/Users/vedantdwivedi/Desktop/IRIS/silent_speech_alignments/text_alignments/5-9/5-9_58_audio.TextGrid,MARTIANS,1.95,2.38,0.42999999999999994,1170,1428,258
58,/Users/vedantdwivedi/Desktop/IRIS/emg_data/closed_vocab/silent/5-19_silent/58_emg.npy,/Users/vedantdwivedi/Desktop/IRIS/silent_speech_alignments/text_alignments/5-9/5-9_58_audio.TextGrid,I,2.38,2.48,0.10000000000000009,1428,1488,60
58,/Users/vedantdwivedi/Desktop/IRIS/emg_data/closed_vocab/silent/5-19_silent/58_emg.npy,/Users/vedantdwivedi/Desktop/IRIS/silent_speech_alignments/text_alignments/5-9/5-9_58_audio.TextGrid,EXPECT,2.48,2.95,0.4700000000000002,1488,1770,282
58,/Users/vedantdwivedi/Desktop/IRIS/emg_data/closed_vocab/silent/5-19_silent/58_emg.npy,/Users/vedantdwivedi/Desktop/IRIS/silent_speech_alignments/text_alignments/5-9/5-9_58_audio.TextGrid,ABOUT,3.29,3.52,0.22999999999999998,1974,2112,138
58,/Users/vedantdwivedi/Desktop/IRIS/emg_data/closed_vocab/silent/5-19_silent/58_emg.npy,/Users/vedantdwivedi/Desktop/IRIS/silent_speech_alignments/text_alignments/5-9/5-9_58_audio.TextGrid,HALF,3.52,3.76,0.23999999999999977,2112,2256,144
58,/Users/vedantdwivedi/Desktop/IRIS/emg_data/closed_vocab/silent/5-19_silent/58_emg.npy,/Users/vedantdwivedi/Desktop/IRIS/silent_speech_alignments/text_alignments/5-9/5-9_58_audio.TextGrid,A,3.76,3.81,0.050000000000000266,2256,2286,30
58,/Users/vedantdwivedi/Desktop/IRIS/emg_data/closed_vocab/silent/5-19_silent/58_emg.npy,/Users/vedantdwivedi/Desktop/IRIS/silent_speech_alignments/text_alignments/5-9/5-9_58_audio.TextGrid,MILE,3.81,4.11,0.30000000000000027,2286,2466,180
58,/Users/vedantdwivedi/Desktop/IRIS/emg_data/closed_vocab/silent/5-19_silent/58_emg.npy,/Users/vedantdwivedi/Desktop/IRIS/silent_speech_alignments/text_alignments/5-9/5-9_58_audio.TextGrid,ALONG,4.11,4.35,0.23999999999999932,2466,2610,144
58,/Users/vedantdwivedi/Desktop/IRIS/emg_data/closed_vocab/silent/5-19_silent/58_emg.npy,/Users/vedantdwivedi/Desktop/IRIS/silent_speech_alignments/text_alignments/5-9/5-9_58_audio.TextGrid,THIS,4.35,4.55,0.20000000000000018,2610,2730,120
58,/Users/vedantdwivedi/Desktop/IRIS/emg_data/closed_vocab/silent/5-19_silent/58_emg.npy,/Users/vedantdwivedi/Desktop/IRIS/silent_speech_alignments/text_alignments/5-9/5-9_58_audio.TextGrid,ROAD,4.55,4.86,0.3100000000000005,2730,2916,186
5,/Users/vedantdwivedi/Desktop/IRIS/emg_data/closed_vocab/silent/5-19_silent/5_emg.npy,/Users/vedantdwivedi/Desktop/IRIS/silent_speech_alignments/text_alignments/5-9/5-9_5_audio.TextGrid,HE,0.62,0.74,0.12,372,444,72
5,/Users/vedantdwivedi/Desktop/IRIS/emg_data/closed_vocab/silent/5-19_silent/5_emg.npy,/Users/vedantdwivedi/Desktop/IRIS/silent_speech_alignments/text_alignments/5-9/5-9_5_audio.TextGrid,PROPOSED,0.74,1.34,0.6000000000000001,444,500,56
61,/Users/vedantdwivedi/Desktop/IRIS/emg_data/closed_vocab/silent/5-19_silent/61_emg.npy,/Users/vedantdwivedi/Desktop/IRIS/silent_speech_alignments/text_alignments/5-9/5-9_61_audio.TextGrid,HUNDRED,0.88,1.24,0.36,528,744,216
61,/Users/vedantdwivedi/Desktop/IRIS/emg_data/closed_vocab/silent/5-19_silent/61_emg.npy,/Users/vedantdwivedi/Desktop/IRIS/silent_speech_alignments/text_alignments/5-9/5-9_61_audio.TextGrid,FEET,1.24,1.45,0.20999999999999996,744,870,126
61,/Users/vedantdwivedi/Desktop/IRIS/emg_data/closed_vocab/silent/5-19_silent/61_emg.npy,/Users/vedantdwivedi/Desktop/IRIS/silent_speech_alignments/text_alignments/5-9/5-9_61_audio.TextGrid,HIGH,1.45,1.86,0.41000000000000014,870,1116,246
62,/Users/vedantdwivedi/Desktop/IRIS/emg_data/closed_vocab/silent/5-19_silent/62_emg.npy,/Users/vedantdwivedi/Desktop/IRIS/silent_speech_alignments/text_alignments/5-9/5-9_62_audio.TextGrid,THREE,0.82,1.06,0.2400000000000001,492,500,8
63,/Users/vedantdwivedi/Desktop/IRIS/emg_data/closed_vocab/silent/5-19_silent/63_emg.npy,/Users/vedantdwivedi/Desktop/IRIS/silent_speech_alignments/text_alignments/5-9/5-9_63_audio.TextGrid,GET,0.81,1.13,0.31999999999999984,486,500,14
65,/Users/vedantdwivedi/Desktop/IRIS/emg_data/closed_vocab/silent/5-19_silent/65_emg.npy,/Users/vedantdwivedi/Desktop/IRIS/silent_speech_alignments/text_alignments/5-9/5-9_65_audio.TextGrid,YOU'LL,0.74,0.96,0.21999999999999997,444,500,56
66,/Users/vedantdwivedi/Desktop/IRIS/emg_data/closed_vocab/silent/5-19_silent/66_emg.npy,/Users/vedantdwivedi/Desktop/IRIS/silent_speech_alignments/text_alignments/5-9/5-9_66_audio.TextGrid,THEY,0.89,1.01,0.12,534,606,72
66,/Users/vedantdwivedi/Desktop/IRIS/emg_data/closed_vocab/silent/5-19_silent/66_emg.npy,/Users/vedantdwivedi/Desktop/IRIS/silent_speech_alignments/text_alignments/5-9/5-9_66_audio.TextGrid,CARRY,1.01,1.41,0.3999999999999999,606,846,240
66,/Users/vedantdwivedi/Desktop/IRIS/emg_data/closed_vocab/silent/5-19_silent/66_emg.npy,/Users/vedantdwivedi/Desktop/IRIS/silent_speech_alignments/text_alignments/5-9/5-9_66_audio.TextGrid,A,1.41,1.5,0.09000000000000008,846,900,54
66,/Users/vedantdwivedi/Desktop/IRIS/emg_data/closed_vocab/silent/5-19_silent/66_emg.npy,/Users/vedantdwivedi/Desktop/IRIS/silent_speech_alignments/text_alignments/5-9/5-9_66_audio.TextGrid,KIND,1.5,1.73,0.22999999999999998,900,1038,138
66,/Users/vedantdwivedi/Desktop/IRIS/emg_data/closed_vocab/silent/5-19_silent/66_emg.npy,/Users/vedantdwivedi/Desktop/IRIS/silent_speech_alignments/text_alignments/5-9/5-9_66_audio.TextGrid,OF,1.73,1.85,0.1200000000000001,1038,1110,72
66,/Users/vedantdwivedi/Desktop/IRIS/emg_data/closed_vocab/silent/5-19_silent/66_emg.npy,/Users/vedantdwivedi/Desktop/IRIS/silent_speech_alignments/text_alignments/5-9/5-9_66_audio.TextGrid,BOX,1.85,2.24,0.3900000000000001,1110,1344,234
66,/Users/vedantdwivedi/Desktop/IRIS/emg_data/closed_vocab/silent/5-19_silent/66_emg.npy,/Users/vedantdwivedi/Desktop/IRIS/silent_speech_alignments/text_alignments/5-9/5-9_66_audio.TextGrid,SIR,2.27,2.68,0.41000000000000014,1362,1608,246
66,/Users/vedantdwivedi/Desktop/IRIS/emg_data/closed_vocab/silent/5-19_silent/66_emg.npy,/Users/vedantdwivedi/Desktop/IRIS/silent_speech_alignments/text_alignments/5-9/5-9_66_audio.TextGrid,THAT,2.81,2.98,0.16999999999999993,1686,1788,102
66,/Users/vedantdwivedi/Desktop/IRIS/emg_data/closed_vocab/silent/5-19_silent/66_emg.npy,/Users/vedantdwivedi/Desktop/IRIS/silent_speech_alignments/text_alignments/5-9/5-9_66_audio.TextGrid,SHOOTS,2.98,3.27,0.29000000000000004,1788,1962,174
66,/Users/vedantdwivedi/Desktop/IRIS/emg_data/closed_vocab/silent/5-19_silent/66_emg.npy,/Users/vedantdwivedi/Desktop/IRIS/silent_speech_alignments/text_alignments/5-9/5-9_66_audio.TextGrid,FIRE,3.27,3.75,0.48,1962,2250,288
66,/Users/vedantdwivedi/Desktop/IRIS/emg_data/closed_vocab/silent/5-19_silent/66_emg.npy,/Users/vedantdwivedi/Desktop/IRIS/silent_speech_alignments/text_alignments/5-9/5-9_66_audio.TextGrid,AND,3.85,4.0,0.1499999999999999,2310,2400,90
66,/Users/vedantdwivedi/Desktop/IRIS/emg_data/closed_vocab/silent/5-19_silent/66_emg.npy,/Users/vedantdwivedi/Desktop/IRIS/silent_speech_alignments/text_alignments/5-9/5-9_66_audio.TextGrid,STRIKES,4.0,4.34,0.33999999999999986,2400,2604,204
66,/Users/vedantdwivedi/Desktop/IRIS/emg_data/closed_vocab/silent/5-19_silent/66_emg.npy,/Users/vedantdwivedi/Desktop/IRIS/silent_speech_alignments/text_alignments/5-9/5-9_66_audio.TextGrid,YOU,4.34,4.42,0.08000000000000007,2604,2652,48
66,/Users/vedantdwivedi/Desktop/IRIS/emg_data/closed_vocab/silent/5-19_silent/66_emg.npy,/Users/vedantdwivedi/Desktop/IRIS/silent_speech_alignments/text_alignments/5-9/5-9_66_audio.TextGrid,DEAD,4.42,4.79,0.3700000000000001,2652,2874,222
67,/Users/vedantdwivedi/Desktop/IRIS/emg_data/closed_vocab/silent/5-19_silent/67_emg.npy,/Users/vedantdwivedi/Desktop/IRIS/silent_speech_alignments/text_alignments/5-9/5-9_67_audio.TextGrid,WHAT,1.33,1.51,0.17999999999999994,798,906,108
67,/Users/vedantdwivedi/Desktop/IRIS/emg_data/closed_vocab/silent/5-19_silent/67_emg.npy,/Users/vedantdwivedi/Desktop/IRIS/silent_speech_alignments/text_alignments/5-9/5-9_67_audio.TextGrid,D'YE,1.51,1.63,0.11999999999999988,906,978,72
67,/Users/vedantdwivedi/Desktop/IRIS/emg_data/closed_vocab/silent/5-19_silent/67_emg.npy,/Users/vedantdwivedi/Desktop/IRIS/silent_speech_alignments/text_alignments/5-9/5-9_67_audio.TextGrid,MEAN,1.63,2.07,0.43999999999999995,978,1242,264
67,/Users/vedantdwivedi/Desktop/IRIS/emg_data/closed_vocab/silent/5-19_silent/67_emg.npy,/Users/vedantdwivedi/Desktop/IRIS/silent_speech_alignments/text_alignments/5-9/5-9_67_audio.TextGrid,A,2.21,2.35,0.14000000000000012,1326,1410,84
67,/Users/vedantdwivedi/Desktop/IRIS/emg_data/closed_vocab/silent/5-19_silent/67_emg.npy,/Users/vedantdwivedi/Desktop/IRIS/silent_speech_alignments/text_alignments/5-9/5-9_67_audio.TextGrid,GUN,2.35,2.8,0.44999999999999973,1410,1680,270
6,/Users/vedantdwivedi/Desktop/IRIS/emg_data/closed_vocab/silent/5-19_silent/6_emg.npy,/Users/vedantdwivedi/Desktop/IRIS/silent_speech_alignments/text_alignments/5-9/5-9_6_audio.TextGrid,<UNK>,0.64,1.14,0.4999999999999999,384,500,116
70,/Users/vedantdwivedi/Desktop/IRIS/emg_data/closed_vocab/silent/5-19_silent/70_emg.npy,/Users/vedantdwivedi/Desktop/IRIS/silent_speech_alignments/text_alignments/5-9/5-9_70_audio.TextGrid,NO,0.93,1.15,0.21999999999999986,558,690,132
70,/Users/vedantdwivedi/Desktop/IRIS/emg_data/closed_vocab/silent/5-19_silent/70_emg.npy,/Users/vedantdwivedi/Desktop/IRIS/silent_speech_alignments/text_alignments/5-9/5-9_70_audio.TextGrid,SIR,1.15,1.51,0.3600000000000001,690,906,216
70,/Users/vedantdwivedi/Desktop/IRIS/emg_data/closed_vocab/silent/5-19_silent/70_emg.npy,/Users/vedantdwivedi/Desktop/IRIS/silent_speech_alignments/text_alignments/5-9/5-9_70_audio.TextGrid,AND,2.13,2.28,0.1499999999999999,1278,1368,90
70,/Users/vedantdwivedi/Desktop/IRIS/emg_data/closed_vocab/silent/5-19_silent/70_emg.npy,/Users/vedantdwivedi/Desktop/IRIS/silent_speech_alignments/text_alignments/5-9/5-9_70_audio.TextGrid,THE,2.28,2.4,0.1200000000000001,1368,1440,72
70,/Users/vedantdwivedi/Desktop/IRIS/emg_data/closed_vocab/silent/5-19_silent/70_emg.npy,/Users/vedantdwivedi/Desktop/IRIS/silent_speech_alignments/text_alignments/5-9/5-9_70_audio.TextGrid,ARTILLERYMAN,2.4,3.15,0.75,1440,1890,450
70,/Users/vedantdwivedi/Desktop/IRIS/emg_data/closed_vocab/silent/5-19_silent/70_emg.npy,/Users/vedantdwivedi/Desktop/IRIS/silent_speech_alignments/text_alignments/5-9/5-9_70_audio.TextGrid,BEGAN,3.18,3.53,0.34999999999999964,1908,2118,210
70,/Users/vedantdwivedi/Desktop/IRIS/emg_data/closed_vocab/silent/5-19_silent/70_emg.npy,/Users/vedantdwivedi/Desktop/IRIS/silent_speech_alignments/text_alignments/5-9/5-9_70_audio.TextGrid,A,3.53,3.6,0.07000000000000028,2118,2160,42
70,/Users/vedantdwivedi/Desktop/IRIS/emg_data/closed_vocab/silent/5-19_silent/70_emg.npy,/Users/vedantdwivedi/Desktop/IRIS/silent_speech_alignments/text_alignments/5-9/5-9_70_audio.TextGrid,VIVID,3.6,3.87,0.27,2160,2322,162
70,/Users/vedantdwivedi/Desktop/IRIS/emg_data/closed_vocab/silent/5-19_silent/70_emg.npy,/Users/vedantdwivedi/Desktop/IRIS/silent_speech_alignments/text_alignments/5-9/5-9_70_audio.TextGrid,ACCOUNT,3.87,4.34,0.46999999999999975,2322,2604,282
70,/Users/vedantdwivedi/Desktop/IRIS/emg_data/closed_vocab/silent/5-19_silent/70_emg.npy,/Users/vedantdwivedi/Desktop/IRIS/silent_speech_alignments/text_alignments/5-9/5-9_70_audio.TextGrid,OF,4.37,4.48,0.11000000000000032,2622,2688,66
70,/Users/vedantdwivedi/Desktop/IRIS/emg_data/closed_vocab/silent/5-19_silent/70_emg.npy,/Users/vedantdwivedi/Desktop/IRIS/silent_speech_alignments/text_alignments/5-9/5-9_70_audio.TextGrid,THE,4.48,4.57,0.08999999999999986,2688,2742,54
70,/Users/vedantdwivedi/Desktop/IRIS/emg_data/closed_vocab/silent/5-19_silent/70_emg.npy,/Users/vedantdwivedi/Desktop/IRIS/silent_speech_alignments/text_alignments/5-9/5-9_70_audio.TextGrid,HEAT,4.57,4.82,0.25,2742,2892,150
70,/Users/vedantdwivedi/Desktop/IRIS/emg_data/closed_vocab/silent/5-19_silent/70_emg.npy,/Users/vedantdwivedi/Desktop/IRIS/silent_speech_alignments/text_alignments/5-9/5-9_70_audio.TextGrid,RAY,4.82,5.11,0.29000000000000004,2892,3066,174
71,/Users/vedantdwivedi/Desktop/IRIS/emg_data/closed_vocab/silent/5-19_silent/71_emg.npy,/Users/vedantdwivedi/Desktop/IRIS/silent_speech_alignments/text_alignments/5-9/5-9_71_audio.TextGrid,HALFWAY,0.84,1.23,0.39,504,738,234
71,/Users/vedantdwivedi/Desktop/IRIS/emg_data/closed_vocab/silent/5-19_silent/71_emg.npy,/Users/vedantdwivedi/Desktop/IRIS/silent_speech_alignments/text_alignments/5-9/5-9_71_audio.TextGrid,THROUGH,1.23,1.65,0.41999999999999993,738,990,252
71,/Users/vedantdwivedi/Desktop/IRIS/emg_data/closed_vocab/silent/5-19_silent/71_emg.npy,/Users/vedantdwivedi/Desktop/IRIS/silent_speech_alignments/text_alignments/5-9/5-9_71_audio.TextGrid,THE,1.97,2.11,0.1399999999999999,1182,1266,84
71,/Users/vedantdwivedi/Desktop/IRIS/emg_data/closed_vocab/silent/5-19_silent/71_emg.npy,/Users/vedantdwivedi/Desktop/IRIS/silent_speech_alignments/text_alignments/5-9/5-9_71_audio.TextGrid,LIEUTENANT,2.11,2.6,0.4900000000000002,1266,1560,294
71,/Users/vedantdwivedi/Desktop/IRIS/emg_data/closed_vocab/silent/5-19_silent/71_emg.npy,/Users/vedantdwivedi/Desktop/IRIS/silent_speech_alignments/text_alignments/5-9/5-9_71_audio.TextGrid,INTERRUPTED,2.66,3.08,0.41999999999999993,1596,1848,252
71,/Users/vedantdwivedi/Desktop/IRIS/emg_data/closed_vocab/silent/5-19_silent/71_emg.npy,/Users/vedantdwivedi/Desktop/IRIS/silent_speech_alignments/text_alignments/5-9/5-9_71_audio.TextGrid,HIM,3.08,3.45,0.3700000000000001,1848,2070,222
71,/Users/vedantdwivedi/Desktop/IRIS/emg_data/closed_vocab/silent/5-19_silent/71_emg.npy,/Users/vedantdwivedi/Desktop/IRIS/silent_speech_alignments/text_alignments/5-9/5-9_71_audio.TextGrid,AND,3.59,3.76,0.16999999999999993,2154,2256,102
71,/Users/vedantdwivedi/Desktop/IRIS/emg_data/closed_vocab/silent/5-19_silent/71_emg.npy,/Users/vedantdwivedi/Desktop/IRIS/silent_speech_alignments/text_alignments/5-9/5-9_71_audio.TextGrid,LOOKED,3.76,4.01,0.25,2256,2406,150
71,/Users/vedantdwivedi/Desktop/IRIS/emg_data/closed_vocab/silent/5-19_silent/71_emg.npy,/Users/vedantdwivedi/Desktop/IRIS/silent_speech_alignments/text_alignments/5-9/5-9_71_audio.TextGrid,UP,4.04,4.22,0.17999999999999972,2424,2532,108
71,/Users/vedantdwivedi/Desktop/IRIS/emg_data/closed_vocab/silent/5-19_silent/71_emg.npy,/Users/vedantdwivedi/Desktop/IRIS/silent_speech_alignments/text_alignments/5-9/5-9_71_audio.TextGrid,AT,4.22,4.31,0.08999999999999986,2532,2586,54
71,/Users/vedantdwivedi/Desktop/IRIS/emg_data/closed_vocab/silent/5-19_silent/71_emg.npy,/Users/vedantdwivedi/Desktop/IRIS/silent_speech_alignments/text_alignments/5-9/5-9_71_audio.TextGrid,ME,4.31,4.65,0.34000000000000075,2586,2790,204
72,/Users/vedantdwivedi/Desktop/IRIS/emg_data/closed_vocab/silent/5-19_silent/72_emg.npy,/Users/vedantdwivedi/Desktop/IRIS/silent_speech_alignments/text_alignments/5-9/5-9_72_audio.TextGrid,I,0.92,1.03,0.10999999999999999,552,618,66
72,/Users/vedantdwivedi/Desktop/IRIS/emg_data/closed_vocab/silent/5-19_silent/72_emg.npy,/Users/vedantdwivedi/Desktop/IRIS/silent_speech_alignments/text_alignments/5-9/5-9_72_audio.TextGrid,WAS,1.03,1.18,0.1499999999999999,618,708,90
72,/Users/vedantdwivedi/Desktop/IRIS/emg_data/closed_vocab/silent/5-19_silent/72_emg.npy,/Users/vedantdwivedi/Desktop/IRIS/silent_speech_alignments/text_alignments/5-9/5-9_72_audio.TextGrid,STILL,1.18,1.41,0.22999999999999998,708,846,138
72,/Users/vedantdwivedi/Desktop/IRIS/emg_data/closed_vocab/silent/5-19_silent/72_emg.npy,/Users/vedantdwivedi/Desktop/IRIS/silent_speech_alignments/text_alignments/5-9/5-9_72_audio.TextGrid,STANDING,1.41,1.92,0.51,846,1152,306
72,/Users/vedantdwivedi/Desktop/IRIS/emg_data/closed_vocab/silent/5-19_silent/72_emg.npy,/Users/vedantdwivedi/Desktop/IRIS/silent_speech_alignments/text_alignments/5-9/5-9_72_audio.TextGrid,ON,1.92,2.02,0.10000000000000009,1152,1212,60
72,/Users/vedantdwivedi/Desktop/IRIS/emg_data/closed_vocab/silent/5-19_silent/72_emg.npy,/Users/vedantdwivedi/Desktop/IRIS/silent_speech_alignments/text_alignments/5-9/5-9_72_audio.TextGrid,THE,2.02,2.1,0.08000000000000007,1212,1260,48
72,/Users/vedantdwivedi/Desktop/IRIS/emg_data/closed_vocab/silent/5-19_silent/72_emg.npy,/Users/vedantdwivedi/Desktop/IRIS/silent_speech_alignments/text_alignments/5-9/5-9_72_audio.TextGrid,BANK,2.1,2.44,0.33999999999999986,1260,1464,204
72,/Users/vedantdwivedi/Desktop/IRIS/emg_data/closed_vocab/silent/5-19_silent/72_emg.npy,/Users/vedantdwivedi/Desktop/IRIS/silent_speech_alignments/text_alignments/5-9/5-9_72_audio.TextGrid,BY,2.65,2.78,0.1299999999999999,1590,1668,78
72,/Users/vedantdwivedi/Desktop/IRIS/emg_data/closed_vocab/silent/5-19_silent/72_emg.npy,/Users/vedantdwivedi/Desktop/IRIS/silent_speech_alignments/text_alignments/5-9/5-9_72_audio.TextGrid,THE,2.78,2.88,0.10000000000000009,1668,1728,60
72,/Users/vedantdwivedi/Desktop/IRIS/emg_data/closed_vocab/silent/5-19_silent/72_emg.npy,/Users/vedantdwivedi/Desktop/IRIS/silent_speech_alignments/text_alignments/5-9/5-9_72_audio.TextGrid,SIDE,2.88,3.11,0.22999999999999998,1728,1866,138
72,/Users/vedantdwivedi/Desktop/IRIS/emg_data/closed_vocab/silent/5-19_silent/72_emg.npy,/Users/vedantdwivedi/Desktop/IRIS/silent_speech_alignments/text_alignments/5-9/5-9_72_audio.TextGrid,OF,3.11,3.2,0.0900000000000003,1866,1920,54
72,/Users/vedantdwivedi/Desktop/IRIS/emg_data/closed_vocab/silent/5-19_silent/72_emg.npy,/Users/vedantdwivedi/Desktop/IRIS/silent_speech_alignments/text_alignments/5-9/5-9_72_audio.TextGrid,THE,3.2,3.29,0.08999999999999986,1920,1974,54
72,/Users/vedantdwivedi/Desktop/IRIS/emg_data/closed_vocab/silent/5-19_silent/72_emg.npy,/Users/vedantdwivedi/Desktop/IRIS/silent_speech_alignments/text_alignments/5-9/5-9_72_audio.TextGrid,ROAD,3.29,3.63,0.33999999999999986,1974,2178,204
73,/Users/vedantdwivedi/Desktop/IRIS/emg_data/closed_vocab/silent/5-19_silent/73_emg.npy,/Users/vedantdwivedi/Desktop/IRIS/silent_speech_alignments/text_alignments/5-9/5-9_73_audio.TextGrid,IT'S,1.02,1.2,0.17999999999999994,612,720,108
73,/Users/vedantdwivedi/Desktop/IRIS/emg_data/closed_vocab/silent/5-19_silent/73_emg.npy,/Users/vedantdwivedi/Desktop/IRIS/silent_speech_alignments/text_alignments/5-9/5-9_73_audio.TextGrid,PERFECTLY,1.2,1.56,0.3600000000000001,720,936,216
73,/Users/vedantdwivedi/Desktop/IRIS/emg_data/closed_vocab/silent/5-19_silent/73_emg.npy,/Users/vedantdwivedi/Desktop/IRIS/silent_speech_alignments/text_alignments/5-9/5-9_73_audio.TextGrid,TRUE,1.56,2.0,0.43999999999999995,936,1200,264
73,/Users/vedantdwivedi/Desktop/IRIS/emg_data/closed_vocab/silent/5-19_silent/73_emg.npy,/Users/vedantdwivedi/Desktop/IRIS/silent_speech_alignments/text_alignments/5-9/5-9_73_audio.TextGrid,I,2.3,2.44,0.14000000000000012,1380,1464,84
73,/Users/vedantdwivedi/Desktop/IRIS/emg_data/closed_vocab/silent/5-19_silent/73_emg.npy,/Users/vedantdwivedi/Desktop/IRIS/silent_speech_alignments/text_alignments/5-9/5-9_73_audio.TextGrid,SAID,2.44,2.77,0.33000000000000007,1464,1662,198
74,/Users/vedantdwivedi/Desktop/IRIS/emg_data/closed_vocab/silent/5-19_silent/74_emg.npy,/Users/vedantdwivedi/Desktop/IRIS/silent_speech_alignments/text_alignments/5-9/5-9_74_audio.TextGrid,WELL,0.69,1.18,0.49,414,708,294
74,/Users/vedantdwivedi/Desktop/IRIS/emg_data/closed_vocab/silent/5-19_silent/74_emg.npy,/Users/vedantdwivedi/Desktop/IRIS/silent_speech_alignments/text_alignments/5-9/5-9_74_audio.TextGrid,SAID,1.54,1.7,0.15999999999999992,924,1020,96
74,/Users/vedantdwivedi/Desktop/IRIS/emg_data/closed_vocab/silent/5-19_silent/74_emg.npy,/Users/vedantdwivedi/Desktop/IRIS/silent_speech_alignments/text_alignments/5-9/5-9_74_audio.TextGrid,THE,1.7,1.76,0.06000000000000005,1020,1056,36
74,/Users/vedantdwivedi/Desktop/IRIS/emg_data/closed_vocab/silent/5-19_silent/74_emg.npy,/Users/vedantdwivedi/Desktop/IRIS/silent_speech_alignments/text_alignments/5-9/5-9_74_audio.TextGrid,LIEUTENANT,1.76,2.24,0.4800000000000002,1056,1344,288
74,/Users/vedantdwivedi/Desktop/IRIS/emg_data/closed_vocab/silent/5-19_silent/74_emg.npy,/Users/vedantdwivedi/Desktop/IRIS/silent_speech_alignments/text_alignments/5-9/5-9_74_audio.TextGrid,I,2.9,2.99,0.0900000000000003,1740,1794,54
74,/Users/vedantdwivedi/Desktop/IRIS/emg_data/closed_vocab/silent/5-19_silent/74_emg.npy,/Users/vedantdwivedi/Desktop/IRIS/silent_speech_alignments/text_alignments/5-9/5-9_74_audio.TextGrid,SUPPOSE,2.99,3.51,0.5199999999999996,1794,2106,312
74,/Users/vedantdwivedi/Desktop/IRIS/emg_data/closed_vocab/silent/5-19_silent/74_emg.npy,/Users/vedantdwivedi/Desktop/IRIS/silent_speech_alignments/text_alignments/5-9/5-9_74_audio.TextGrid,IT'S,3.51,3.73,0.2200000000000002,2106,2238,132
74,/Users/vedantdwivedi/Desktop/IRIS/emg_data/closed_vocab/silent/5-19_silent/74_emg.npy,/Users/vedantdwivedi/Desktop/IRIS/silent_speech_alignments/text_alignments/5-9/5-9_74_audio.TextGrid,MY,3.73,3.88,0.1499999999999999,2238,2328,90
74,/Users/vedantdwivedi/Desktop/IRIS/emg_data/closed_vocab/silent/5-19_silent/74_emg.npy,/Users/vedantdwivedi/Desktop/IRIS/silent_speech_alignments/text_alignments/5-9/5-9_74_audio.TextGrid,BUSINESS,3.88,4.42,0.54,2328,2652,324
74,/Users/vedantdwivedi/Desktop/IRIS/emg_data/closed_vocab/silent/5-19_silent/74_emg.npy,/Users/vedantdwivedi/Desktop/IRIS/silent_speech_alignments/text_alignments/5-9/5-9_74_audio.TextGrid,TO,4.42,4.57,0.15000000000000036,2652,2742,90
74,/Users/vedantdwivedi/Desktop/IRIS/emg_data/closed_vocab/silent/5-19_silent/74_emg.npy,/Users/vedantdwivedi/Desktop/IRIS/silent_speech_alignments/text_alignments/5-9/5-9_74_audio.TextGrid,SEE,4.57,4.88,0.3099999999999996,2742,2904,162
79,/Users/vedantdwivedi/Desktop/IRIS/emg_data/closed_vocab/silent/5-19_silent/79_emg.npy,/Users/vedantdwivedi/Desktop/IRIS/silent_speech_alignments/text_alignments/5-9/5-9_79_audio.TextGrid,I,0.77,0.91,0.14,462,546,84
79,/Users/vedantdwivedi/Desktop/IRIS/emg_data/closed_vocab/silent/5-19_silent/79_emg.npy,/Users/vedantdwivedi/Desktop/IRIS/silent_speech_alignments/text_alignments/5-9/5-9_79_audio.TextGrid,DO,0.91,1.29,0.38,546,774,228
79,/Users/vedantdwivedi/Desktop/IRIS/emg_data/closed_vocab/silent/5-19_silent/79_emg.npy,/Users/vedantdwivedi/Desktop/IRIS/silent_speech_alignments/text_alignments/5-9/5-9_79_audio.TextGrid,I,1.29,1.38,0.08999999999999986,774,828,54
79,/Users/vedantdwivedi/Desktop/IRIS/emg_data/closed_vocab/silent/5-19_silent/79_emg.npy,/Users/vedantdwivedi/Desktop/IRIS/silent_speech_alignments/text_alignments/5-9/5-9_79_audio.TextGrid,SAID,1.38,1.77,0.3900000000000001,828,1062,234
79,/Users/vedantdwivedi/Desktop/IRIS/emg_data/closed_vocab/silent/5-19_silent/79_emg.npy,/Users/vedantdwivedi/Desktop/IRIS/silent_speech_alignments/text_alignments/5-9/5-9_79_audio.TextGrid,AND,2.27,2.39,0.1200000000000001,1362,1434,72
79,/Users/vedantdwivedi/Desktop/IRIS/emg_data/closed_vocab/silent/5-19_silent/79_emg.npy,/Users/vedantdwivedi/Desktop/IRIS/silent_speech_alignments/text_alignments/5-9/5-9_79_audio.TextGrid,HE,2.39,2.56,0.16999999999999993,1434,1536,102
79,/Users/vedantdwivedi/Desktop/IRIS/emg_data/closed_vocab/silent/5-19_silent/79_emg.npy,/Users/vedantdwivedi/Desktop/IRIS/silent_speech_alignments/text_alignments/5-9/5-9_79_audio.TextGrid,TURNED,2.56,2.86,0.2999999999999998,1536,1716,180
79,/Users/vedantdwivedi/Desktop/IRIS/emg_data/closed_vocab/silent/5-19_silent/79_emg.npy,/Users/vedantdwivedi/Desktop/IRIS/silent_speech_alignments/text_alignments/5-9/5-9_79_audio.TextGrid,HIS,2.86,2.98,0.1200000000000001,1716,1788,72
79,/Users/vedantdwivedi/Desktop/IRIS/emg_data/closed_vocab/silent/5-19_silent/79_emg.npy,/Users/vedantdwivedi/Desktop/IRIS/silent_speech_alignments/text_alignments/5-9/5-9_79_audio.TextGrid,HORSE,2.98,3.42,0.43999999999999995,1788,2052,264
82,/Users/vedantdwivedi/Desktop/IRIS/emg_data/closed_vocab/silent/5-19_silent/82_emg.npy,/Users/vedantdwivedi/Desktop/IRIS/silent_speech_alignments/text_alignments/5-9/5-9_82_audio.TextGrid,HALF,0.85,1.07,0.22000000000000008,510,642,132
82,/Users/vedantdwivedi/Desktop/IRIS/emg_data/closed_vocab/silent/5-19_silent/82_emg.npy,/Users/vedantdwivedi/Desktop/IRIS/silent_speech_alignments/text_alignments/5-9/5-9_82_audio.TextGrid,A,1.07,1.11,0.040000000000000036,642,666,24
82,/Users/vedantdwivedi/Desktop/IRIS/emg_data/closed_vocab/silent/5-19_silent/82_emg.npy,/Users/vedantdwivedi/Desktop/IRIS/silent_speech_alignments/text_alignments/5-9/5-9_82_audio.TextGrid,MILE,1.11,1.47,0.3599999999999999,666,882,216
82,/Users/vedantdwivedi/Desktop/IRIS/emg_data/closed_vocab/silent/5-19_silent/82_emg.npy,/Users/vedantdwivedi/Desktop/IRIS/silent_speech_alignments/text_alignments/5-9/5-9_82_audio.TextGrid,YOU,1.47,1.57,0.10000000000000009,882,942,60
82,/Users/vedantdwivedi/Desktop/IRIS/emg_data/closed_vocab/silent/5-19_silent/82_emg.npy,/Users/vedantdwivedi/Desktop/IRIS/silent_speech_alignments/text_alignments/5-9/5-9_82_audio.TextGrid,SAY,1.57,1.93,0.3599999999999999,942,1158,216
82,/Users/vedantdwivedi/Desktop/IRIS/emg_data/closed_vocab/silent/5-19_silent/82_emg.npy,/Users/vedantdwivedi/Desktop/IRIS/silent_speech_alignments/text_alignments/5-9/5-9_82_audio.TextGrid,SAID,2.01,2.25,0.2400000000000002,1206,1350,144
82,/Users/vedantdwivedi/Desktop/IRIS/emg_data/closed_vocab/silent/5-19_silent/82_emg.npy,/Users/vedantdwivedi/Desktop/IRIS/silent_speech_alignments/text_alignments/5-9/5-9_82_audio.TextGrid,HE,2.25,2.56,0.31000000000000005,1350,1536,186
83,/Users/vedantdwivedi/Desktop/IRIS/emg_data/closed_vocab/silent/5-19_silent/83_emg.npy,/Users/vedantdwivedi/Desktop/IRIS/silent_speech_alignments/text_alignments/5-9/5-9_83_audio.TextGrid,AT,0.76,0.96,0.19999999999999996,456,576,120
83,/Users/vedantdwivedi/Desktop/IRIS/emg_data/closed_vocab/silent/5-19_silent/83_emg.npy,/Users/vedantdwivedi/Desktop/IRIS/silent_speech_alignments/text_alignments/5-9/5-9_83_audio.TextGrid,MOST,0.96,1.34,0.3800000000000001,576,804,228
83,/Users/vedantdwivedi/Desktop/IRIS/emg_data/closed_vocab/silent/5-19_silent/83_emg.npy,/Users/vedantdwivedi/Desktop/IRIS/silent_speech_alignments/text_alignments/5-9/5-9_83_audio.TextGrid,I,1.37,1.52,0.1499999999999999,822,912,90
83,/Users/vedantdwivedi/Desktop/IRIS/emg_data/closed_vocab/silent/5-19_silent/83_emg.npy,/Users/vedantdwivedi/Desktop/IRIS/silent_speech_alignments/text_alignments/5-9/5-9_83_audio.TextGrid,ANSWERED,1.52,1.95,0.42999999999999994,912,1170,258
83,/Users/vedantdwivedi/Desktop/IRIS/emg_data/closed_vocab/silent/5-19_silent/83_emg.npy,/Users/vedantdwivedi/Desktop/IRIS/silent_speech_alignments/text_alignments/5-9/5-9_83_audio.TextGrid,AND,2.35,2.53,0.17999999999999972,1410,1518,108
83,/Users/vedantdwivedi/Desktop/IRIS/emg_data/closed_vocab/silent/5-19_silent/83_emg.npy,/Users/vedantdwivedi/Desktop/IRIS/silent_speech_alignments/text_alignments/5-9/5-9_83_audio.TextGrid,POINTED,2.53,2.92,0.3900000000000001,1518,1752,234
83,/Users/vedantdwivedi/Desktop/IRIS/emg_data/closed_vocab/silent/5-19_silent/83_emg.npy,/Users/vedantdwivedi/Desktop/IRIS/silent_speech_alignments/text_alignments/5-9/5-9_83_audio.TextGrid,OVER,2.92,3.12,0.20000000000000018,1752,1872,120
83,/Users/vedantdwivedi/Desktop/IRIS/emg_data/closed_vocab/silent/5-19_silent/83_emg.npy,/Users/vedantdwivedi/Desktop/IRIS/silent_speech_alignments/text_alignments/5-9/5-9_83_audio.TextGrid,THE,3.12,3.22,0.10000000000000009,1872,1932,60
83,/Users/vedantdwivedi/Desktop/IRIS/emg_data/closed_vocab/silent/5-19_silent/83_emg.npy,/Users/vedantdwivedi/Desktop/IRIS/silent_speech_alignments/text_alignments/5-9/5-9_83_audio.TextGrid,TREETOPS,3.22,3.86,0.6399999999999997,1932,2316,384
83,/Users/vedantdwivedi/Desktop/IRIS/emg_data/closed_vocab/silent/5-19_silent/83_emg.npy,/Users/vedantdwivedi/Desktop/IRIS/silent_speech_alignments/text_alignments/5-9/5-9_83_audio.TextGrid,SOUTHWARD,3.93,4.5,0.5699999999999998,2358,2646,288
84,/Users/vedantdwivedi/Desktop/IRIS/emg_data/closed_vocab/silent/5-19_silent/84_emg.npy,/Users/vedantdwivedi/Desktop/IRIS/silent_speech_alignments/text_alignments/5-9/5-9_84_audio.TextGrid,HE,0.8,0.94,0.1399999999999999,480,564,84
84,/Users/vedantdwivedi/Desktop/IRIS/emg_data/closed_vocab/silent/5-19_silent/84_emg.npy,/Users/vedantdwivedi/Desktop/IRIS/silent_speech_alignments/text_alignments/5-9/5-9_84_audio.TextGrid,THANKED,0.94,1.2,0.26,564,720,156
84,/Users/vedantdwivedi/Desktop/IRIS/emg_data/closed_vocab/silent/5-19_silent/84_emg.npy,/Users/vedantdwivedi/Desktop/IRIS/silent_speech_alignments/text_alignments/5-9/5-9_84_audio.TextGrid,ME,1.2,1.45,0.25,720,870,150
84,/Users/vedantdwivedi/Desktop/IRIS/emg_data/closed_vocab/silent/5-19_silent/84_emg.npy,/Users/vedantdwivedi/Desktop/IRIS/silent_speech_alignments/text_alignments/5-9/5-9_84_audio.TextGrid,AND,1.48,1.63,0.1499999999999999,888,978,90
84,/Users/vedantdwivedi/Desktop/IRIS/emg_data/closed_vocab/silent/5-19_silent/84_emg.npy,/Users/vedantdwivedi/Desktop/IRIS/silent_speech_alignments/text_alignments/5-9/5-9_84_audio.TextGrid,RODE,1.63,1.81,0.18000000000000016,978,1086,108
84,/Users/vedantdwivedi/Desktop/IRIS/emg_data/closed_vocab/silent/5-19_silent/84_emg.npy,/Users/vedantdwivedi/Desktop/IRIS/silent_speech_alignments/text_alignments/5-9/5-9_84_audio.TextGrid,ON,1.81,2.16,0.3500000000000001,1086,1296,210
84,/Users/vedantdwivedi/Desktop/IRIS/emg_data/closed_vocab/silent/5-19_silent/84_emg.npy,/Users/vedantdwivedi/Desktop/IRIS/silent_speech_alignments/text_alignments/5-9/5-9_84_audio.TextGrid,AND,2.5,2.61,0.10999999999999988,1500,1566,66
84,/Users/vedantdwivedi/Desktop/IRIS/emg_data/closed_vocab/silent/5-19_silent/84_emg.npy,/Users/vedantdwivedi/Desktop/IRIS/silent_speech_alignments/text_alignments/5-9/5-9_84_audio.TextGrid,WE,2.61,2.69,0.08000000000000007,1566,1614,48
84,/Users/vedantdwivedi/Desktop/IRIS/emg_data/closed_vocab/silent/5-19_silent/84_emg.npy,/Users/vedantdwivedi/Desktop/IRIS/silent_speech_alignments/text_alignments/5-9/5-9_84_audio.TextGrid,SAW,2.69,3.01,0.31999999999999984,1614,1806,192
84,/Users/vedantdwivedi/Desktop/IRIS/emg_data/closed_vocab/silent/5-19_silent/84_emg.npy,/Users/vedantdwivedi/Desktop/IRIS/silent_speech_alignments/text_alignments/5-9/5-9_84_audio.TextGrid,THEM,3.01,3.33,0.3200000000000003,1806,1998,192
84,/Users/vedantdwivedi/Desktop/IRIS/emg_data/closed_vocab/silent/5-19_silent/84_emg.npy,/Users/vedantdwivedi/Desktop/IRIS/silent_speech_alignments/text_alignments/5-9/5-9_84_audio.TextGrid,NO,3.36,3.52,0.16000000000000014,2016,2112,96
84,/Users/vedantdwivedi/Desktop/IRIS/emg_data/closed_vocab/silent/5-19_silent/84_emg.npy,/Users/vedantdwivedi/Desktop/IRIS/silent_speech_alignments/text_alignments/5-9/5-9_84_audio.TextGrid,MORE,3.52,3.89,0.3700000000000001,2112,2334,222
85,/Users/vedantdwivedi/Desktop/IRIS/emg_data/closed_vocab/silent/5-19_silent/85_emg.npy,/Users/vedantdwivedi/Desktop/IRIS/silent_speech_alignments/text_alignments/5-9/5-9_85_audio.TextGrid,FARTHER,1.02,1.3,0.28,612,780,168
85,/Users/vedantdwivedi/Desktop/IRIS/emg_data/closed_vocab/silent/5-19_silent/85_emg.npy,/Users/vedantdwivedi/Desktop/IRIS/silent_speech_alignments/text_alignments/5-9/5-9_85_audio.TextGrid,ALONG,1.3,1.66,0.3599999999999999,780,996,216
85,/Users/vedantdwivedi/Desktop/IRIS/emg_data/closed_vocab/silent/5-19_silent/85_emg.npy,/Users/vedantdwivedi/Desktop/IRIS/silent_speech_alignments/text_alignments/5-9/5-9_85_audio.TextGrid,WE,1.66,1.76,0.10000000000000009,996,1056,60
85,/Users/vedantdwivedi/Desktop/IRIS/emg_data/closed_vocab/silent/5-19_silent/85_emg.npy,/Users/vedantdwivedi/Desktop/IRIS/silent_speech_alignments/text_alignments/5-9/5-9_85_audio.TextGrid,CAME,1.76,2.02,0.26,1056,1212,156
85,/Users/vedantdwivedi/Desktop/IRIS/emg_data/closed_vocab/silent/5-19_silent/85_emg.npy,/Users/vedantdwivedi/Desktop/IRIS/silent_speech_alignments/text_alignments/5-9/5-9_85_audio.TextGrid,UPON,2.02,2.54,0.52,1212,1524,312
85,/Users/vedantdwivedi/Desktop/IRIS/emg_data/closed_vocab/silent/5-19_silent/85_emg.npy,/Users/vedantdwivedi/Desktop/IRIS/silent_speech_alignments/text_alignments/5-9/5-9_85_audio.TextGrid,A,2.81,2.92,0.10999999999999988,1686,1752,66
85,/Users/vedantdwivedi/Desktop/IRIS/emg_data/closed_vocab/silent/5-19_silent/85_emg.npy,/Users/vedantdwivedi/Desktop/IRIS/silent_speech_alignments/text_alignments/5-9/5-9_85_audio.TextGrid,GROUP,2.92,3.19,0.27,1752,1914,162
85,/Users/vedantdwivedi/Desktop/IRIS/emg_data/closed_vocab/silent/5-19_silent/85_emg.npy,/Users/vedantdwivedi/Desktop/IRIS/silent_speech_alignments/text_alignments/5-9/5-9_85_audio.TextGrid,OF,3.19,3.32,0.1299999999999999,1914,1992,78
85,/Users/vedantdwivedi/Desktop/IRIS/emg_data/closed_vocab/silent/5-19_silent/85_emg.npy,/Users/vedantdwivedi/Desktop/IRIS/silent_speech_alignments/text_alignments/5-9/5-9_85_audio.TextGrid,THREE,3.32,3.55,0.22999999999999998,1992,2130,138
85,/Users/vedantdwivedi/Desktop/IRIS/emg_data/closed_vocab/silent/5-19_silent/85_emg.npy,/Users/vedantdwivedi/Desktop/IRIS/silent_speech_alignments/text_alignments/5-9/5-9_85_audio.TextGrid,WOMEN,3.55,3.96,0.41000000000000014,2130,2376,246
85,/Users/vedantdwivedi/Desktop/IRIS/emg_data/closed_vocab/silent/5-19_silent/85_emg.npy,/Users/vedantdwivedi/Desktop/IRIS/silent_speech_alignments/text_alignments/5-9/5-9_85_audio.TextGrid,AND,3.99,4.19,0.20000000000000018,2394,2514,120
85,/Users/vedantdwivedi/Desktop/IRIS/emg_data/closed_vocab/silent/5-19_silent/85_emg.npy,/Users/vedantdwivedi/Desktop/IRIS/silent_speech_alignments/text_alignments/5-9/5-9_85_audio.TextGrid,TWO,4.19,4.43,0.23999999999999932,2514,2658,144
85,/Users/vedantdwivedi/Desktop/IRIS/emg_data/closed_vocab/silent/5-19_silent/85_emg.npy,/Users/vedantdwivedi/Desktop/IRIS/silent_speech_alignments/text_alignments/5-9/5-9_85_audio.TextGrid,CHILDREN,4.43,4.78,0.35000000000000053,2658,2868,210
85,/Users/vedantdwivedi/Desktop/IRIS/emg_data/closed_vocab/silent/5-19_silent/85_emg.npy,/Users/vedantdwivedi/Desktop/IRIS/silent_speech_alignments/text_alignments/5-9/5-9_85_audio.TextGrid,IN,4.78,4.85,0.0699999999999994,2868,2910,42
85,/Users/vedantdwivedi/Desktop/IRIS/emg_data/closed_vocab/silent/5-19_silent/85_emg.npy,/Users/vedantdwivedi/Desktop/IRIS/silent_speech_alignments/text_alignments/5-9/5-9_85_audio.TextGrid,THE,4.85,4.94,0.09000000000000075,2910,2964,54
85,/Users/vedantdwivedi/Desktop/IRIS/emg_data/closed_vocab/silent/5-19_silent/85_emg.npy,/Users/vedantdwivedi/Desktop/IRIS/silent_speech_alignments/text_alignments/5-9/5-9_85_audio.TextGrid,ROAD,4.94,5.31,0.3699999999999992,2964,3186,222
88,/Users/vedantdwivedi/Desktop/IRIS/emg_data/closed_vocab/silent/5-19_silent/88_emg.npy,/Users/vedantdwivedi/Desktop/IRIS/silent_speech_alignments/text_alignments/5-9/5-9_88_audio.TextGrid,BY,1.15,1.28,0.13000000000000012,690,768,78
88,/Users/vedantdwivedi/Desktop/IRIS/emg_data/closed_vocab/silent/5-19_silent/88_emg.npy,/Users/vedantdwivedi/Desktop/IRIS/silent_speech_alignments/text_alignments/5-9/5-9_88_audio.TextGrid,BYFLEET,1.28,1.78,0.5,768,1068,300
88,/Users/vedantdwivedi/Desktop/IRIS/emg_data/closed_vocab/silent/5-19_silent/88_emg.npy,/Users/vedantdwivedi/Desktop/IRIS/silent_speech_alignments/text_alignments/5-9/5-9_88_audio.TextGrid,STATION,1.78,2.32,0.5399999999999998,1068,1392,324
88,/Users/vedantdwivedi/Desktop/IRIS/emg_data/closed_vocab/silent/5-19_silent/88_emg.npy,/Users/vedantdwivedi/Desktop/IRIS/silent_speech_alignments/text_alignments/5-9/5-9_88_audio.TextGrid,WE,2.36,2.49,0.13000000000000034,1416,1494,78
88,/Users/vedantdwivedi/Desktop/IRIS/emg_data/closed_vocab/silent/5-19_silent/88_emg.npy,/Users/vedantdwivedi/Desktop/IRIS/silent_speech_alignments/text_alignments/5-9/5-9_88_audio.TextGrid,EMERGED,2.49,2.98,0.48999999999999977,1494,1788,294
88,/Users/vedantdwivedi/Desktop/IRIS/emg_data/closed_vocab/silent/5-19_silent/88_emg.npy,/Users/vedantdwivedi/Desktop/IRIS/silent_speech_alignments/text_alignments/5-9/5-9_88_audio.TextGrid,FROM,2.98,3.07,0.08999999999999986,1788,1842,54
88,/Users/vedantdwivedi/Desktop/IRIS/emg_data/closed_vocab/silent/5-19_silent/88_emg.npy,/Users/vedantdwivedi/Desktop/IRIS/silent_speech_alignments/text_alignments/5-9/5-9_88_audio.TextGrid,THE,3.07,3.17,0.10000000000000009,1842,1902,60
88,/Users/vedantdwivedi/Desktop/IRIS/emg_data/closed_vocab/silent/5-19_silent/88_emg.npy,/Users/vedantdwivedi/Desktop/IRIS/silent_speech_alignments/text_alignments/5-9/5-9_88_audio.TextGrid,PINE,3.17,3.42,0.25,1902,2052,150
88,/Users/vedantdwivedi/Desktop/IRIS/emg_data/closed_vocab/silent/5-19_silent/88_emg.npy,/Users/vedantdwivedi/Desktop/IRIS/silent_speech_alignments/text_alignments/5-9/5-9_88_audio.TextGrid,TREES,3.42,3.91,0.4900000000000002,2052,2346,294
88,/Users/vedantdwivedi/Desktop/IRIS/emg_data/closed_vocab/silent/5-19_silent/88_emg.npy,/Users/vedantdwivedi/Desktop/IRIS/silent_speech_alignments/text_alignments/5-9/5-9_88_audio.TextGrid,AND,4.28,4.47,0.1899999999999995,2568,2682,114
88,/Users/vedantdwivedi/Desktop/IRIS/emg_data/closed_vocab/silent/5-19_silent/88_emg.npy,/Users/vedantdwivedi/Desktop/IRIS/silent_speech_alignments/text_alignments/5-9/5-9_88_audio.TextGrid,FOUND,4.47,4.7,0.23000000000000043,2682,2820,138
88,/Users/vedantdwivedi/Desktop/IRIS/emg_data/closed_vocab/silent/5-19_silent/88_emg.npy,/Users/vedantdwivedi/Desktop/IRIS/silent_speech_alignments/text_alignments/5-9/5-9_88_audio.TextGrid,THE,4.7,4.83,0.1299999999999999,2820,2898,78
88,/Users/vedantdwivedi/Desktop/IRIS/emg_data/closed_vocab/silent/5-19_silent/88_emg.npy,/Users/vedantdwivedi/Desktop/IRIS/silent_speech_alignments/text_alignments/5-9/5-9_88_audio.TextGrid,COUNTRY,4.83,5.28,0.4500000000000002,2898,3144,246
89,/Users/vedantdwivedi/Desktop/IRIS/emg_data/closed_vocab/silent/5-19_silent/89_emg.npy,/Users/vedantdwivedi/Desktop/IRIS/silent_speech_alignments/text_alignments/5-9/5-9_89_audio.TextGrid,WE,1.05,1.16,0.10999999999999988,630,696,66
89,/Users/vedantdwivedi/Desktop/IRIS/emg_data/closed_vocab/silent/5-19_silent/89_emg.npy,/Users/vedantdwivedi/Desktop/IRIS/silent_speech_alignments/text_alignments/5-9/5-9_89_audio.TextGrid,WERE,1.16,1.28,0.1200000000000001,696,768,72
89,/Users/vedantdwivedi/Desktop/IRIS/emg_data/closed_vocab/silent/5-19_silent/89_emg.npy,/Users/vedantdwivedi/Desktop/IRIS/silent_speech_alignments/text_alignments/5-9/5-9_89_audio.TextGrid,FAR,1.28,1.57,0.29000000000000004,768,942,174
89,/Users/vedantdwivedi/Desktop/IRIS/emg_data/closed_vocab/silent/5-19_silent/89_emg.npy,/Users/vedantdwivedi/Desktop/IRIS/silent_speech_alignments/text_alignments/5-9/5-9_89_audio.TextGrid,BEYOND,1.57,1.92,0.34999999999999987,942,1152,210
89,/Users/vedantdwivedi/Desktop/IRIS/emg_data/closed_vocab/silent/5-19_silent/89_emg.npy,/Users/vedantdwivedi/Desktop/IRIS/silent_speech_alignments/text_alignments/5-9/5-9_89_audio.TextGrid,THE,1.92,2.01,0.08999999999999986,1152,1206,54
89,/Users/vedantdwivedi/Desktop/IRIS/emg_data/closed_vocab/silent/5-19_silent/89_emg.npy,/Users/vedantdwivedi/Desktop/IRIS/silent_speech_alignments/text_alignments/5-9/5-9_89_audio.TextGrid,RANGE,2.01,2.38,0.3700000000000001,1206,1428,222
89,/Users/vedantdwivedi/Desktop/IRIS/emg_data/closed_vocab/silent/5-19_silent/89_emg.npy,/Users/vedantdwivedi/Desktop/IRIS/silent_speech_alignments/text_alignments/5-9/5-9_89_audio.TextGrid,OF,2.38,2.48,0.10000000000000009,1428,1488,60
89,/Users/vedantdwivedi/Desktop/IRIS/emg_data/closed_vocab/silent/5-19_silent/89_emg.npy,/Users/vedantdwivedi/Desktop/IRIS/silent_speech_alignments/text_alignments/5-9/5-9_89_audio.TextGrid,THE,2.48,2.56,0.08000000000000007,1488,1536,48
89,/Users/vedantdwivedi/Desktop/IRIS/emg_data/closed_vocab/silent/5-19_silent/89_emg.npy,/Users/vedantdwivedi/Desktop/IRIS/silent_speech_alignments/text_alignments/5-9/5-9_89_audio.TextGrid,HEAT,2.56,2.88,0.31999999999999984,1536,1728,192
89,/Users/vedantdwivedi/Desktop/IRIS/emg_data/closed_vocab/silent/5-19_silent/89_emg.npy,/Users/vedantdwivedi/Desktop/IRIS/silent_speech_alignments/text_alignments/5-9/5-9_89_audio.TextGrid,RAY,2.88,3.04,0.16000000000000014,1728,1824,96
89,/Users/vedantdwivedi/Desktop/IRIS/emg_data/closed_vocab/silent/5-19_silent/89_emg.npy,/Users/vedantdwivedi/Desktop/IRIS/silent_speech_alignments/text_alignments/5-9/5-9_89_audio.TextGrid,THERE,3.04,3.46,0.41999999999999993,1824,2076,252
89,/Users/vedantdwivedi/Desktop/IRIS/emg_data/closed_vocab/silent/5-19_silent/89_emg.npy,/Users/vedantdwivedi/Desktop/IRIS/silent_speech_alignments/text_alignments/5-9/5-9_89_audio.TextGrid,AND,3.99,4.17,0.17999999999999972,2394,2502,108
89,/Users/vedantdwivedi/Desktop/IRIS/emg_data/closed_vocab/silent/5-19_silent/89_emg.npy,/Users/vedantdwivedi/Desktop/IRIS/silent_speech_alignments/text_alignments/5-9/5-9_89_audio.TextGrid,HAD,4.17,4.33,0.16000000000000014,2502,2598,96
89,/Users/vedantdwivedi/Desktop/IRIS/emg_data/closed_vocab/silent/5-19_silent/89_emg.npy,/Users/vedantdwivedi/Desktop/IRIS/silent_speech_alignments/text_alignments/5-9/5-9_89_audio.TextGrid,IT,4.33,4.47,0.13999999999999968,2598,2682,84
89,/Users/vedantdwivedi/Desktop/IRIS/emg_data/closed_vocab/silent/5-19_silent/89_emg.npy,/Users/vedantdwivedi/Desktop/IRIS/silent_speech_alignments/text_alignments/5-9/5-9_89_audio.TextGrid,NOT,4.47,4.73,0.2600000000000007,2682,2838,156
89,/Users/vedantdwivedi/Desktop/IRIS/emg_data/closed_vocab/silent/5-19_silent/89_emg.npy,/Users/vedantdwivedi/Desktop/IRIS/silent_speech_alignments/text_alignments/5-9/5-9_89_audio.TextGrid,BEEN,4.73,5.1,0.3699999999999992,2838,3060,222
89,/Users/vedantdwivedi/Desktop/IRIS/emg_data/closed_vocab/silent/5-19_silent/89_emg.npy,/Users/vedantdwivedi/Desktop/IRIS/silent_speech_alignments/text_alignments/5-9/5-9_89_audio.TextGrid,FOR,5.31,5.42,0.11000000000000032,3186,3252,66
89,/Users/vedantdwivedi/Desktop/IRIS/emg_data/closed_vocab/silent/5-19_silent/89_emg.npy,/Users/vedantdwivedi/Desktop/IRIS/silent_speech_alignments/text_alignments/5-9/5-9_89_audio.TextGrid,THE,5.42,5.52,0.09999999999999964,3252,3312,60
89,/Users/vedantdwivedi/Desktop/IRIS/emg_data/closed_vocab/silent/5-19_silent/89_emg.npy,/Users/vedantdwivedi/Desktop/IRIS/silent_speech_alignments/text_alignments/5-9/5-9_89_audio.TextGrid,SILENT,5.52,5.94,0.4200000000000008,3312,3564,252
89,/Users/vedantdwivedi/Desktop/IRIS/emg_data/closed_vocab/silent/5-19_silent/89_emg.npy,/Users/vedantdwivedi/Desktop/IRIS/silent_speech_alignments/text_alignments/5-9/5-9_89_audio.TextGrid,DESERTION,5.94,6.8,0.8599999999999994,3564,3702,138
90,/Users/vedantdwivedi/Desktop/IRIS/emg_data/closed_vocab/silent/5-19_silent/90_emg.npy,/Users/vedantdwivedi/Desktop/IRIS/silent_speech_alignments/text_alignments/5-9/5-9_90_audio.TextGrid,SEVERAL,1.12,1.52,0.3999999999999999,672,912,240
90,/Users/vedantdwivedi/Desktop/IRIS/emg_data/closed_vocab/silent/5-19_silent/90_emg.npy,/Users/vedantdwivedi/Desktop/IRIS/silent_speech_alignments/text_alignments/5-9/5-9_90_audio.TextGrid,FARM,1.52,1.86,0.3400000000000001,912,1116,204
90,/Users/vedantdwivedi/Desktop/IRIS/emg_data/closed_vocab/silent/5-19_silent/90_emg.npy,/Users/vedantdwivedi/Desktop/IRIS/silent_speech_alignments/text_alignments/5-9/5-9_90_audio.TextGrid,WAGGONS,1.86,2.39,0.53,1116,1434,318
90,/Users/vedantdwivedi/Desktop/IRIS/emg_data/closed_vocab/silent/5-19_silent/90_emg.npy,/Users/vedantdwivedi/Desktop/IRIS/silent_speech_alignments/text_alignments/5-9/5-9_90_audio.TextGrid,AND,2.39,2.55,0.1599999999999997,1434,1530,96
90,/Users/vedantdwivedi/Desktop/IRIS/emg_data/closed_vocab/silent/5-19_silent/90_emg.npy,/Users/vedantdwivedi/Desktop/IRIS/silent_speech_alignments/text_alignments/5-9/5-9_90_audio.TextGrid,CARTS,2.55,3.11,0.56,1530,1866,336
90,/Users/vedantdwivedi/Desktop/IRIS/emg_data/closed_vocab/silent/5-19_silent/90_emg.npy,/Users/vedantdwivedi/Desktop/IRIS/silent_speech_alignments/text_alignments/5-9/5-9_90_audio.TextGrid,WERE,3.82,3.93,0.11000000000000032,2292,2358,66
90,/Users/vedantdwivedi/Desktop/IRIS/emg_data/closed_vocab/silent/5-19_silent/90_emg.npy,/Users/vedantdwivedi/Desktop/IRIS/silent_speech_alignments/text_alignments/5-9/5-9_90_audio.TextGrid,MOVING,3.93,4.26,0.3299999999999996,2358,2556,198
90,/Users/vedantdwivedi/Desktop/IRIS/emg_data/closed_vocab/silent/5-19_silent/90_emg.npy,/Users/vedantdwivedi/Desktop/IRIS/silent_speech_alignments/text_alignments/5-9/5-9_90_audio.TextGrid,CREAKILY,4.26,4.85,0.5899999999999999,2556,2910,354
93,/Users/vedantdwivedi/Desktop/IRIS/emg_data/closed_vocab/silent/5-19_silent/93_emg.npy,/Users/vedantdwivedi/Desktop/IRIS/silent_speech_alignments/text_alignments/5-9/5-9_93_audio.TextGrid,THE,1.08,1.19,0.10999999999999988,648,714,66
93,/Users/vedantdwivedi/Desktop/IRIS/emg_data/closed_vocab/silent/5-19_silent/93_emg.npy,/Users/vedantdwivedi/Desktop/IRIS/silent_speech_alignments/text_alignments/5-9/5-9_93_audio.TextGrid,GUNNERS,1.19,1.61,0.42000000000000015,714,966,252
93,/Users/vedantdwivedi/Desktop/IRIS/emg_data/closed_vocab/silent/5-19_silent/93_emg.npy,/Users/vedantdwivedi/Desktop/IRIS/silent_speech_alignments/text_alignments/5-9/5-9_93_audio.TextGrid,STOOD,1.64,1.96,0.32000000000000006,984,1176,192
93,/Users/vedantdwivedi/Desktop/IRIS/emg_data/closed_vocab/silent/5-19_silent/93_emg.npy,/Users/vedantdwivedi/Desktop/IRIS/silent_speech_alignments/text_alignments/5-9/5-9_93_audio.TextGrid,BY,1.96,2.04,0.08000000000000007,1176,1224,48
93,/Users/vedantdwivedi/Desktop/IRIS/emg_data/closed_vocab/silent/5-19_silent/93_emg.npy,/Users/vedantdwivedi/Desktop/IRIS/silent_speech_alignments/text_alignments/5-9/5-9_93_audio.TextGrid,THE,2.04,2.17,0.1299999999999999,1224,1302,78
93,/Users/vedantdwivedi/Desktop/IRIS/emg_data/closed_vocab/silent/5-19_silent/93_emg.npy,/Users/vedantdwivedi/Desktop/IRIS/silent_speech_alignments/text_alignments/5-9/5-9_93_audio.TextGrid,GUNS,2.17,2.66,0.4900000000000002,1302,1596,294
93,/Users/vedantdwivedi/Desktop/IRIS/emg_data/closed_vocab/silent/5-19_silent/93_emg.npy,/Users/vedantdwivedi/Desktop/IRIS/silent_speech_alignments/text_alignments/5-9/5-9_93_audio.TextGrid,WAITING,2.69,3.22,0.5300000000000002,1614,1932,318
93,/Users/vedantdwivedi/Desktop/IRIS/emg_data/closed_vocab/silent/5-19_silent/93_emg.npy,/Users/vedantdwivedi/Desktop/IRIS/silent_speech_alignments/text_alignments/5-9/5-9_93_audio.TextGrid,AND,3.41,3.56,0.1499999999999999,2046,2136,90
93,/Users/vedantdwivedi/Desktop/IRIS/emg_data/closed_vocab/silent/5-19_silent/93_emg.npy,/Users/vedantdwivedi/Desktop/IRIS/silent_speech_alignments/text_alignments/5-9/5-9_93_audio.TextGrid,THE,3.56,3.7,0.14000000000000012,2136,2220,84
93,/Users/vedantdwivedi/Desktop/IRIS/emg_data/closed_vocab/silent/5-19_silent/93_emg.npy,/Users/vedantdwivedi/Desktop/IRIS/silent_speech_alignments/text_alignments/5-9/5-9_93_audio.TextGrid,AMMUNITION,3.7,4.16,0.45999999999999996,2220,2496,276
93,/Users/vedantdwivedi/Desktop/IRIS/emg_data/closed_vocab/silent/5-19_silent/93_emg.npy,/Users/vedantdwivedi/Desktop/IRIS/silent_speech_alignments/text_alignments/5-9/5-9_93_audio.TextGrid,WAGGONS,4.16,4.69,0.5300000000000002,2496,2544,48
96,/Users/vedantdwivedi/Desktop/IRIS/emg_data/closed_vocab/silent/5-19_silent/96_emg.npy,/Users/vedantdwivedi/Desktop/IRIS/silent_speech_alignments/text_alignments/5-9/5-9_96_audio.TextGrid,THEY,2.96,3.11,0.1499999999999999,1776,1866,90
96,/Users/vedantdwivedi/Desktop/IRIS/emg_data/closed_vocab/silent/5-19_silent/96_emg.npy,/Users/vedantdwivedi/Desktop/IRIS/silent_speech_alignments/text_alignments/5-9/5-9_96_audio.TextGrid,WILL,3.11,3.22,0.11000000000000032,1866,1932,66
96,/Users/vedantdwivedi/Desktop/IRIS/emg_data/closed_vocab/silent/5-19_silent/96_emg.npy,/Users/vedantdwivedi/Desktop/IRIS/silent_speech_alignments/text_alignments/5-9/5-9_96_audio.TextGrid,GET,3.22,3.45,0.22999999999999998,1932,2070,138
96,/Users/vedantdwivedi/Desktop/IRIS/emg_data/closed_vocab/silent/5-19_silent/96_emg.npy,/Users/vedantdwivedi/Desktop/IRIS/silent_speech_alignments/text_alignments/5-9/5-9_96_audio.TextGrid,ONE,3.45,3.73,0.2799999999999998,2070,2238,168
96,/Users/vedantdwivedi/Desktop/IRIS/emg_data/closed_vocab/silent/5-19_silent/96_emg.npy,/Users/vedantdwivedi/Desktop/IRIS/silent_speech_alignments/text_alignments/5-9/5-9_96_audio.TextGrid,FAIR,3.73,3.97,0.2400000000000002,2238,2382,144
96,/Users/vedantdwivedi/Desktop/IRIS/emg_data/closed_vocab/silent/5-19_silent/96_emg.npy,/Users/vedantdwivedi/Desktop/IRIS/silent_speech_alignments/text_alignments/5-9/5-9_96_audio.TextGrid,SHOT,3.97,4.37,0.3999999999999999,2382,2622,240
97,/Users/vedantdwivedi/Desktop/IRIS/emg_data/closed_vocab/silent/5-19_silent/97_emg.npy,/Users/vedantdwivedi/Desktop/IRIS/silent_speech_alignments/text_alignments/5-9/5-9_97_audio.TextGrid,THE,0.98,1.1,0.1200000000000001,588,660,72
97,/Users/vedantdwivedi/Desktop/IRIS/emg_data/closed_vocab/silent/5-19_silent/97_emg.npy,/Users/vedantdwivedi/Desktop/IRIS/silent_speech_alignments/text_alignments/5-9/5-9_97_audio.TextGrid,ARTILLERYMAN,1.1,1.85,0.75,660,1110,450
97,/Users/vedantdwivedi/Desktop/IRIS/emg_data/closed_vocab/silent/5-19_silent/97_emg.npy,/Users/vedantdwivedi/Desktop/IRIS/silent_speech_alignments/text_alignments/5-9/5-9_97_audio.TextGrid,HESITATED,2.12,2.71,0.5899999999999999,1272,1626,354
97,/Users/vedantdwivedi/Desktop/IRIS/emg_data/closed_vocab/silent/5-19_silent/97_emg.npy,/Users/vedantdwivedi/Desktop/IRIS/silent_speech_alignments/text_alignments/5-9/5-9_97_audio.TextGrid,AT,2.77,2.89,0.1200000000000001,1662,1734,72
97,/Users/vedantdwivedi/Desktop/IRIS/emg_data/closed_vocab/silent/5-19_silent/97_emg.npy,/Users/vedantdwivedi/Desktop/IRIS/silent_speech_alignments/text_alignments/5-9/5-9_97_audio.TextGrid,THE,2.89,2.96,0.06999999999999984,1734,1776,42
97,/Users/vedantdwivedi/Desktop/IRIS/emg_data/closed_vocab/silent/5-19_silent/97_emg.npy,/Users/vedantdwivedi/Desktop/IRIS/silent_speech_alignments/text_alignments/5-9/5-9_97_audio.TextGrid,GATE,2.96,3.29,0.33000000000000007,1776,1974,198
98,/Users/vedantdwivedi/Desktop/IRIS/emg_data/closed_vocab/silent/5-19_silent/98_emg.npy,/Users/vedantdwivedi/Desktop/IRIS/silent_speech_alignments/text_alignments/5-9/5-9_98_audio.TextGrid,I,1.0,1.11,0.1100000000000001,600,666,66
98,/Users/vedantdwivedi/Desktop/IRIS/emg_data/closed_vocab/silent/5-19_silent/98_emg.npy,/Users/vedantdwivedi/Desktop/IRIS/silent_speech_alignments/text_alignments/5-9/5-9_98_audio.TextGrid,SHALL,1.11,1.27,0.15999999999999992,666,762,96
98,/Users/vedantdwivedi/Desktop/IRIS/emg_data/closed_vocab/silent/5-19_silent/98_emg.npy,/Users/vedantdwivedi/Desktop/IRIS/silent_speech_alignments/text_alignments/5-9/5-9_98_audio.TextGrid,GO,1.27,1.42,0.1499999999999999,762,852,90
98,/Users/vedantdwivedi/Desktop/IRIS/emg_data/closed_vocab/silent/5-19_silent/98_emg.npy,/Users/vedantdwivedi/Desktop/IRIS/silent_speech_alignments/text_alignments/5-9/5-9_98_audio.TextGrid,ON,1.42,1.78,0.3600000000000001,852,1068,216
98,/Users/vedantdwivedi/Desktop/IRIS/emg_data/closed_vocab/silent/5-19_silent/98_emg.npy,/Users/vedantdwivedi/Desktop/IRIS/silent_speech_alignments/text_alignments/5-9/5-9_98_audio.TextGrid,HE,1.81,1.97,0.15999999999999992,1086,1182,96
98,/Users/vedantdwivedi/Desktop/IRIS/emg_data/closed_vocab/silent/5-19_silent/98_emg.npy,/Users/vedantdwivedi/Desktop/IRIS/silent_speech_alignments/text_alignments/5-9/5-9_98_audio.TextGrid,SAID,1.97,2.31,0.3400000000000001,1182,1386,204
