sample_index,recording_id,emg_file,textgrid_file,word_index,word,start_time,end_time,duration,start_sample,end_sample
0,103,/Users/vedantdwivedi/Desktop/IRIS/emg_data/closed_vocab/silent/5-19_silent/103_emg.npy,/Users/vedantdwivedi/Desktop/IRIS/silent_speech_alignments/text_alignments/5-9/5-9_103_audio.TextGrid,0,THEY,1.08,1.35,0.27,648,810
1,103,/Users/vedantdwivedi/Desktop/IRIS/emg_data/closed_vocab/silent/5-19_silent/103_emg.npy,/Users/vedantdwivedi/Desktop/IRIS/silent_speech_alignments/text_alignments/5-9/5-9_103_audio.TextGrid,1,<UNK>,1.4,1.71,0.31000000000000005,840,1026
2,103,/Users/vedantdwivedi/Desktop/IRIS/emg_data/closed_vocab/silent/5-19_silent/103_emg.npy,/Users/vedantdwivedi/Desktop/IRIS/silent_speech_alignments/text_alignments/5-9/5-9_103_audio.TextGrid,2,SEEN,1.71,2.1,0.3900000000000001,1026,1260
3,103,/Users/vedantdwivedi/Desktop/IRIS/emg_data/closed_vocab/silent/5-19_silent/103_emg.npy,/Users/vedantdwivedi/Desktop/IRIS/silent_speech_alignments/text_alignments/5-9/5-9_103_audio.TextGrid,3,THAT,2.1,2.24,0.14000000000000012,1260,1344
4,103,/Users/vedantdwivedi/Desktop/IRIS/emg_data/closed_vocab/silent/5-19_silent/103_emg.npy,/Users/vedantdwivedi/Desktop/IRIS/silent_speech_alignments/text_alignments/5-9/5-9_103_audio.TextGrid,4,FIRE,2.24,2.5,0.2599999999999998,1344,1500
5,103,/Users/vedantdwivedi/Desktop/IRIS/emg_data/closed_vocab/silent/5-19_silent/103_emg.npy,/Users/vedantdwivedi/Desktop/IRIS/silent_speech_alignments/text_alignments/5-9/5-9_103_audio.TextGrid,5,BEAM,2.5,2.82,0.31999999999999984,1500,1692
6,103,/Users/vedantdwivedi/Desktop/IRIS/emg_data/closed_vocab/silent/5-19_silent/103_emg.npy,/Users/vedantdwivedi/Desktop/IRIS/silent_speech_alignments/text_alignments/5-9/5-9_103_audio.TextGrid,6,YET,2.82,3.19,0.3700000000000001,1692,1914
7,104,/Users/vedantdwivedi/Desktop/IRIS/emg_data/closed_vocab/silent/5-19_silent/104_emg.npy,/Users/vedantdwivedi/Desktop/IRIS/silent_speech_alignments/text_alignments/5-9/5-9_104_audio.TextGrid,0,THE,1.01,1.15,0.1399999999999999,606,690
8,104,/Users/vedantdwivedi/Desktop/IRIS/emg_data/closed_vocab/silent/5-19_silent/104_emg.npy,/Users/vedantdwivedi/Desktop/IRIS/silent_speech_alignments/text_alignments/5-9/5-9_104_audio.TextGrid,1,OFFICERS,1.15,1.92,0.77,690,1152
9,104,/Users/vedantdwivedi/Desktop/IRIS/emg_data/closed_vocab/silent/5-19_silent/104_emg.npy,/Users/vedantdwivedi/Desktop/IRIS/silent_speech_alignments/text_alignments/5-9/5-9_104_audio.TextGrid,2,WHO,2.11,2.24,0.13000000000000034,1266,1344
10,104,/Users/vedantdwivedi/Desktop/IRIS/emg_data/closed_vocab/silent/5-19_silent/104_emg.npy,/Users/vedantdwivedi/Desktop/IRIS/silent_speech_alignments/text_alignments/5-9/5-9_104_audio.TextGrid,3,WERE,2.24,2.35,0.10999999999999988,1344,1410
11,104,/Users/vedantdwivedi/Desktop/IRIS/emg_data/closed_vocab/silent/5-19_silent/104_emg.npy,/Users/vedantdwivedi/Desktop/IRIS/silent_speech_alignments/text_alignments/5-9/5-9_104_audio.TextGrid,4,NOT,2.35,2.65,0.2999999999999998,1410,1590
12,104,/Users/vedantdwivedi/Desktop/IRIS/emg_data/closed_vocab/silent/5-19_silent/104_emg.npy,/Users/vedantdwivedi/Desktop/IRIS/silent_speech_alignments/text_alignments/5-9/5-9_104_audio.TextGrid,5,ACTIVELY,2.65,3.09,0.43999999999999995,1590,1854
13,104,/Users/vedantdwivedi/Desktop/IRIS/emg_data/closed_vocab/silent/5-19_silent/104_emg.npy,/Users/vedantdwivedi/Desktop/IRIS/silent_speech_alignments/text_alignments/5-9/5-9_104_audio.TextGrid,6,ENGAGED,3.09,3.74,0.6500000000000004,1854,2244
14,104,/Users/vedantdwivedi/Desktop/IRIS/emg_data/closed_vocab/silent/5-19_silent/104_emg.npy,/Users/vedantdwivedi/Desktop/IRIS/silent_speech_alignments/text_alignments/5-9/5-9_104_audio.TextGrid,7,STOOD,3.87,4.2,0.33000000000000007,2322,2394
15,105,/Users/vedantdwivedi/Desktop/IRIS/emg_data/closed_vocab/silent/5-19_silent/105_emg.npy,/Users/vedantdwivedi/Desktop/IRIS/silent_speech_alignments/text_alignments/5-9/5-9_105_audio.TextGrid,0,BYFLEET,0.89,1.49,0.6,534,894
16,105,/Users/vedantdwivedi/Desktop/IRIS/emg_data/closed_vocab/silent/5-19_silent/105_emg.npy,/Users/vedantdwivedi/Desktop/IRIS/silent_speech_alignments/text_alignments/5-9/5-9_105_audio.TextGrid,1,WAS,1.54,1.74,0.19999999999999996,924,1044
17,105,/Users/vedantdwivedi/Desktop/IRIS/emg_data/closed_vocab/silent/5-19_silent/105_emg.npy,/Users/vedantdwivedi/Desktop/IRIS/silent_speech_alignments/text_alignments/5-9/5-9_105_audio.TextGrid,2,IN,1.74,1.9,0.15999999999999992,1044,1140
18,105,/Users/vedantdwivedi/Desktop/IRIS/emg_data/closed_vocab/silent/5-19_silent/105_emg.npy,/Users/vedantdwivedi/Desktop/IRIS/silent_speech_alignments/text_alignments/5-9/5-9_105_audio.TextGrid,3,A,1.9,1.97,0.07000000000000006,1140,1182
19,105,/Users/vedantdwivedi/Desktop/IRIS/emg_data/closed_vocab/silent/5-19_silent/105_emg.npy,/Users/vedantdwivedi/Desktop/IRIS/silent_speech_alignments/text_alignments/5-9/5-9_105_audio.TextGrid,4,TUMULT,1.97,2.48,0.51,1182,1488
20,105,/Users/vedantdwivedi/Desktop/IRIS/emg_data/closed_vocab/silent/5-19_silent/105_emg.npy,/Users/vedantdwivedi/Desktop/IRIS/silent_speech_alignments/text_alignments/5-9/5-9_105_audio.TextGrid,5,PEOPLE,3.03,3.31,0.28000000000000025,1818,1986
21,105,/Users/vedantdwivedi/Desktop/IRIS/emg_data/closed_vocab/silent/5-19_silent/105_emg.npy,/Users/vedantdwivedi/Desktop/IRIS/silent_speech_alignments/text_alignments/5-9/5-9_105_audio.TextGrid,6,PACKING,3.31,3.87,0.56,1986,2322
22,105,/Users/vedantdwivedi/Desktop/IRIS/emg_data/closed_vocab/silent/5-19_silent/105_emg.npy,/Users/vedantdwivedi/Desktop/IRIS/silent_speech_alignments/text_alignments/5-9/5-9_105_audio.TextGrid,7,AND,4.17,4.28,0.11000000000000032,2502,2568
23,105,/Users/vedantdwivedi/Desktop/IRIS/emg_data/closed_vocab/silent/5-19_silent/105_emg.npy,/Users/vedantdwivedi/Desktop/IRIS/silent_speech_alignments/text_alignments/5-9/5-9_105_audio.TextGrid,8,A,4.28,4.35,0.0699999999999994,2568,2610
24,105,/Users/vedantdwivedi/Desktop/IRIS/emg_data/closed_vocab/silent/5-19_silent/105_emg.npy,/Users/vedantdwivedi/Desktop/IRIS/silent_speech_alignments/text_alignments/5-9/5-9_105_audio.TextGrid,9,SCORE,4.35,4.68,0.33000000000000007,2610,2808
25,105,/Users/vedantdwivedi/Desktop/IRIS/emg_data/closed_vocab/silent/5-19_silent/105_emg.npy,/Users/vedantdwivedi/Desktop/IRIS/silent_speech_alignments/text_alignments/5-9/5-9_105_audio.TextGrid,10,OF,4.68,4.76,0.08000000000000007,2808,2856
26,105,/Users/vedantdwivedi/Desktop/IRIS/emg_data/closed_vocab/silent/5-19_silent/105_emg.npy,/Users/vedantdwivedi/Desktop/IRIS/silent_speech_alignments/text_alignments/5-9/5-9_105_audio.TextGrid,11,HUSSARS,4.76,5.42,0.6600000000000001,2856,3198
27,108,/Users/vedantdwivedi/Desktop/IRIS/emg_data/closed_vocab/silent/5-19_silent/108_emg.npy,/Users/vedantdwivedi/Desktop/IRIS/silent_speech_alignments/text_alignments/5-9/5-9_108_audio.TextGrid,0,THE,0.97,1.11,0.14000000000000012,582,666
28,108,/Users/vedantdwivedi/Desktop/IRIS/emg_data/closed_vocab/silent/5-19_silent/108_emg.npy,/Users/vedantdwivedi/Desktop/IRIS/silent_speech_alignments/text_alignments/5-9/5-9_108_audio.TextGrid,1,SOLDIERS,1.11,1.71,0.5999999999999999,666,1026
29,108,/Users/vedantdwivedi/Desktop/IRIS/emg_data/closed_vocab/silent/5-19_silent/108_emg.npy,/Users/vedantdwivedi/Desktop/IRIS/silent_speech_alignments/text_alignments/5-9/5-9_108_audio.TextGrid,2,WERE,1.85,1.98,0.1299999999999999,1110,1188
30,108,/Users/vedantdwivedi/Desktop/IRIS/emg_data/closed_vocab/silent/5-19_silent/108_emg.npy,/Users/vedantdwivedi/Desktop/IRIS/silent_speech_alignments/text_alignments/5-9/5-9_108_audio.TextGrid,3,HAVING,1.98,2.33,0.3500000000000001,1188,1398
31,108,/Users/vedantdwivedi/Desktop/IRIS/emg_data/closed_vocab/silent/5-19_silent/108_emg.npy,/Users/vedantdwivedi/Desktop/IRIS/silent_speech_alignments/text_alignments/5-9/5-9_108_audio.TextGrid,4,THE,2.33,2.42,0.08999999999999986,1398,1452
32,108,/Users/vedantdwivedi/Desktop/IRIS/emg_data/closed_vocab/silent/5-19_silent/108_emg.npy,/Users/vedantdwivedi/Desktop/IRIS/silent_speech_alignments/text_alignments/5-9/5-9_108_audio.TextGrid,5,GREATEST,2.42,2.71,0.29000000000000004,1452,1626
33,108,/Users/vedantdwivedi/Desktop/IRIS/emg_data/closed_vocab/silent/5-19_silent/108_emg.npy,/Users/vedantdwivedi/Desktop/IRIS/silent_speech_alignments/text_alignments/5-9/5-9_108_audio.TextGrid,6,DIFFICULTY,2.71,3.34,0.6299999999999999,1626,2004
34,108,/Users/vedantdwivedi/Desktop/IRIS/emg_data/closed_vocab/silent/5-19_silent/108_emg.npy,/Users/vedantdwivedi/Desktop/IRIS/silent_speech_alignments/text_alignments/5-9/5-9_108_audio.TextGrid,7,IN,3.4,3.52,0.1200000000000001,2040,2112
35,108,/Users/vedantdwivedi/Desktop/IRIS/emg_data/closed_vocab/silent/5-19_silent/108_emg.npy,/Users/vedantdwivedi/Desktop/IRIS/silent_speech_alignments/text_alignments/5-9/5-9_108_audio.TextGrid,8,MAKING,3.52,3.79,0.27,2112,2274
36,108,/Users/vedantdwivedi/Desktop/IRIS/emg_data/closed_vocab/silent/5-19_silent/108_emg.npy,/Users/vedantdwivedi/Desktop/IRIS/silent_speech_alignments/text_alignments/5-9/5-9_108_audio.TextGrid,9,THEM,3.79,3.93,0.14000000000000012,2274,2334
37,109,/Users/vedantdwivedi/Desktop/IRIS/emg_data/closed_vocab/silent/5-19_silent/109_emg.npy,/Users/vedantdwivedi/Desktop/IRIS/silent_speech_alignments/text_alignments/5-9/5-9_109_audio.TextGrid,0,WE,1.09,1.2,0.10999999999999988,654,720
38,109,/Users/vedantdwivedi/Desktop/IRIS/emg_data/closed_vocab/silent/5-19_silent/109_emg.npy,/Users/vedantdwivedi/Desktop/IRIS/silent_speech_alignments/text_alignments/5-9/5-9_109_audio.TextGrid,1,SAW,1.2,1.45,0.25,720,870
39,109,/Users/vedantdwivedi/Desktop/IRIS/emg_data/closed_vocab/silent/5-19_silent/109_emg.npy,/Users/vedantdwivedi/Desktop/IRIS/silent_speech_alignments/text_alignments/5-9/5-9_109_audio.TextGrid,2,ONE,1.45,1.73,0.28,870,1038
40,109,/Users/vedantdwivedi/Desktop/IRIS/emg_data/closed_vocab/silent/5-19_silent/109_emg.npy,/Users/vedantdwivedi/Desktop/IRIS/silent_speech_alignments/text_alignments/5-9/5-9_109_audio.TextGrid,3,SHRIVELLED,1.73,2.2,0.4700000000000002,1038,1320
41,109,/Users/vedantdwivedi/Desktop/IRIS/emg_data/closed_vocab/silent/5-19_silent/109_emg.npy,/Users/vedantdwivedi/Desktop/IRIS/silent_speech_alignments/text_alignments/5-9/5-9_109_audio.TextGrid,4,OLD,2.2,2.48,0.2799999999999998,1320,1488
42,109,/Users/vedantdwivedi/Desktop/IRIS/emg_data/closed_vocab/silent/5-19_silent/109_emg.npy,/Users/vedantdwivedi/Desktop/IRIS/silent_speech_alignments/text_alignments/5-9/5-9_109_audio.TextGrid,5,FELLOW,2.48,2.81,0.33000000000000007,1488,1686
43,109,/Users/vedantdwivedi/Desktop/IRIS/emg_data/closed_vocab/silent/5-19_silent/109_emg.npy,/Users/vedantdwivedi/Desktop/IRIS/silent_speech_alignments/text_alignments/5-9/5-9_109_audio.TextGrid,6,WITH,2.81,2.95,0.14000000000000012,1686,1770
44,109,/Users/vedantdwivedi/Desktop/IRIS/emg_data/closed_vocab/silent/5-19_silent/109_emg.npy,/Users/vedantdwivedi/Desktop/IRIS/silent_speech_alignments/text_alignments/5-9/5-9_109_audio.TextGrid,7,A,2.95,2.99,0.040000000000000036,1770,1794
45,109,/Users/vedantdwivedi/Desktop/IRIS/emg_data/closed_vocab/silent/5-19_silent/109_emg.npy,/Users/vedantdwivedi/Desktop/IRIS/silent_speech_alignments/text_alignments/5-9/5-9_109_audio.TextGrid,8,HUGE,2.99,3.39,0.3999999999999999,1794,2034
46,109,/Users/vedantdwivedi/Desktop/IRIS/emg_data/closed_vocab/silent/5-19_silent/109_emg.npy,/Users/vedantdwivedi/Desktop/IRIS/silent_speech_alignments/text_alignments/5-9/5-9_109_audio.TextGrid,9,BOX,3.39,3.98,0.5899999999999999,2034,2388
47,110,/Users/vedantdwivedi/Desktop/IRIS/emg_data/closed_vocab/silent/5-19_silent/110_emg.npy,/Users/vedantdwivedi/Desktop/IRIS/silent_speech_alignments/text_alignments/5-9/5-9_110_audio.TextGrid,0,I,0.87,1.0,0.13,522,600
48,110,/Users/vedantdwivedi/Desktop/IRIS/emg_data/closed_vocab/silent/5-19_silent/110_emg.npy,/Users/vedantdwivedi/Desktop/IRIS/silent_speech_alignments/text_alignments/5-9/5-9_110_audio.TextGrid,1,STOPPED,1.0,1.43,0.42999999999999994,600,858
49,110,/Users/vedantdwivedi/Desktop/IRIS/emg_data/closed_vocab/silent/5-19_silent/110_emg.npy,/Users/vedantdwivedi/Desktop/IRIS/silent_speech_alignments/text_alignments/5-9/5-9_110_audio.TextGrid,2,AND,1.46,1.64,0.17999999999999994,876,984
50,110,/Users/vedantdwivedi/Desktop/IRIS/emg_data/closed_vocab/silent/5-19_silent/110_emg.npy,/Users/vedantdwivedi/Desktop/IRIS/silent_speech_alignments/text_alignments/5-9/5-9_110_audio.TextGrid,3,GRIPPED,1.64,1.88,0.24,984,1128
51,110,/Users/vedantdwivedi/Desktop/IRIS/emg_data/closed_vocab/silent/5-19_silent/110_emg.npy,/Users/vedantdwivedi/Desktop/IRIS/silent_speech_alignments/text_alignments/5-9/5-9_110_audio.TextGrid,4,HIS,1.88,2.04,0.16000000000000014,1128,1224
52,110,/Users/vedantdwivedi/Desktop/IRIS/emg_data/closed_vocab/silent/5-19_silent/110_emg.npy,/Users/vedantdwivedi/Desktop/IRIS/silent_speech_alignments/text_alignments/5-9/5-9_110_audio.TextGrid,5,ARM,2.04,2.48,0.43999999999999995,1224,1488
53,111,/Users/vedantdwivedi/Desktop/IRIS/emg_data/closed_vocab/silent/5-19_silent/111_emg.npy,/Users/vedantdwivedi/Desktop/IRIS/silent_speech_alignments/text_alignments/5-9/5-9_111_audio.TextGrid,0,DO,1.0,1.1,0.10000000000000009,600,660
54,111,/Users/vedantdwivedi/Desktop/IRIS/emg_data/closed_vocab/silent/5-19_silent/111_emg.npy,/Users/vedantdwivedi/Desktop/IRIS/silent_speech_alignments/text_alignments/5-9/5-9_111_audio.TextGrid,1,YOU,1.1,1.21,0.10999999999999988,660,726
55,111,/Users/vedantdwivedi/Desktop/IRIS/emg_data/closed_vocab/silent/5-19_silent/111_emg.npy,/Users/vedantdwivedi/Desktop/IRIS/silent_speech_alignments/text_alignments/5-9/5-9_111_audio.TextGrid,2,KNOW,1.21,1.36,0.15000000000000013,726,816
56,111,/Users/vedantdwivedi/Desktop/IRIS/emg_data/closed_vocab/silent/5-19_silent/111_emg.npy,/Users/vedantdwivedi/Desktop/IRIS/silent_speech_alignments/text_alignments/5-9/5-9_111_audio.TextGrid,3,WHAT'S,1.36,1.58,0.21999999999999997,816,948
57,111,/Users/vedantdwivedi/Desktop/IRIS/emg_data/closed_vocab/silent/5-19_silent/111_emg.npy,/Users/vedantdwivedi/Desktop/IRIS/silent_speech_alignments/text_alignments/5-9/5-9_111_audio.TextGrid,4,OVER,1.58,1.76,0.17999999999999994,948,1056
58,111,/Users/vedantdwivedi/Desktop/IRIS/emg_data/closed_vocab/silent/5-19_silent/111_emg.npy,/Users/vedantdwivedi/Desktop/IRIS/silent_speech_alignments/text_alignments/5-9/5-9_111_audio.TextGrid,5,THERE,1.76,2.11,0.34999999999999987,1056,1266
59,111,/Users/vedantdwivedi/Desktop/IRIS/emg_data/closed_vocab/silent/5-19_silent/111_emg.npy,/Users/vedantdwivedi/Desktop/IRIS/silent_speech_alignments/text_alignments/5-9/5-9_111_audio.TextGrid,6,I,2.21,2.32,0.10999999999999988,1326,1392
60,111,/Users/vedantdwivedi/Desktop/IRIS/emg_data/closed_vocab/silent/5-19_silent/111_emg.npy,/Users/vedantdwivedi/Desktop/IRIS/silent_speech_alignments/text_alignments/5-9/5-9_111_audio.TextGrid,7,SAID,2.32,2.65,0.33000000000000007,1392,1590
61,111,/Users/vedantdwivedi/Desktop/IRIS/emg_data/closed_vocab/silent/5-19_silent/111_emg.npy,/Users/vedantdwivedi/Desktop/IRIS/silent_speech_alignments/text_alignments/5-9/5-9_111_audio.TextGrid,8,POINTING,2.98,3.34,0.3599999999999999,1788,2004
62,111,/Users/vedantdwivedi/Desktop/IRIS/emg_data/closed_vocab/silent/5-19_silent/111_emg.npy,/Users/vedantdwivedi/Desktop/IRIS/silent_speech_alignments/text_alignments/5-9/5-9_111_audio.TextGrid,9,AT,3.34,3.43,0.0900000000000003,2004,2058
63,111,/Users/vedantdwivedi/Desktop/IRIS/emg_data/closed_vocab/silent/5-19_silent/111_emg.npy,/Users/vedantdwivedi/Desktop/IRIS/silent_speech_alignments/text_alignments/5-9/5-9_111_audio.TextGrid,10,THE,3.43,3.52,0.08999999999999986,2058,2112
64,111,/Users/vedantdwivedi/Desktop/IRIS/emg_data/closed_vocab/silent/5-19_silent/111_emg.npy,/Users/vedantdwivedi/Desktop/IRIS/silent_speech_alignments/text_alignments/5-9/5-9_111_audio.TextGrid,11,PINE,3.52,3.87,0.3500000000000001,2112,2322
65,111,/Users/vedantdwivedi/Desktop/IRIS/emg_data/closed_vocab/silent/5-19_silent/111_emg.npy,/Users/vedantdwivedi/Desktop/IRIS/silent_speech_alignments/text_alignments/5-9/5-9_111_audio.TextGrid,12,TOPS,3.87,4.3,0.4299999999999997,2322,2580
66,111,/Users/vedantdwivedi/Desktop/IRIS/emg_data/closed_vocab/silent/5-19_silent/111_emg.npy,/Users/vedantdwivedi/Desktop/IRIS/silent_speech_alignments/text_alignments/5-9/5-9_111_audio.TextGrid,13,THAT,4.33,4.48,0.15000000000000036,2598,2688
67,111,/Users/vedantdwivedi/Desktop/IRIS/emg_data/closed_vocab/silent/5-19_silent/111_emg.npy,/Users/vedantdwivedi/Desktop/IRIS/silent_speech_alignments/text_alignments/5-9/5-9_111_audio.TextGrid,14,HID,4.48,4.76,0.27999999999999936,2688,2856
68,111,/Users/vedantdwivedi/Desktop/IRIS/emg_data/closed_vocab/silent/5-19_silent/111_emg.npy,/Users/vedantdwivedi/Desktop/IRIS/silent_speech_alignments/text_alignments/5-9/5-9_111_audio.TextGrid,15,THE,4.76,4.83,0.07000000000000028,2856,2898
69,111,/Users/vedantdwivedi/Desktop/IRIS/emg_data/closed_vocab/silent/5-19_silent/111_emg.npy,/Users/vedantdwivedi/Desktop/IRIS/silent_speech_alignments/text_alignments/5-9/5-9_111_audio.TextGrid,16,MARTIANS,4.83,5.49,0.6600000000000001,2898,3210
70,112,/Users/vedantdwivedi/Desktop/IRIS/emg_data/closed_vocab/silent/5-19_silent/112_emg.npy,/Users/vedantdwivedi/Desktop/IRIS/silent_speech_alignments/text_alignments/5-9/5-9_112_audio.TextGrid,0,EH,0.71,1.1,0.3900000000000001,426,660
71,112,/Users/vedantdwivedi/Desktop/IRIS/emg_data/closed_vocab/silent/5-19_silent/112_emg.npy,/Users/vedantdwivedi/Desktop/IRIS/silent_speech_alignments/text_alignments/5-9/5-9_112_audio.TextGrid,1,SAID,1.49,1.7,0.20999999999999996,894,1020
72,112,/Users/vedantdwivedi/Desktop/IRIS/emg_data/closed_vocab/silent/5-19_silent/112_emg.npy,/Users/vedantdwivedi/Desktop/IRIS/silent_speech_alignments/text_alignments/5-9/5-9_112_audio.TextGrid,2,HE,1.7,2.07,0.3699999999999999,1020,1242
73,112,/Users/vedantdwivedi/Desktop/IRIS/emg_data/closed_vocab/silent/5-19_silent/112_emg.npy,/Users/vedantdwivedi/Desktop/IRIS/silent_speech_alignments/text_alignments/5-9/5-9_112_audio.TextGrid,3,TURNING,2.19,2.66,0.4700000000000002,1314,1596
74,114,/Users/vedantdwivedi/Desktop/IRIS/emg_data/closed_vocab/silent/5-19_silent/114_emg.npy,/Users/vedantdwivedi/Desktop/IRIS/silent_speech_alignments/text_alignments/5-9/5-9_114_audio.TextGrid,0,DEATH,0.73,1.25,0.52,438,500
75,115,/Users/vedantdwivedi/Desktop/IRIS/emg_data/closed_vocab/silent/5-19_silent/115_emg.npy,/Users/vedantdwivedi/Desktop/IRIS/silent_speech_alignments/text_alignments/5-9/5-9_115_audio.TextGrid,0,DEATH,0.67,1.14,0.46999999999999986,402,684
76,115,/Users/vedantdwivedi/Desktop/IRIS/emg_data/closed_vocab/silent/5-19_silent/115_emg.npy,/Users/vedantdwivedi/Desktop/IRIS/silent_speech_alignments/text_alignments/5-9/5-9_115_audio.TextGrid,1,IS,1.19,1.36,0.17000000000000015,714,816
77,115,/Users/vedantdwivedi/Desktop/IRIS/emg_data/closed_vocab/silent/5-19_silent/115_emg.npy,/Users/vedantdwivedi/Desktop/IRIS/silent_speech_alignments/text_alignments/5-9/5-9_115_audio.TextGrid,2,COMING,1.36,1.84,0.48,816,1104
78,116,/Users/vedantdwivedi/Desktop/IRIS/emg_data/closed_vocab/silent/5-19_silent/116_emg.npy,/Users/vedantdwivedi/Desktop/IRIS/silent_speech_alignments/text_alignments/5-9/5-9_116_audio.TextGrid,0,DEATH,0.71,1.25,0.54,426,500
79,117,/Users/vedantdwivedi/Desktop/IRIS/emg_data/closed_vocab/silent/5-19_silent/117_emg.npy,/Users/vedantdwivedi/Desktop/IRIS/silent_speech_alignments/text_alignments/5-9/5-9_117_audio.TextGrid,0,AT,0.87,1.03,0.16000000000000003,522,618
80,117,/Users/vedantdwivedi/Desktop/IRIS/emg_data/closed_vocab/silent/5-19_silent/117_emg.npy,/Users/vedantdwivedi/Desktop/IRIS/silent_speech_alignments/text_alignments/5-9/5-9_117_audio.TextGrid,1,THE,1.03,1.1,0.07000000000000006,618,660
81,117,/Users/vedantdwivedi/Desktop/IRIS/emg_data/closed_vocab/silent/5-19_silent/117_emg.npy,/Users/vedantdwivedi/Desktop/IRIS/silent_speech_alignments/text_alignments/5-9/5-9_117_audio.TextGrid,2,CORNER,1.1,1.53,0.42999999999999994,660,918
82,117,/Users/vedantdwivedi/Desktop/IRIS/emg_data/closed_vocab/silent/5-19_silent/117_emg.npy,/Users/vedantdwivedi/Desktop/IRIS/silent_speech_alignments/text_alignments/5-9/5-9_117_audio.TextGrid,3,I,1.56,1.69,0.1299999999999999,936,1014
83,117,/Users/vedantdwivedi/Desktop/IRIS/emg_data/closed_vocab/silent/5-19_silent/117_emg.npy,/Users/vedantdwivedi/Desktop/IRIS/silent_speech_alignments/text_alignments/5-9/5-9_117_audio.TextGrid,4,LOOKED,1.69,1.91,0.21999999999999997,1014,1146
84,117,/Users/vedantdwivedi/Desktop/IRIS/emg_data/closed_vocab/silent/5-19_silent/117_emg.npy,/Users/vedantdwivedi/Desktop/IRIS/silent_speech_alignments/text_alignments/5-9/5-9_117_audio.TextGrid,5,BACK,1.91,2.34,0.42999999999999994,1146,1404
85,121,/Users/vedantdwivedi/Desktop/IRIS/emg_data/closed_vocab/silent/5-19_silent/121_emg.npy,/Users/vedantdwivedi/Desktop/IRIS/silent_speech_alignments/text_alignments/5-9/5-9_121_audio.TextGrid,0,NO,0.98,1.26,0.28,588,756
86,121,/Users/vedantdwivedi/Desktop/IRIS/emg_data/closed_vocab/silent/5-19_silent/121_emg.npy,/Users/vedantdwivedi/Desktop/IRIS/silent_speech_alignments/text_alignments/5-9/5-9_121_audio.TextGrid,1,ONE,1.26,1.42,0.15999999999999992,756,852
87,121,/Users/vedantdwivedi/Desktop/IRIS/emg_data/closed_vocab/silent/5-19_silent/121_emg.npy,/Users/vedantdwivedi/Desktop/IRIS/silent_speech_alignments/text_alignments/5-9/5-9_121_audio.TextGrid,2,IN,1.42,1.54,0.1200000000000001,852,924
88,121,/Users/vedantdwivedi/Desktop/IRIS/emg_data/closed_vocab/silent/5-19_silent/121_emg.npy,/Users/vedantdwivedi/Desktop/IRIS/silent_speech_alignments/text_alignments/5-9/5-9_121_audio.TextGrid,3,WEYBRIDGE,1.54,2.05,0.5099999999999998,924,1230
89,121,/Users/vedantdwivedi/Desktop/IRIS/emg_data/closed_vocab/silent/5-19_silent/121_emg.npy,/Users/vedantdwivedi/Desktop/IRIS/silent_speech_alignments/text_alignments/5-9/5-9_121_audio.TextGrid,4,COULD,2.05,2.24,0.1900000000000004,1230,1344
90,121,/Users/vedantdwivedi/Desktop/IRIS/emg_data/closed_vocab/silent/5-19_silent/121_emg.npy,/Users/vedantdwivedi/Desktop/IRIS/silent_speech_alignments/text_alignments/5-9/5-9_121_audio.TextGrid,5,TELL,2.24,2.5,0.2599999999999998,1344,1500
91,121,/Users/vedantdwivedi/Desktop/IRIS/emg_data/closed_vocab/silent/5-19_silent/121_emg.npy,/Users/vedantdwivedi/Desktop/IRIS/silent_speech_alignments/text_alignments/5-9/5-9_121_audio.TextGrid,6,US,2.5,2.83,0.33000000000000007,1500,1698
92,121,/Users/vedantdwivedi/Desktop/IRIS/emg_data/closed_vocab/silent/5-19_silent/121_emg.npy,/Users/vedantdwivedi/Desktop/IRIS/silent_speech_alignments/text_alignments/5-9/5-9_121_audio.TextGrid,7,WHERE,3.08,3.26,0.17999999999999972,1848,1956
93,121,/Users/vedantdwivedi/Desktop/IRIS/emg_data/closed_vocab/silent/5-19_silent/121_emg.npy,/Users/vedantdwivedi/Desktop/IRIS/silent_speech_alignments/text_alignments/5-9/5-9_121_audio.TextGrid,8,THE,3.26,3.34,0.08000000000000007,1956,2004
94,121,/Users/vedantdwivedi/Desktop/IRIS/emg_data/closed_vocab/silent/5-19_silent/121_emg.npy,/Users/vedantdwivedi/Desktop/IRIS/silent_speech_alignments/text_alignments/5-9/5-9_121_audio.TextGrid,9,HEADQUARTERS,3.34,4.07,0.7300000000000004,2004,2442
95,121,/Users/vedantdwivedi/Desktop/IRIS/emg_data/closed_vocab/silent/5-19_silent/121_emg.npy,/Users/vedantdwivedi/Desktop/IRIS/silent_speech_alignments/text_alignments/5-9/5-9_121_audio.TextGrid,10,WERE,4.07,4.21,0.13999999999999968,2442,2526
96,121,/Users/vedantdwivedi/Desktop/IRIS/emg_data/closed_vocab/silent/5-19_silent/121_emg.npy,/Users/vedantdwivedi/Desktop/IRIS/silent_speech_alignments/text_alignments/5-9/5-9_121_audio.TextGrid,11,ESTABLISHED,4.21,4.87,0.6600000000000001,2526,2922
97,121,/Users/vedantdwivedi/Desktop/IRIS/emg_data/closed_vocab/silent/5-19_silent/121_emg.npy,/Users/vedantdwivedi/Desktop/IRIS/silent_speech_alignments/text_alignments/5-9/5-9_121_audio.TextGrid,12,THE,5.32,5.43,0.10999999999999943,3192,3258
98,121,/Users/vedantdwivedi/Desktop/IRIS/emg_data/closed_vocab/silent/5-19_silent/121_emg.npy,/Users/vedantdwivedi/Desktop/IRIS/silent_speech_alignments/text_alignments/5-9/5-9_121_audio.TextGrid,13,WHOLE,5.43,5.64,0.20999999999999996,3258,3384
99,121,/Users/vedantdwivedi/Desktop/IRIS/emg_data/closed_vocab/silent/5-19_silent/121_emg.npy,/Users/vedantdwivedi/Desktop/IRIS/silent_speech_alignments/text_alignments/5-9/5-9_121_audio.TextGrid,14,PLACE,5.64,6.19,0.5500000000000007,3384,3582
100,122,/Users/vedantdwivedi/Desktop/IRIS/emg_data/closed_vocab/silent/5-19_silent/122_emg.npy,/Users/vedantdwivedi/Desktop/IRIS/silent_speech_alignments/text_alignments/5-9/5-9_122_audio.TextGrid,0,CARTS,0.69,1.31,0.6200000000000001,414,786
101,122,/Users/vedantdwivedi/Desktop/IRIS/emg_data/closed_vocab/silent/5-19_silent/122_emg.npy,/Users/vedantdwivedi/Desktop/IRIS/silent_speech_alignments/text_alignments/5-9/5-9_122_audio.TextGrid,1,CARRIAGES,1.48,1.94,0.45999999999999996,888,1164
102,122,/Users/vedantdwivedi/Desktop/IRIS/emg_data/closed_vocab/silent/5-19_silent/122_emg.npy,/Users/vedantdwivedi/Desktop/IRIS/silent_speech_alignments/text_alignments/5-9/5-9_122_audio.TextGrid,2,EVERYWHERE,1.94,2.54,0.6000000000000001,1164,1524
103,122,/Users/vedantdwivedi/Desktop/IRIS/emg_data/closed_vocab/silent/5-19_silent/122_emg.npy,/Users/vedantdwivedi/Desktop/IRIS/silent_speech_alignments/text_alignments/5-9/5-9_122_audio.TextGrid,3,THE,2.96,3.05,0.08999999999999986,1776,1830
104,122,/Users/vedantdwivedi/Desktop/IRIS/emg_data/closed_vocab/silent/5-19_silent/122_emg.npy,/Users/vedantdwivedi/Desktop/IRIS/silent_speech_alignments/text_alignments/5-9/5-9_122_audio.TextGrid,4,MOST,3.05,3.31,0.26000000000000023,1830,1986
105,122,/Users/vedantdwivedi/Desktop/IRIS/emg_data/closed_vocab/silent/5-19_silent/122_emg.npy,/Users/vedantdwivedi/Desktop/IRIS/silent_speech_alignments/text_alignments/5-9/5-9_122_audio.TextGrid,5,ASTONISHING,3.31,3.97,0.6600000000000001,1986,2382
106,122,/Users/vedantdwivedi/Desktop/IRIS/emg_data/closed_vocab/silent/5-19_silent/122_emg.npy,/Users/vedantdwivedi/Desktop/IRIS/silent_speech_alignments/text_alignments/5-9/5-9_122_audio.TextGrid,6,MISCELLANY,4.06,4.79,0.7300000000000004,2436,2874
107,122,/Users/vedantdwivedi/Desktop/IRIS/emg_data/closed_vocab/silent/5-19_silent/122_emg.npy,/Users/vedantdwivedi/Desktop/IRIS/silent_speech_alignments/text_alignments/5-9/5-9_122_audio.TextGrid,7,OF,5.29,5.38,0.08999999999999986,3174,3228
108,122,/Users/vedantdwivedi/Desktop/IRIS/emg_data/closed_vocab/silent/5-19_silent/122_emg.npy,/Users/vedantdwivedi/Desktop/IRIS/silent_speech_alignments/text_alignments/5-9/5-9_122_audio.TextGrid,8,CONVEYANCES,5.38,6.31,0.9299999999999997,3228,3510
109,125,/Users/vedantdwivedi/Desktop/IRIS/emg_data/closed_vocab/silent/5-19_silent/125_emg.npy,/Users/vedantdwivedi/Desktop/IRIS/silent_speech_alignments/text_alignments/5-9/5-9_125_audio.TextGrid,0,I,1.06,1.3,0.24,636,780
110,125,/Users/vedantdwivedi/Desktop/IRIS/emg_data/closed_vocab/silent/5-19_silent/125_emg.npy,/Users/vedantdwivedi/Desktop/IRIS/silent_speech_alignments/text_alignments/5-9/5-9_125_audio.TextGrid,1,AND,1.3,1.42,0.11999999999999988,780,852
111,125,/Users/vedantdwivedi/Desktop/IRIS/emg_data/closed_vocab/silent/5-19_silent/125_emg.npy,/Users/vedantdwivedi/Desktop/IRIS/silent_speech_alignments/text_alignments/5-9/5-9_125_audio.TextGrid,2,THE,1.42,1.51,0.09000000000000008,852,906
112,125,/Users/vedantdwivedi/Desktop/IRIS/emg_data/closed_vocab/silent/5-19_silent/125_emg.npy,/Users/vedantdwivedi/Desktop/IRIS/silent_speech_alignments/text_alignments/5-9/5-9_125_audio.TextGrid,3,ARTILLERYMAN,1.51,2.32,0.8099999999999998,906,1392
113,125,/Users/vedantdwivedi/Desktop/IRIS/emg_data/closed_vocab/silent/5-19_silent/125_emg.npy,/Users/vedantdwivedi/Desktop/IRIS/silent_speech_alignments/text_alignments/5-9/5-9_125_audio.TextGrid,4,SEATED,2.72,3.16,0.43999999999999995,1632,1896
114,125,/Users/vedantdwivedi/Desktop/IRIS/emg_data/closed_vocab/silent/5-19_silent/125_emg.npy,/Users/vedantdwivedi/Desktop/IRIS/silent_speech_alignments/text_alignments/5-9/5-9_125_audio.TextGrid,5,ON,3.16,3.23,0.06999999999999984,1896,1938
115,125,/Users/vedantdwivedi/Desktop/IRIS/emg_data/closed_vocab/silent/5-19_silent/125_emg.npy,/Users/vedantdwivedi/Desktop/IRIS/silent_speech_alignments/text_alignments/5-9/5-9_125_audio.TextGrid,6,THE,3.23,3.31,0.08000000000000007,1938,1986
116,125,/Users/vedantdwivedi/Desktop/IRIS/emg_data/closed_vocab/silent/5-19_silent/125_emg.npy,/Users/vedantdwivedi/Desktop/IRIS/silent_speech_alignments/text_alignments/5-9/5-9_125_audio.TextGrid,7,STEP,3.31,3.73,0.41999999999999993,1986,2238
117,125,/Users/vedantdwivedi/Desktop/IRIS/emg_data/closed_vocab/silent/5-19_silent/125_emg.npy,/Users/vedantdwivedi/Desktop/IRIS/silent_speech_alignments/text_alignments/5-9/5-9_125_audio.TextGrid,8,OF,3.76,3.83,0.07000000000000028,2256,2298
118,125,/Users/vedantdwivedi/Desktop/IRIS/emg_data/closed_vocab/silent/5-19_silent/125_emg.npy,/Users/vedantdwivedi/Desktop/IRIS/silent_speech_alignments/text_alignments/5-9/5-9_125_audio.TextGrid,9,THE,3.83,3.92,0.08999999999999986,2298,2352
119,125,/Users/vedantdwivedi/Desktop/IRIS/emg_data/closed_vocab/silent/5-19_silent/125_emg.npy,/Users/vedantdwivedi/Desktop/IRIS/silent_speech_alignments/text_alignments/5-9/5-9_125_audio.TextGrid,10,DRINKING,3.92,4.28,0.3600000000000003,2352,2568
120,125,/Users/vedantdwivedi/Desktop/IRIS/emg_data/closed_vocab/silent/5-19_silent/125_emg.npy,/Users/vedantdwivedi/Desktop/IRIS/silent_speech_alignments/text_alignments/5-9/5-9_125_audio.TextGrid,11,FOUNTAIN,4.28,4.79,0.5099999999999998,2568,2874
121,125,/Users/vedantdwivedi/Desktop/IRIS/emg_data/closed_vocab/silent/5-19_silent/125_emg.npy,/Users/vedantdwivedi/Desktop/IRIS/silent_speech_alignments/text_alignments/5-9/5-9_125_audio.TextGrid,12,MADE,5.16,5.37,0.20999999999999996,3096,3222
122,125,/Users/vedantdwivedi/Desktop/IRIS/emg_data/closed_vocab/silent/5-19_silent/125_emg.npy,/Users/vedantdwivedi/Desktop/IRIS/silent_speech_alignments/text_alignments/5-9/5-9_125_audio.TextGrid,13,A,5.37,5.44,0.07000000000000028,3222,3264
123,125,/Users/vedantdwivedi/Desktop/IRIS/emg_data/closed_vocab/silent/5-19_silent/125_emg.npy,/Users/vedantdwivedi/Desktop/IRIS/silent_speech_alignments/text_alignments/5-9/5-9_125_audio.TextGrid,14,VERY,5.44,5.85,0.40999999999999925,3264,3510
124,125,/Users/vedantdwivedi/Desktop/IRIS/emg_data/closed_vocab/silent/5-19_silent/125_emg.npy,/Users/vedantdwivedi/Desktop/IRIS/silent_speech_alignments/text_alignments/5-9/5-9_125_audio.TextGrid,15,PASSABLE,6.0,6.52,0.5199999999999996,3600,3690
125,128,/Users/vedantdwivedi/Desktop/IRIS/emg_data/closed_vocab/silent/5-19_silent/128_emg.npy,/Users/vedantdwivedi/Desktop/IRIS/silent_speech_alignments/text_alignments/5-9/5-9_128_audio.TextGrid,0,THE,0.91,1.04,0.13,546,624
126,128,/Users/vedantdwivedi/Desktop/IRIS/emg_data/closed_vocab/silent/5-19_silent/128_emg.npy,/Users/vedantdwivedi/Desktop/IRIS/silent_speech_alignments/text_alignments/5-9/5-9_128_audio.TextGrid,1,ORDINARY,1.04,1.42,0.3799999999999999,624,852
127,128,/Users/vedantdwivedi/Desktop/IRIS/emg_data/closed_vocab/silent/5-19_silent/128_emg.npy,/Users/vedantdwivedi/Desktop/IRIS/silent_speech_alignments/text_alignments/5-9/5-9_128_audio.TextGrid,2,TRAFFIC,1.42,1.88,0.45999999999999996,852,1128
128,128,/Users/vedantdwivedi/Desktop/IRIS/emg_data/closed_vocab/silent/5-19_silent/128_emg.npy,/Users/vedantdwivedi/Desktop/IRIS/silent_speech_alignments/text_alignments/5-9/5-9_128_audio.TextGrid,3,HAD,1.91,2.06,0.15000000000000013,1146,1236
129,128,/Users/vedantdwivedi/Desktop/IRIS/emg_data/closed_vocab/silent/5-19_silent/128_emg.npy,/Users/vedantdwivedi/Desktop/IRIS/silent_speech_alignments/text_alignments/5-9/5-9_128_audio.TextGrid,4,BEEN,2.06,2.22,0.16000000000000014,1236,1332
130,128,/Users/vedantdwivedi/Desktop/IRIS/emg_data/closed_vocab/silent/5-19_silent/128_emg.npy,/Users/vedantdwivedi/Desktop/IRIS/silent_speech_alignments/text_alignments/5-9/5-9_128_audio.TextGrid,5,STOPPED,2.22,2.63,0.4099999999999997,1332,1578
131,128,/Users/vedantdwivedi/Desktop/IRIS/emg_data/closed_vocab/silent/5-19_silent/128_emg.npy,/Users/vedantdwivedi/Desktop/IRIS/silent_speech_alignments/text_alignments/5-9/5-9_128_audio.TextGrid,6,I,2.63,2.68,0.050000000000000266,1578,1608
132,128,/Users/vedantdwivedi/Desktop/IRIS/emg_data/closed_vocab/silent/5-19_silent/128_emg.npy,/Users/vedantdwivedi/Desktop/IRIS/silent_speech_alignments/text_alignments/5-9/5-9_128_audio.TextGrid,7,BELIEVE,2.68,3.08,0.3999999999999999,1608,1848
133,128,/Users/vedantdwivedi/Desktop/IRIS/emg_data/closed_vocab/silent/5-19_silent/128_emg.npy,/Users/vedantdwivedi/Desktop/IRIS/silent_speech_alignments/text_alignments/5-9/5-9_128_audio.TextGrid,8,IN,3.44,3.56,0.1200000000000001,2064,2136
134,128,/Users/vedantdwivedi/Desktop/IRIS/emg_data/closed_vocab/silent/5-19_silent/128_emg.npy,/Users/vedantdwivedi/Desktop/IRIS/silent_speech_alignments/text_alignments/5-9/5-9_128_audio.TextGrid,9,ORDER,3.56,3.81,0.25,2136,2286
135,128,/Users/vedantdwivedi/Desktop/IRIS/emg_data/closed_vocab/silent/5-19_silent/128_emg.npy,/Users/vedantdwivedi/Desktop/IRIS/silent_speech_alignments/text_alignments/5-9/5-9_128_audio.TextGrid,10,TO,3.81,3.94,0.1299999999999999,2286,2364
136,128,/Users/vedantdwivedi/Desktop/IRIS/emg_data/closed_vocab/silent/5-19_silent/128_emg.npy,/Users/vedantdwivedi/Desktop/IRIS/silent_speech_alignments/text_alignments/5-9/5-9_128_audio.TextGrid,11,ALLOW,3.94,4.56,0.6199999999999997,2364,2736
137,128,/Users/vedantdwivedi/Desktop/IRIS/emg_data/closed_vocab/silent/5-19_silent/128_emg.npy,/Users/vedantdwivedi/Desktop/IRIS/silent_speech_alignments/text_alignments/5-9/5-9_128_audio.TextGrid,12,OF,4.85,4.97,0.1200000000000001,2910,2982
138,128,/Users/vedantdwivedi/Desktop/IRIS/emg_data/closed_vocab/silent/5-19_silent/128_emg.npy,/Users/vedantdwivedi/Desktop/IRIS/silent_speech_alignments/text_alignments/5-9/5-9_128_audio.TextGrid,13,THE,4.97,5.06,0.08999999999999986,2982,3036
139,128,/Users/vedantdwivedi/Desktop/IRIS/emg_data/closed_vocab/silent/5-19_silent/128_emg.npy,/Users/vedantdwivedi/Desktop/IRIS/silent_speech_alignments/text_alignments/5-9/5-9_128_audio.TextGrid,14,PASSAGE,5.06,5.48,0.4200000000000008,3036,3288
140,128,/Users/vedantdwivedi/Desktop/IRIS/emg_data/closed_vocab/silent/5-19_silent/128_emg.npy,/Users/vedantdwivedi/Desktop/IRIS/silent_speech_alignments/text_alignments/5-9/5-9_128_audio.TextGrid,15,OF,5.48,5.59,0.10999999999999943,3288,3354
141,128,/Users/vedantdwivedi/Desktop/IRIS/emg_data/closed_vocab/silent/5-19_silent/128_emg.npy,/Users/vedantdwivedi/Desktop/IRIS/silent_speech_alignments/text_alignments/5-9/5-9_128_audio.TextGrid,16,TROOPS,5.59,6.04,0.4500000000000002,3354,3624
142,128,/Users/vedantdwivedi/Desktop/IRIS/emg_data/closed_vocab/silent/5-19_silent/128_emg.npy,/Users/vedantdwivedi/Desktop/IRIS/silent_speech_alignments/text_alignments/5-9/5-9_128_audio.TextGrid,17,AND,6.07,6.24,0.16999999999999993,3642,3690
143,129,/Users/vedantdwivedi/Desktop/IRIS/emg_data/closed_vocab/silent/5-19_silent/129_emg.npy,/Users/vedantdwivedi/Desktop/IRIS/silent_speech_alignments/text_alignments/5-9/5-9_129_audio.TextGrid,0,WE,1.0,1.09,0.09000000000000008,600,654
144,129,/Users/vedantdwivedi/Desktop/IRIS/emg_data/closed_vocab/silent/5-19_silent/129_emg.npy,/Users/vedantdwivedi/Desktop/IRIS/silent_speech_alignments/text_alignments/5-9/5-9_129_audio.TextGrid,1,REMAINED,1.09,1.45,0.3599999999999999,654,870
145,129,/Users/vedantdwivedi/Desktop/IRIS/emg_data/closed_vocab/silent/5-19_silent/129_emg.npy,/Users/vedantdwivedi/Desktop/IRIS/silent_speech_alignments/text_alignments/5-9/5-9_129_audio.TextGrid,2,AT,1.45,1.58,0.13000000000000012,870,948
146,129,/Users/vedantdwivedi/Desktop/IRIS/emg_data/closed_vocab/silent/5-19_silent/129_emg.npy,/Users/vedantdwivedi/Desktop/IRIS/silent_speech_alignments/text_alignments/5-9/5-9_129_audio.TextGrid,3,WEYBRIDGE,1.58,1.98,0.3999999999999999,948,1188
147,129,/Users/vedantdwivedi/Desktop/IRIS/emg_data/closed_vocab/silent/5-19_silent/129_emg.npy,/Users/vedantdwivedi/Desktop/IRIS/silent_speech_alignments/text_alignments/5-9/5-9_129_audio.TextGrid,4,UNTIL,1.98,2.32,0.33999999999999986,1188,1392
148,129,/Users/vedantdwivedi/Desktop/IRIS/emg_data/closed_vocab/silent/5-19_silent/129_emg.npy,/Users/vedantdwivedi/Desktop/IRIS/silent_speech_alignments/text_alignments/5-9/5-9_129_audio.TextGrid,5,MIDDAY,2.32,2.9,0.5800000000000001,1392,1740
149,129,/Users/vedantdwivedi/Desktop/IRIS/emg_data/closed_vocab/silent/5-19_silent/129_emg.npy,/Users/vedantdwivedi/Desktop/IRIS/silent_speech_alignments/text_alignments/5-9/5-9_129_audio.TextGrid,6,AND,3.32,3.47,0.15000000000000036,1992,2082
150,129,/Users/vedantdwivedi/Desktop/IRIS/emg_data/closed_vocab/silent/5-19_silent/129_emg.npy,/Users/vedantdwivedi/Desktop/IRIS/silent_speech_alignments/text_alignments/5-9/5-9_129_audio.TextGrid,7,AT,3.47,3.58,0.10999999999999988,2082,2148
151,129,/Users/vedantdwivedi/Desktop/IRIS/emg_data/closed_vocab/silent/5-19_silent/129_emg.npy,/Users/vedantdwivedi/Desktop/IRIS/silent_speech_alignments/text_alignments/5-9/5-9_129_audio.TextGrid,8,THAT,3.58,3.84,0.2599999999999998,2148,2304
152,129,/Users/vedantdwivedi/Desktop/IRIS/emg_data/closed_vocab/silent/5-19_silent/129_emg.npy,/Users/vedantdwivedi/Desktop/IRIS/silent_speech_alignments/text_alignments/5-9/5-9_129_audio.TextGrid,9,HOUR,3.84,4.14,0.2999999999999998,2304,2484
153,129,/Users/vedantdwivedi/Desktop/IRIS/emg_data/closed_vocab/silent/5-19_silent/129_emg.npy,/Users/vedantdwivedi/Desktop/IRIS/silent_speech_alignments/text_alignments/5-9/5-9_129_audio.TextGrid,10,WE,4.14,4.27,0.1299999999999999,2484,2562
154,129,/Users/vedantdwivedi/Desktop/IRIS/emg_data/closed_vocab/silent/5-19_silent/129_emg.npy,/Users/vedantdwivedi/Desktop/IRIS/silent_speech_alignments/text_alignments/5-9/5-9_129_audio.TextGrid,11,FOUND,4.27,4.47,0.20000000000000018,2562,2682
155,129,/Users/vedantdwivedi/Desktop/IRIS/emg_data/closed_vocab/silent/5-19_silent/129_emg.npy,/Users/vedantdwivedi/Desktop/IRIS/silent_speech_alignments/text_alignments/5-9/5-9_129_audio.TextGrid,12,OURSELVES,4.47,5.13,0.6600000000000001,2682,3078
156,129,/Users/vedantdwivedi/Desktop/IRIS/emg_data/closed_vocab/silent/5-19_silent/129_emg.npy,/Users/vedantdwivedi/Desktop/IRIS/silent_speech_alignments/text_alignments/5-9/5-9_129_audio.TextGrid,13,AT,5.17,5.29,0.1200000000000001,3102,3174
157,129,/Users/vedantdwivedi/Desktop/IRIS/emg_data/closed_vocab/silent/5-19_silent/129_emg.npy,/Users/vedantdwivedi/Desktop/IRIS/silent_speech_alignments/text_alignments/5-9/5-9_129_audio.TextGrid,14,THE,5.29,5.39,0.09999999999999964,3174,3234
158,129,/Users/vedantdwivedi/Desktop/IRIS/emg_data/closed_vocab/silent/5-19_silent/129_emg.npy,/Users/vedantdwivedi/Desktop/IRIS/silent_speech_alignments/text_alignments/5-9/5-9_129_audio.TextGrid,15,PLACE,5.39,5.79,0.40000000000000036,3234,3474
159,129,/Users/vedantdwivedi/Desktop/IRIS/emg_data/closed_vocab/silent/5-19_silent/129_emg.npy,/Users/vedantdwivedi/Desktop/IRIS/silent_speech_alignments/text_alignments/5-9/5-9_129_audio.TextGrid,16,NEAR,5.82,5.95,0.1299999999999999,3492,3570
160,129,/Users/vedantdwivedi/Desktop/IRIS/emg_data/closed_vocab/silent/5-19_silent/129_emg.npy,/Users/vedantdwivedi/Desktop/IRIS/silent_speech_alignments/text_alignments/5-9/5-9_129_audio.TextGrid,17,SHEPPERTON,5.95,6.46,0.5099999999999998,3570,3876
161,12,/Users/vedantdwivedi/Desktop/IRIS/emg_data/closed_vocab/silent/5-19_silent/12_emg.npy,/Users/vedantdwivedi/Desktop/IRIS/silent_speech_alignments/text_alignments/5-9/5-9_12_audio.TextGrid,0,HAD,1.07,1.24,0.16999999999999993,642,744
162,12,/Users/vedantdwivedi/Desktop/IRIS/emg_data/closed_vocab/silent/5-19_silent/12_emg.npy,/Users/vedantdwivedi/Desktop/IRIS/silent_speech_alignments/text_alignments/5-9/5-9_12_audio.TextGrid,1,I,1.24,1.31,0.07000000000000006,744,786
163,12,/Users/vedantdwivedi/Desktop/IRIS/emg_data/closed_vocab/silent/5-19_silent/12_emg.npy,/Users/vedantdwivedi/Desktop/IRIS/silent_speech_alignments/text_alignments/5-9/5-9_12_audio.TextGrid,2,BEEN,1.31,1.48,0.16999999999999993,786,888
164,12,/Users/vedantdwivedi/Desktop/IRIS/emg_data/closed_vocab/silent/5-19_silent/12_emg.npy,/Users/vedantdwivedi/Desktop/IRIS/silent_speech_alignments/text_alignments/5-9/5-9_12_audio.TextGrid,3,ALONE,1.48,2.03,0.5499999999999998,888,1218
165,12,/Users/vedantdwivedi/Desktop/IRIS/emg_data/closed_vocab/silent/5-19_silent/12_emg.npy,/Users/vedantdwivedi/Desktop/IRIS/silent_speech_alignments/text_alignments/5-9/5-9_12_audio.TextGrid,4,I,2.24,2.39,0.1499999999999999,1344,1434
166,12,/Users/vedantdwivedi/Desktop/IRIS/emg_data/closed_vocab/silent/5-19_silent/12_emg.npy,/Users/vedantdwivedi/Desktop/IRIS/silent_speech_alignments/text_alignments/5-9/5-9_12_audio.TextGrid,5,THINK,2.39,2.66,0.27,1434,1596
167,12,/Users/vedantdwivedi/Desktop/IRIS/emg_data/closed_vocab/silent/5-19_silent/12_emg.npy,/Users/vedantdwivedi/Desktop/IRIS/silent_speech_alignments/text_alignments/5-9/5-9_12_audio.TextGrid,6,I,2.66,2.74,0.08000000000000007,1596,1644
168,12,/Users/vedantdwivedi/Desktop/IRIS/emg_data/closed_vocab/silent/5-19_silent/12_emg.npy,/Users/vedantdwivedi/Desktop/IRIS/silent_speech_alignments/text_alignments/5-9/5-9_12_audio.TextGrid,7,SHOULD,2.74,2.88,0.13999999999999968,1644,1728
169,12,/Users/vedantdwivedi/Desktop/IRIS/emg_data/closed_vocab/silent/5-19_silent/12_emg.npy,/Users/vedantdwivedi/Desktop/IRIS/silent_speech_alignments/text_alignments/5-9/5-9_12_audio.TextGrid,8,HAVE,2.88,3.01,0.1299999999999999,1728,1806
170,12,/Users/vedantdwivedi/Desktop/IRIS/emg_data/closed_vocab/silent/5-19_silent/12_emg.npy,/Users/vedantdwivedi/Desktop/IRIS/silent_speech_alignments/text_alignments/5-9/5-9_12_audio.TextGrid,9,TAKEN,3.01,3.33,0.3200000000000003,1806,1998
171,12,/Users/vedantdwivedi/Desktop/IRIS/emg_data/closed_vocab/silent/5-19_silent/12_emg.npy,/Users/vedantdwivedi/Desktop/IRIS/silent_speech_alignments/text_alignments/5-9/5-9_12_audio.TextGrid,10,MY,3.33,3.47,0.14000000000000012,1998,2082
172,12,/Users/vedantdwivedi/Desktop/IRIS/emg_data/closed_vocab/silent/5-19_silent/12_emg.npy,/Users/vedantdwivedi/Desktop/IRIS/silent_speech_alignments/text_alignments/5-9/5-9_12_audio.TextGrid,11,CHANCE,3.47,4.1,0.6299999999999994,2082,2460
173,12,/Users/vedantdwivedi/Desktop/IRIS/emg_data/closed_vocab/silent/5-19_silent/12_emg.npy,/Users/vedantdwivedi/Desktop/IRIS/silent_speech_alignments/text_alignments/5-9/5-9_12_audio.TextGrid,12,AND,4.13,4.28,0.15000000000000036,2478,2568
174,12,/Users/vedantdwivedi/Desktop/IRIS/emg_data/closed_vocab/silent/5-19_silent/12_emg.npy,/Users/vedantdwivedi/Desktop/IRIS/silent_speech_alignments/text_alignments/5-9/5-9_12_audio.TextGrid,13,STRUCK,4.28,4.66,0.3799999999999999,2568,2796
175,12,/Users/vedantdwivedi/Desktop/IRIS/emg_data/closed_vocab/silent/5-19_silent/12_emg.npy,/Users/vedantdwivedi/Desktop/IRIS/silent_speech_alignments/text_alignments/5-9/5-9_12_audio.TextGrid,14,ACROSS,4.66,5.11,0.4500000000000002,2796,3066
176,12,/Users/vedantdwivedi/Desktop/IRIS/emg_data/closed_vocab/silent/5-19_silent/12_emg.npy,/Users/vedantdwivedi/Desktop/IRIS/silent_speech_alignments/text_alignments/5-9/5-9_12_audio.TextGrid,15,COUNTRY,5.11,5.61,0.5,3066,3366
177,130,/Users/vedantdwivedi/Desktop/IRIS/emg_data/closed_vocab/silent/5-19_silent/130_emg.npy,/Users/vedantdwivedi/Desktop/IRIS/silent_speech_alignments/text_alignments/5-9/5-9_130_audio.TextGrid,0,PART,1.19,1.38,0.18999999999999995,714,828
178,130,/Users/vedantdwivedi/Desktop/IRIS/emg_data/closed_vocab/silent/5-19_silent/130_emg.npy,/Users/vedantdwivedi/Desktop/IRIS/silent_speech_alignments/text_alignments/5-9/5-9_130_audio.TextGrid,1,OF,1.38,1.44,0.06000000000000005,828,864
179,130,/Users/vedantdwivedi/Desktop/IRIS/emg_data/closed_vocab/silent/5-19_silent/130_emg.npy,/Users/vedantdwivedi/Desktop/IRIS/silent_speech_alignments/text_alignments/5-9/5-9_130_audio.TextGrid,2,THE,1.44,1.56,0.1200000000000001,864,936
180,130,/Users/vedantdwivedi/Desktop/IRIS/emg_data/closed_vocab/silent/5-19_silent/130_emg.npy,/Users/vedantdwivedi/Desktop/IRIS/silent_speech_alignments/text_alignments/5-9/5-9_130_audio.TextGrid,3,TIME,1.56,1.93,0.3699999999999999,936,1158
181,130,/Users/vedantdwivedi/Desktop/IRIS/emg_data/closed_vocab/silent/5-19_silent/130_emg.npy,/Users/vedantdwivedi/Desktop/IRIS/silent_speech_alignments/text_alignments/5-9/5-9_130_audio.TextGrid,4,WE,1.93,2.03,0.09999999999999987,1158,1218
182,130,/Users/vedantdwivedi/Desktop/IRIS/emg_data/closed_vocab/silent/5-19_silent/130_emg.npy,/Users/vedantdwivedi/Desktop/IRIS/silent_speech_alignments/text_alignments/5-9/5-9_130_audio.TextGrid,5,SPENT,2.03,2.37,0.3400000000000003,1218,1422
183,130,/Users/vedantdwivedi/Desktop/IRIS/emg_data/closed_vocab/silent/5-19_silent/130_emg.npy,/Users/vedantdwivedi/Desktop/IRIS/silent_speech_alignments/text_alignments/5-9/5-9_130_audio.TextGrid,6,HELPING,2.37,2.83,0.45999999999999996,1422,1698
184,130,/Users/vedantdwivedi/Desktop/IRIS/emg_data/closed_vocab/silent/5-19_silent/130_emg.npy,/Users/vedantdwivedi/Desktop/IRIS/silent_speech_alignments/text_alignments/5-9/5-9_130_audio.TextGrid,7,TWO,2.83,3.14,0.31000000000000005,1698,1884
185,130,/Users/vedantdwivedi/Desktop/IRIS/emg_data/closed_vocab/silent/5-19_silent/130_emg.npy,/Users/vedantdwivedi/Desktop/IRIS/silent_speech_alignments/text_alignments/5-9/5-9_130_audio.TextGrid,8,OLD,3.14,3.31,0.16999999999999993,1884,1986
186,130,/Users/vedantdwivedi/Desktop/IRIS/emg_data/closed_vocab/silent/5-19_silent/130_emg.npy,/Users/vedantdwivedi/Desktop/IRIS/silent_speech_alignments/text_alignments/5-9/5-9_130_audio.TextGrid,9,WOMEN,3.31,3.69,0.3799999999999999,1986,2214
187,130,/Users/vedantdwivedi/Desktop/IRIS/emg_data/closed_vocab/silent/5-19_silent/130_emg.npy,/Users/vedantdwivedi/Desktop/IRIS/silent_speech_alignments/text_alignments/5-9/5-9_130_audio.TextGrid,10,TO,3.74,3.84,0.09999999999999964,2244,2304
188,130,/Users/vedantdwivedi/Desktop/IRIS/emg_data/closed_vocab/silent/5-19_silent/130_emg.npy,/Users/vedantdwivedi/Desktop/IRIS/silent_speech_alignments/text_alignments/5-9/5-9_130_audio.TextGrid,11,PACK,3.9,4.19,0.2900000000000005,2340,2514
189,130,/Users/vedantdwivedi/Desktop/IRIS/emg_data/closed_vocab/silent/5-19_silent/130_emg.npy,/Users/vedantdwivedi/Desktop/IRIS/silent_speech_alignments/text_alignments/5-9/5-9_130_audio.TextGrid,12,A,4.19,4.25,0.05999999999999961,2514,2550
190,130,/Users/vedantdwivedi/Desktop/IRIS/emg_data/closed_vocab/silent/5-19_silent/130_emg.npy,/Users/vedantdwivedi/Desktop/IRIS/silent_speech_alignments/text_alignments/5-9/5-9_130_audio.TextGrid,13,LITTLE,4.25,4.48,0.23000000000000043,2550,2688
191,130,/Users/vedantdwivedi/Desktop/IRIS/emg_data/closed_vocab/silent/5-19_silent/130_emg.npy,/Users/vedantdwivedi/Desktop/IRIS/silent_speech_alignments/text_alignments/5-9/5-9_130_audio.TextGrid,14,CART,4.48,4.8,0.3199999999999994,2688,2880
192,131,/Users/vedantdwivedi/Desktop/IRIS/emg_data/closed_vocab/silent/5-19_silent/131_emg.npy,/Users/vedantdwivedi/Desktop/IRIS/silent_speech_alignments/text_alignments/5-9/5-9_131_audio.TextGrid,0,THE,1.01,1.14,0.1299999999999999,606,684
193,131,/Users/vedantdwivedi/Desktop/IRIS/emg_data/closed_vocab/silent/5-19_silent/131_emg.npy,/Users/vedantdwivedi/Desktop/IRIS/silent_speech_alignments/text_alignments/5-9/5-9_131_audio.TextGrid,1,WEY,1.14,1.6,0.4600000000000002,684,960
194,131,/Users/vedantdwivedi/Desktop/IRIS/emg_data/closed_vocab/silent/5-19_silent/131_emg.npy,/Users/vedantdwivedi/Desktop/IRIS/silent_speech_alignments/text_alignments/5-9/5-9_131_audio.TextGrid,2,HAS,1.66,1.83,0.17000000000000015,996,1098
195,131,/Users/vedantdwivedi/Desktop/IRIS/emg_data/closed_vocab/silent/5-19_silent/131_emg.npy,/Users/vedantdwivedi/Desktop/IRIS/silent_speech_alignments/text_alignments/5-9/5-9_131_audio.TextGrid,3,A,1.83,1.91,0.07999999999999985,1098,1146
196,131,/Users/vedantdwivedi/Desktop/IRIS/emg_data/closed_vocab/silent/5-19_silent/131_emg.npy,/Users/vedantdwivedi/Desktop/IRIS/silent_speech_alignments/text_alignments/5-9/5-9_131_audio.TextGrid,4,TREBLE,1.91,2.28,0.3699999999999999,1146,1368
197,131,/Users/vedantdwivedi/Desktop/IRIS/emg_data/closed_vocab/silent/5-19_silent/131_emg.npy,/Users/vedantdwivedi/Desktop/IRIS/silent_speech_alignments/text_alignments/5-9/5-9_131_audio.TextGrid,5,MOUTH,2.28,2.74,0.4600000000000004,1368,1644
198,131,/Users/vedantdwivedi/Desktop/IRIS/emg_data/closed_vocab/silent/5-19_silent/131_emg.npy,/Users/vedantdwivedi/Desktop/IRIS/silent_speech_alignments/text_alignments/5-9/5-9_131_audio.TextGrid,6,AND,3.29,3.41,0.1200000000000001,1974,2046
199,131,/Users/vedantdwivedi/Desktop/IRIS/emg_data/closed_vocab/silent/5-19_silent/131_emg.npy,/Users/vedantdwivedi/Desktop/IRIS/silent_speech_alignments/text_alignments/5-9/5-9_131_audio.TextGrid,7,AT,3.41,3.52,0.10999999999999988,2046,2112
200,131,/Users/vedantdwivedi/Desktop/IRIS/emg_data/closed_vocab/silent/5-19_silent/131_emg.npy,/Users/vedantdwivedi/Desktop/IRIS/silent_speech_alignments/text_alignments/5-9/5-9_131_audio.TextGrid,8,THIS,3.52,3.7,0.18000000000000016,2112,2220
201,131,/Users/vedantdwivedi/Desktop/IRIS/emg_data/closed_vocab/silent/5-19_silent/131_emg.npy,/Users/vedantdwivedi/Desktop/IRIS/silent_speech_alignments/text_alignments/5-9/5-9_131_audio.TextGrid,9,POINT,3.7,4.06,0.35999999999999943,2220,2436
202,131,/Users/vedantdwivedi/Desktop/IRIS/emg_data/closed_vocab/silent/5-19_silent/131_emg.npy,/Users/vedantdwivedi/Desktop/IRIS/silent_speech_alignments/text_alignments/5-9/5-9_131_audio.TextGrid,10,BOATS,4.32,4.8,0.47999999999999954,2592,2880
203,131,/Users/vedantdwivedi/Desktop/IRIS/emg_data/closed_vocab/silent/5-19_silent/131_emg.npy,/Users/vedantdwivedi/Desktop/IRIS/silent_speech_alignments/text_alignments/5-9/5-9_131_audio.TextGrid,11,ARE,4.83,4.95,0.1200000000000001,2898,2928
204,132,/Users/vedantdwivedi/Desktop/IRIS/emg_data/closed_vocab/silent/5-19_silent/132_emg.npy,/Users/vedantdwivedi/Desktop/IRIS/silent_speech_alignments/text_alignments/5-9/5-9_132_audio.TextGrid,0,ON,1.22,1.33,0.1100000000000001,732,798
205,132,/Users/vedantdwivedi/Desktop/IRIS/emg_data/closed_vocab/silent/5-19_silent/132_emg.npy,/Users/vedantdwivedi/Desktop/IRIS/silent_speech_alignments/text_alignments/5-9/5-9_132_audio.TextGrid,1,THE,1.33,1.43,0.09999999999999987,798,858
206,132,/Users/vedantdwivedi/Desktop/IRIS/emg_data/closed_vocab/silent/5-19_silent/132_emg.npy,/Users/vedantdwivedi/Desktop/IRIS/silent_speech_alignments/text_alignments/5-9/5-9_132_audio.TextGrid,2,SHEPPERTON,1.43,1.79,0.3600000000000001,858,1074
207,132,/Users/vedantdwivedi/Desktop/IRIS/emg_data/closed_vocab/silent/5-19_silent/132_emg.npy,/Users/vedantdwivedi/Desktop/IRIS/silent_speech_alignments/text_alignments/5-9/5-9_132_audio.TextGrid,3,SIDE,1.79,2.22,0.43000000000000016,1074,1332
208,132,/Users/vedantdwivedi/Desktop/IRIS/emg_data/closed_vocab/silent/5-19_silent/132_emg.npy,/Users/vedantdwivedi/Desktop/IRIS/silent_speech_alignments/text_alignments/5-9/5-9_132_audio.TextGrid,4,WAS,2.42,2.61,0.18999999999999995,1452,1566
209,132,/Users/vedantdwivedi/Desktop/IRIS/emg_data/closed_vocab/silent/5-19_silent/132_emg.npy,/Users/vedantdwivedi/Desktop/IRIS/silent_speech_alignments/text_alignments/5-9/5-9_132_audio.TextGrid,5,AN,2.61,2.75,0.14000000000000012,1566,1650
210,132,/Users/vedantdwivedi/Desktop/IRIS/emg_data/closed_vocab/silent/5-19_silent/132_emg.npy,/Users/vedantdwivedi/Desktop/IRIS/silent_speech_alignments/text_alignments/5-9/5-9_132_audio.TextGrid,6,INN,2.78,3.06,0.28000000000000025,1668,1836
211,132,/Users/vedantdwivedi/Desktop/IRIS/emg_data/closed_vocab/silent/5-19_silent/132_emg.npy,/Users/vedantdwivedi/Desktop/IRIS/silent_speech_alignments/text_alignments/5-9/5-9_132_audio.TextGrid,7,WITH,3.06,3.18,0.1200000000000001,1836,1908
212,132,/Users/vedantdwivedi/Desktop/IRIS/emg_data/closed_vocab/silent/5-19_silent/132_emg.npy,/Users/vedantdwivedi/Desktop/IRIS/silent_speech_alignments/text_alignments/5-9/5-9_132_audio.TextGrid,8,A,3.18,3.27,0.08999999999999986,1908,1962
213,132,/Users/vedantdwivedi/Desktop/IRIS/emg_data/closed_vocab/silent/5-19_silent/132_emg.npy,/Users/vedantdwivedi/Desktop/IRIS/silent_speech_alignments/text_alignments/5-9/5-9_132_audio.TextGrid,9,LAWN,3.27,3.75,0.48,1962,2250
214,132,/Users/vedantdwivedi/Desktop/IRIS/emg_data/closed_vocab/silent/5-19_silent/132_emg.npy,/Users/vedantdwivedi/Desktop/IRIS/silent_speech_alignments/text_alignments/5-9/5-9_132_audio.TextGrid,10,AND,4.19,4.37,0.17999999999999972,2514,2622
215,132,/Users/vedantdwivedi/Desktop/IRIS/emg_data/closed_vocab/silent/5-19_silent/132_emg.npy,/Users/vedantdwivedi/Desktop/IRIS/silent_speech_alignments/text_alignments/5-9/5-9_132_audio.TextGrid,11,BEYOND,4.37,4.77,0.39999999999999947,2622,2862
216,132,/Users/vedantdwivedi/Desktop/IRIS/emg_data/closed_vocab/silent/5-19_silent/132_emg.npy,/Users/vedantdwivedi/Desktop/IRIS/silent_speech_alignments/text_alignments/5-9/5-9_132_audio.TextGrid,12,THAT,4.77,5.07,0.3000000000000007,2862,3042
217,132,/Users/vedantdwivedi/Desktop/IRIS/emg_data/closed_vocab/silent/5-19_silent/132_emg.npy,/Users/vedantdwivedi/Desktop/IRIS/silent_speech_alignments/text_alignments/5-9/5-9_132_audio.TextGrid,13,THE,5.15,5.3,0.14999999999999947,3090,3180
218,132,/Users/vedantdwivedi/Desktop/IRIS/emg_data/closed_vocab/silent/5-19_silent/132_emg.npy,/Users/vedantdwivedi/Desktop/IRIS/silent_speech_alignments/text_alignments/5-9/5-9_132_audio.TextGrid,14,TOWER,5.3,5.82,0.5200000000000005,3180,3492
219,132,/Users/vedantdwivedi/Desktop/IRIS/emg_data/closed_vocab/silent/5-19_silent/132_emg.npy,/Users/vedantdwivedi/Desktop/IRIS/silent_speech_alignments/text_alignments/5-9/5-9_132_audio.TextGrid,15,OF,5.82,5.96,0.13999999999999968,3492,3528
220,133,/Users/vedantdwivedi/Desktop/IRIS/emg_data/closed_vocab/silent/5-19_silent/133_emg.npy,/Users/vedantdwivedi/Desktop/IRIS/silent_speech_alignments/text_alignments/5-9/5-9_133_audio.TextGrid,0,HERE,1.25,1.47,0.21999999999999997,750,882
221,133,/Users/vedantdwivedi/Desktop/IRIS/emg_data/closed_vocab/silent/5-19_silent/133_emg.npy,/Users/vedantdwivedi/Desktop/IRIS/silent_speech_alignments/text_alignments/5-9/5-9_133_audio.TextGrid,1,WE,1.47,1.58,0.1100000000000001,882,948
222,133,/Users/vedantdwivedi/Desktop/IRIS/emg_data/closed_vocab/silent/5-19_silent/133_emg.npy,/Users/vedantdwivedi/Desktop/IRIS/silent_speech_alignments/text_alignments/5-9/5-9_133_audio.TextGrid,2,FOUND,1.58,1.92,0.33999999999999986,948,1152
223,133,/Users/vedantdwivedi/Desktop/IRIS/emg_data/closed_vocab/silent/5-19_silent/133_emg.npy,/Users/vedantdwivedi/Desktop/IRIS/silent_speech_alignments/text_alignments/5-9/5-9_133_audio.TextGrid,3,AN,1.92,2.05,0.1299999999999999,1152,1230
224,133,/Users/vedantdwivedi/Desktop/IRIS/emg_data/closed_vocab/silent/5-19_silent/133_emg.npy,/Users/vedantdwivedi/Desktop/IRIS/silent_speech_alignments/text_alignments/5-9/5-9_133_audio.TextGrid,4,EXCITED,2.05,2.51,0.45999999999999996,1230,1506
225,133,/Users/vedantdwivedi/Desktop/IRIS/emg_data/closed_vocab/silent/5-19_silent/133_emg.npy,/Users/vedantdwivedi/Desktop/IRIS/silent_speech_alignments/text_alignments/5-9/5-9_133_audio.TextGrid,5,AND,2.51,2.7,0.1900000000000004,1506,1620
226,133,/Users/vedantdwivedi/Desktop/IRIS/emg_data/closed_vocab/silent/5-19_silent/133_emg.npy,/Users/vedantdwivedi/Desktop/IRIS/silent_speech_alignments/text_alignments/5-9/5-9_133_audio.TextGrid,6,NOISY,2.7,3.06,0.3599999999999999,1620,1836
227,133,/Users/vedantdwivedi/Desktop/IRIS/emg_data/closed_vocab/silent/5-19_silent/133_emg.npy,/Users/vedantdwivedi/Desktop/IRIS/silent_speech_alignments/text_alignments/5-9/5-9_133_audio.TextGrid,7,CROWD,3.06,3.49,0.43000000000000016,1836,2094
228,133,/Users/vedantdwivedi/Desktop/IRIS/emg_data/closed_vocab/silent/5-19_silent/133_emg.npy,/Users/vedantdwivedi/Desktop/IRIS/silent_speech_alignments/text_alignments/5-9/5-9_133_audio.TextGrid,8,OF,3.49,3.62,0.1299999999999999,2094,2172
229,133,/Users/vedantdwivedi/Desktop/IRIS/emg_data/closed_vocab/silent/5-19_silent/133_emg.npy,/Users/vedantdwivedi/Desktop/IRIS/silent_speech_alignments/text_alignments/5-9/5-9_133_audio.TextGrid,9,FUGITIVES,3.62,4.36,0.7400000000000002,2172,2616
230,137,/Users/vedantdwivedi/Desktop/IRIS/emg_data/closed_vocab/silent/5-19_silent/137_emg.npy,/Users/vedantdwivedi/Desktop/IRIS/silent_speech_alignments/text_alignments/5-9/5-9_137_audio.TextGrid,0,PEOPLE,1.03,1.36,0.33000000000000007,618,816
231,137,/Users/vedantdwivedi/Desktop/IRIS/emg_data/closed_vocab/silent/5-19_silent/137_emg.npy,/Users/vedantdwivedi/Desktop/IRIS/silent_speech_alignments/text_alignments/5-9/5-9_137_audio.TextGrid,1,CAME,1.36,1.68,0.31999999999999984,816,1008
232,137,/Users/vedantdwivedi/Desktop/IRIS/emg_data/closed_vocab/silent/5-19_silent/137_emg.npy,/Users/vedantdwivedi/Desktop/IRIS/silent_speech_alignments/text_alignments/5-9/5-9_137_audio.TextGrid,2,PANTING,1.68,2.1,0.42000000000000015,1008,1260
233,137,/Users/vedantdwivedi/Desktop/IRIS/emg_data/closed_vocab/silent/5-19_silent/137_emg.npy,/Users/vedantdwivedi/Desktop/IRIS/silent_speech_alignments/text_alignments/5-9/5-9_137_audio.TextGrid,3,ALONG,2.1,2.51,0.4099999999999997,1260,1506
234,137,/Users/vedantdwivedi/Desktop/IRIS/emg_data/closed_vocab/silent/5-19_silent/137_emg.npy,/Users/vedantdwivedi/Desktop/IRIS/silent_speech_alignments/text_alignments/5-9/5-9_137_audio.TextGrid,4,UNDER,2.61,2.86,0.25,1566,1716
235,137,/Users/vedantdwivedi/Desktop/IRIS/emg_data/closed_vocab/silent/5-19_silent/137_emg.npy,/Users/vedantdwivedi/Desktop/IRIS/silent_speech_alignments/text_alignments/5-9/5-9_137_audio.TextGrid,5,HEAVY,2.86,3.13,0.27,1716,1878
236,137,/Users/vedantdwivedi/Desktop/IRIS/emg_data/closed_vocab/silent/5-19_silent/137_emg.npy,/Users/vedantdwivedi/Desktop/IRIS/silent_speech_alignments/text_alignments/5-9/5-9_137_audio.TextGrid,6,BURDENS,3.13,3.8,0.6699999999999999,1878,2280
237,137,/Users/vedantdwivedi/Desktop/IRIS/emg_data/closed_vocab/silent/5-19_silent/137_emg.npy,/Users/vedantdwivedi/Desktop/IRIS/silent_speech_alignments/text_alignments/5-9/5-9_137_audio.TextGrid,7,ONE,4.46,4.67,0.20999999999999996,2676,2802
238,137,/Users/vedantdwivedi/Desktop/IRIS/emg_data/closed_vocab/silent/5-19_silent/137_emg.npy,/Users/vedantdwivedi/Desktop/IRIS/silent_speech_alignments/text_alignments/5-9/5-9_137_audio.TextGrid,8,HUSBAND,4.67,5.17,0.5,2802,3102
239,137,/Users/vedantdwivedi/Desktop/IRIS/emg_data/closed_vocab/silent/5-19_silent/137_emg.npy,/Users/vedantdwivedi/Desktop/IRIS/silent_speech_alignments/text_alignments/5-9/5-9_137_audio.TextGrid,9,AND,5.17,5.34,0.16999999999999993,3102,3204
240,137,/Users/vedantdwivedi/Desktop/IRIS/emg_data/closed_vocab/silent/5-19_silent/137_emg.npy,/Users/vedantdwivedi/Desktop/IRIS/silent_speech_alignments/text_alignments/5-9/5-9_137_audio.TextGrid,10,WIFE,5.34,5.8,0.45999999999999996,3204,3480
241,137,/Users/vedantdwivedi/Desktop/IRIS/emg_data/closed_vocab/silent/5-19_silent/137_emg.npy,/Users/vedantdwivedi/Desktop/IRIS/silent_speech_alignments/text_alignments/5-9/5-9_137_audio.TextGrid,11,WERE,6.06,6.22,0.16000000000000014,3636,3732
242,137,/Users/vedantdwivedi/Desktop/IRIS/emg_data/closed_vocab/silent/5-19_silent/137_emg.npy,/Users/vedantdwivedi/Desktop/IRIS/silent_speech_alignments/text_alignments/5-9/5-9_137_audio.TextGrid,12,EVEN,6.22,6.5,0.28000000000000025,3732,3900
243,137,/Users/vedantdwivedi/Desktop/IRIS/emg_data/closed_vocab/silent/5-19_silent/137_emg.npy,/Users/vedantdwivedi/Desktop/IRIS/silent_speech_alignments/text_alignments/5-9/5-9_137_audio.TextGrid,13,CARRYING,6.5,6.97,0.46999999999999975,3900,3954
244,138,/Users/vedantdwivedi/Desktop/IRIS/emg_data/closed_vocab/silent/5-19_silent/138_emg.npy,/Users/vedantdwivedi/Desktop/IRIS/silent_speech_alignments/text_alignments/5-9/5-9_138_audio.TextGrid,0,ONE,0.71,0.97,0.26,426,500
245,13,/Users/vedantdwivedi/Desktop/IRIS/emg_data/closed_vocab/silent/5-19_silent/13_emg.npy,/Users/vedantdwivedi/Desktop/IRIS/silent_speech_alignments/text_alignments/5-9/5-9_13_audio.TextGrid,0,BUT,0.86,0.96,0.09999999999999998,516,576
246,13,/Users/vedantdwivedi/Desktop/IRIS/emg_data/closed_vocab/silent/5-19_silent/13_emg.npy,/Users/vedantdwivedi/Desktop/IRIS/silent_speech_alignments/text_alignments/5-9/5-9_13_audio.TextGrid,1,THE,0.96,1.05,0.09000000000000008,576,630
247,13,/Users/vedantdwivedi/Desktop/IRIS/emg_data/closed_vocab/silent/5-19_silent/13_emg.npy,/Users/vedantdwivedi/Desktop/IRIS/silent_speech_alignments/text_alignments/5-9/5-9_13_audio.TextGrid,2,ARTILLERYMAN,1.05,1.76,0.71,630,1056
248,13,/Users/vedantdwivedi/Desktop/IRIS/emg_data/closed_vocab/silent/5-19_silent/13_emg.npy,/Users/vedantdwivedi/Desktop/IRIS/silent_speech_alignments/text_alignments/5-9/5-9_13_audio.TextGrid,3,DISSUADED,1.79,2.25,0.45999999999999996,1074,1350
249,13,/Users/vedantdwivedi/Desktop/IRIS/emg_data/closed_vocab/silent/5-19_silent/13_emg.npy,/Users/vedantdwivedi/Desktop/IRIS/silent_speech_alignments/text_alignments/5-9/5-9_13_audio.TextGrid,4,ME,2.25,2.53,0.2799999999999998,1350,1518
250,13,/Users/vedantdwivedi/Desktop/IRIS/emg_data/closed_vocab/silent/5-19_silent/13_emg.npy,/Users/vedantdwivedi/Desktop/IRIS/silent_speech_alignments/text_alignments/5-9/5-9_13_audio.TextGrid,5,IT'S,3.64,3.93,0.29000000000000004,2184,2358
251,13,/Users/vedantdwivedi/Desktop/IRIS/emg_data/closed_vocab/silent/5-19_silent/13_emg.npy,/Users/vedantdwivedi/Desktop/IRIS/silent_speech_alignments/text_alignments/5-9/5-9_13_audio.TextGrid,6,NO,3.93,4.11,0.18000000000000016,2358,2466
252,13,/Users/vedantdwivedi/Desktop/IRIS/emg_data/closed_vocab/silent/5-19_silent/13_emg.npy,/Users/vedantdwivedi/Desktop/IRIS/silent_speech_alignments/text_alignments/5-9/5-9_13_audio.TextGrid,7,KINDNESS,4.11,4.85,0.7399999999999993,2466,2856
253,142,/Users/vedantdwivedi/Desktop/IRIS/emg_data/closed_vocab/silent/5-19_silent/142_emg.npy,/Users/vedantdwivedi/Desktop/IRIS/silent_speech_alignments/text_alignments/5-9/5-9_142_audio.TextGrid,0,ACROSS,1.36,1.72,0.3599999999999999,816,1032
254,142,/Users/vedantdwivedi/Desktop/IRIS/emg_data/closed_vocab/silent/5-19_silent/142_emg.npy,/Users/vedantdwivedi/Desktop/IRIS/silent_speech_alignments/text_alignments/5-9/5-9_142_audio.TextGrid,1,THE,1.72,1.82,0.10000000000000009,1032,1092
255,142,/Users/vedantdwivedi/Desktop/IRIS/emg_data/closed_vocab/silent/5-19_silent/142_emg.npy,/Users/vedantdwivedi/Desktop/IRIS/silent_speech_alignments/text_alignments/5-9/5-9_142_audio.TextGrid,2,THAMES,1.82,2.48,0.6599999999999999,1092,1488
256,142,/Users/vedantdwivedi/Desktop/IRIS/emg_data/closed_vocab/silent/5-19_silent/142_emg.npy,/Users/vedantdwivedi/Desktop/IRIS/silent_speech_alignments/text_alignments/5-9/5-9_142_audio.TextGrid,3,EXCEPT,2.94,3.55,0.6099999999999999,1764,2130
257,142,/Users/vedantdwivedi/Desktop/IRIS/emg_data/closed_vocab/silent/5-19_silent/142_emg.npy,/Users/vedantdwivedi/Desktop/IRIS/silent_speech_alignments/text_alignments/5-9/5-9_142_audio.TextGrid,4,JUST,3.55,3.87,0.3200000000000003,2130,2322
258,142,/Users/vedantdwivedi/Desktop/IRIS/emg_data/closed_vocab/silent/5-19_silent/142_emg.npy,/Users/vedantdwivedi/Desktop/IRIS/silent_speech_alignments/text_alignments/5-9/5-9_142_audio.TextGrid,5,WHERE,3.87,3.98,0.10999999999999988,2322,2388
259,142,/Users/vedantdwivedi/Desktop/IRIS/emg_data/closed_vocab/silent/5-19_silent/142_emg.npy,/Users/vedantdwivedi/Desktop/IRIS/silent_speech_alignments/text_alignments/5-9/5-9_142_audio.TextGrid,6,THE,3.98,4.06,0.07999999999999963,2388,2436
260,142,/Users/vedantdwivedi/Desktop/IRIS/emg_data/closed_vocab/silent/5-19_silent/142_emg.npy,/Users/vedantdwivedi/Desktop/IRIS/silent_speech_alignments/text_alignments/5-9/5-9_142_audio.TextGrid,7,BOATS,4.06,4.37,0.3100000000000005,2436,2622
261,142,/Users/vedantdwivedi/Desktop/IRIS/emg_data/closed_vocab/silent/5-19_silent/142_emg.npy,/Users/vedantdwivedi/Desktop/IRIS/silent_speech_alignments/text_alignments/5-9/5-9_142_audio.TextGrid,8,LANDED,4.37,4.82,0.4500000000000002,2622,2892
262,142,/Users/vedantdwivedi/Desktop/IRIS/emg_data/closed_vocab/silent/5-19_silent/142_emg.npy,/Users/vedantdwivedi/Desktop/IRIS/silent_speech_alignments/text_alignments/5-9/5-9_142_audio.TextGrid,9,EVERYTHING,5.28,5.63,0.34999999999999964,3168,3378
263,142,/Users/vedantdwivedi/Desktop/IRIS/emg_data/closed_vocab/silent/5-19_silent/142_emg.npy,/Users/vedantdwivedi/Desktop/IRIS/silent_speech_alignments/text_alignments/5-9/5-9_142_audio.TextGrid,10,WAS,5.63,5.79,0.16000000000000014,3378,3474
264,142,/Users/vedantdwivedi/Desktop/IRIS/emg_data/closed_vocab/silent/5-19_silent/142_emg.npy,/Users/vedantdwivedi/Desktop/IRIS/silent_speech_alignments/text_alignments/5-9/5-9_142_audio.TextGrid,11,QUIET,5.79,6.27,0.47999999999999954,3474,3570
265,143,/Users/vedantdwivedi/Desktop/IRIS/emg_data/closed_vocab/silent/5-19_silent/143_emg.npy,/Users/vedantdwivedi/Desktop/IRIS/silent_speech_alignments/text_alignments/5-9/5-9_143_audio.TextGrid,0,THE,0.81,0.93,0.12,486,558
266,143,/Users/vedantdwivedi/Desktop/IRIS/emg_data/closed_vocab/silent/5-19_silent/143_emg.npy,/Users/vedantdwivedi/Desktop/IRIS/silent_speech_alignments/text_alignments/5-9/5-9_143_audio.TextGrid,1,PEOPLE,0.93,1.19,0.2599999999999999,558,714
267,143,/Users/vedantdwivedi/Desktop/IRIS/emg_data/closed_vocab/silent/5-19_silent/143_emg.npy,/Users/vedantdwivedi/Desktop/IRIS/silent_speech_alignments/text_alignments/5-9/5-9_143_audio.TextGrid,2,WHO,1.19,1.27,0.08000000000000007,714,762
268,143,/Users/vedantdwivedi/Desktop/IRIS/emg_data/closed_vocab/silent/5-19_silent/143_emg.npy,/Users/vedantdwivedi/Desktop/IRIS/silent_speech_alignments/text_alignments/5-9/5-9_143_audio.TextGrid,3,LANDED,1.27,1.66,0.3899999999999999,762,996
269,143,/Users/vedantdwivedi/Desktop/IRIS/emg_data/closed_vocab/silent/5-19_silent/143_emg.npy,/Users/vedantdwivedi/Desktop/IRIS/silent_speech_alignments/text_alignments/5-9/5-9_143_audio.TextGrid,4,THERE,1.66,1.97,0.31000000000000005,996,1182
270,143,/Users/vedantdwivedi/Desktop/IRIS/emg_data/closed_vocab/silent/5-19_silent/143_emg.npy,/Users/vedantdwivedi/Desktop/IRIS/silent_speech_alignments/text_alignments/5-9/5-9_143_audio.TextGrid,5,FROM,2.0,2.14,0.14000000000000012,1200,1284
271,143,/Users/vedantdwivedi/Desktop/IRIS/emg_data/closed_vocab/silent/5-19_silent/143_emg.npy,/Users/vedantdwivedi/Desktop/IRIS/silent_speech_alignments/text_alignments/5-9/5-9_143_audio.TextGrid,6,THE,2.14,2.22,0.08000000000000007,1284,1332
272,143,/Users/vedantdwivedi/Desktop/IRIS/emg_data/closed_vocab/silent/5-19_silent/143_emg.npy,/Users/vedantdwivedi/Desktop/IRIS/silent_speech_alignments/text_alignments/5-9/5-9_143_audio.TextGrid,7,BOATS,2.22,2.81,0.5899999999999999,1332,1686
273,143,/Users/vedantdwivedi/Desktop/IRIS/emg_data/closed_vocab/silent/5-19_silent/143_emg.npy,/Users/vedantdwivedi/Desktop/IRIS/silent_speech_alignments/text_alignments/5-9/5-9_143_audio.TextGrid,8,WENT,3.03,3.26,0.22999999999999998,1818,1956
274,143,/Users/vedantdwivedi/Desktop/IRIS/emg_data/closed_vocab/silent/5-19_silent/143_emg.npy,/Users/vedantdwivedi/Desktop/IRIS/silent_speech_alignments/text_alignments/5-9/5-9_143_audio.TextGrid,9,TRAMPING,3.26,3.69,0.43000000000000016,1956,2214
275,143,/Users/vedantdwivedi/Desktop/IRIS/emg_data/closed_vocab/silent/5-19_silent/143_emg.npy,/Users/vedantdwivedi/Desktop/IRIS/silent_speech_alignments/text_alignments/5-9/5-9_143_audio.TextGrid,10,OFF,3.69,3.95,0.26000000000000023,2214,2370
276,143,/Users/vedantdwivedi/Desktop/IRIS/emg_data/closed_vocab/silent/5-19_silent/143_emg.npy,/Users/vedantdwivedi/Desktop/IRIS/silent_speech_alignments/text_alignments/5-9/5-9_143_audio.TextGrid,11,DOWN,3.98,4.24,0.26000000000000023,2388,2544
277,143,/Users/vedantdwivedi/Desktop/IRIS/emg_data/closed_vocab/silent/5-19_silent/143_emg.npy,/Users/vedantdwivedi/Desktop/IRIS/silent_speech_alignments/text_alignments/5-9/5-9_143_audio.TextGrid,12,THE,4.24,4.3,0.05999999999999961,2544,2580
278,143,/Users/vedantdwivedi/Desktop/IRIS/emg_data/closed_vocab/silent/5-19_silent/143_emg.npy,/Users/vedantdwivedi/Desktop/IRIS/silent_speech_alignments/text_alignments/5-9/5-9_143_audio.TextGrid,13,LANE,4.3,4.79,0.4900000000000002,2580,2874
279,144,/Users/vedantdwivedi/Desktop/IRIS/emg_data/closed_vocab/silent/5-19_silent/144_emg.npy,/Users/vedantdwivedi/Desktop/IRIS/silent_speech_alignments/text_alignments/5-9/5-9_144_audio.TextGrid,0,THE,0.79,0.9,0.10999999999999999,474,540
280,144,/Users/vedantdwivedi/Desktop/IRIS/emg_data/closed_vocab/silent/5-19_silent/144_emg.npy,/Users/vedantdwivedi/Desktop/IRIS/silent_speech_alignments/text_alignments/5-9/5-9_144_audio.TextGrid,1,BIG,0.9,1.21,0.30999999999999994,540,726
281,144,/Users/vedantdwivedi/Desktop/IRIS/emg_data/closed_vocab/silent/5-19_silent/144_emg.npy,/Users/vedantdwivedi/Desktop/IRIS/silent_speech_alignments/text_alignments/5-9/5-9_144_audio.TextGrid,2,FERRYBOAT,1.21,1.77,0.56,726,1062
282,144,/Users/vedantdwivedi/Desktop/IRIS/emg_data/closed_vocab/silent/5-19_silent/144_emg.npy,/Users/vedantdwivedi/Desktop/IRIS/silent_speech_alignments/text_alignments/5-9/5-9_144_audio.TextGrid,3,HAD,1.99,2.21,0.21999999999999997,1194,1326
283,144,/Users/vedantdwivedi/Desktop/IRIS/emg_data/closed_vocab/silent/5-19_silent/144_emg.npy,/Users/vedantdwivedi/Desktop/IRIS/silent_speech_alignments/text_alignments/5-9/5-9_144_audio.TextGrid,4,JUST,2.21,2.52,0.31000000000000005,1326,1512
284,144,/Users/vedantdwivedi/Desktop/IRIS/emg_data/closed_vocab/silent/5-19_silent/144_emg.npy,/Users/vedantdwivedi/Desktop/IRIS/silent_speech_alignments/text_alignments/5-9/5-9_144_audio.TextGrid,5,MADE,2.52,2.72,0.20000000000000018,1512,1632
285,144,/Users/vedantdwivedi/Desktop/IRIS/emg_data/closed_vocab/silent/5-19_silent/144_emg.npy,/Users/vedantdwivedi/Desktop/IRIS/silent_speech_alignments/text_alignments/5-9/5-9_144_audio.TextGrid,6,A,2.72,2.79,0.06999999999999984,1632,1674
286,144,/Users/vedantdwivedi/Desktop/IRIS/emg_data/closed_vocab/silent/5-19_silent/144_emg.npy,/Users/vedantdwivedi/Desktop/IRIS/silent_speech_alignments/text_alignments/5-9/5-9_144_audio.TextGrid,7,JOURNEY,2.79,3.22,0.43000000000000016,1674,1932
287,147,/Users/vedantdwivedi/Desktop/IRIS/emg_data/closed_vocab/silent/5-19_silent/147_emg.npy,/Users/vedantdwivedi/Desktop/IRIS/silent_speech_alignments/text_alignments/5-9/5-9_147_audio.TextGrid,0,THREE,0.78,1.06,0.28,468,636
288,147,/Users/vedantdwivedi/Desktop/IRIS/emg_data/closed_vocab/silent/5-19_silent/147_emg.npy,/Users/vedantdwivedi/Desktop/IRIS/silent_speech_alignments/text_alignments/5-9/5-9_147_audio.TextGrid,1,OR,1.06,1.17,0.10999999999999988,636,702
289,147,/Users/vedantdwivedi/Desktop/IRIS/emg_data/closed_vocab/silent/5-19_silent/147_emg.npy,/Users/vedantdwivedi/Desktop/IRIS/silent_speech_alignments/text_alignments/5-9/5-9_147_audio.TextGrid,2,FOUR,1.17,1.5,0.33000000000000007,702,900
290,147,/Users/vedantdwivedi/Desktop/IRIS/emg_data/closed_vocab/silent/5-19_silent/147_emg.npy,/Users/vedantdwivedi/Desktop/IRIS/silent_speech_alignments/text_alignments/5-9/5-9_147_audio.TextGrid,3,SOLDIERS,1.5,2.1,0.6000000000000001,900,1260
291,147,/Users/vedantdwivedi/Desktop/IRIS/emg_data/closed_vocab/silent/5-19_silent/147_emg.npy,/Users/vedantdwivedi/Desktop/IRIS/silent_speech_alignments/text_alignments/5-9/5-9_147_audio.TextGrid,4,STOOD,2.13,2.64,0.5100000000000002,1278,1584
292,147,/Users/vedantdwivedi/Desktop/IRIS/emg_data/closed_vocab/silent/5-19_silent/147_emg.npy,/Users/vedantdwivedi/Desktop/IRIS/silent_speech_alignments/text_alignments/5-9/5-9_147_audio.TextGrid,5,ON,2.64,2.74,0.10000000000000009,1584,1644
293,147,/Users/vedantdwivedi/Desktop/IRIS/emg_data/closed_vocab/silent/5-19_silent/147_emg.npy,/Users/vedantdwivedi/Desktop/IRIS/silent_speech_alignments/text_alignments/5-9/5-9_147_audio.TextGrid,6,THE,2.74,2.84,0.09999999999999964,1644,1704
294,147,/Users/vedantdwivedi/Desktop/IRIS/emg_data/closed_vocab/silent/5-19_silent/147_emg.npy,/Users/vedantdwivedi/Desktop/IRIS/silent_speech_alignments/text_alignments/5-9/5-9_147_audio.TextGrid,7,LAWN,2.84,3.19,0.3500000000000001,1704,1914
295,147,/Users/vedantdwivedi/Desktop/IRIS/emg_data/closed_vocab/silent/5-19_silent/147_emg.npy,/Users/vedantdwivedi/Desktop/IRIS/silent_speech_alignments/text_alignments/5-9/5-9_147_audio.TextGrid,8,OF,3.19,3.35,0.16000000000000014,1914,2010
296,147,/Users/vedantdwivedi/Desktop/IRIS/emg_data/closed_vocab/silent/5-19_silent/147_emg.npy,/Users/vedantdwivedi/Desktop/IRIS/silent_speech_alignments/text_alignments/5-9/5-9_147_audio.TextGrid,9,THE,3.35,3.5,0.1499999999999999,2010,2100
297,147,/Users/vedantdwivedi/Desktop/IRIS/emg_data/closed_vocab/silent/5-19_silent/147_emg.npy,/Users/vedantdwivedi/Desktop/IRIS/silent_speech_alignments/text_alignments/5-9/5-9_147_audio.TextGrid,10,INN,3.5,3.86,0.3599999999999999,2100,2316
298,147,/Users/vedantdwivedi/Desktop/IRIS/emg_data/closed_vocab/silent/5-19_silent/147_emg.npy,/Users/vedantdwivedi/Desktop/IRIS/silent_speech_alignments/text_alignments/5-9/5-9_147_audio.TextGrid,11,STARING,4.15,4.72,0.5699999999999994,2490,2832
299,147,/Users/vedantdwivedi/Desktop/IRIS/emg_data/closed_vocab/silent/5-19_silent/147_emg.npy,/Users/vedantdwivedi/Desktop/IRIS/silent_speech_alignments/text_alignments/5-9/5-9_147_audio.TextGrid,12,AND,4.72,4.86,0.14000000000000057,2832,2916
300,147,/Users/vedantdwivedi/Desktop/IRIS/emg_data/closed_vocab/silent/5-19_silent/147_emg.npy,/Users/vedantdwivedi/Desktop/IRIS/silent_speech_alignments/text_alignments/5-9/5-9_147_audio.TextGrid,13,JESTING,4.86,5.47,0.6099999999999994,2916,3282
301,148,/Users/vedantdwivedi/Desktop/IRIS/emg_data/closed_vocab/silent/5-19_silent/148_emg.npy,/Users/vedantdwivedi/Desktop/IRIS/silent_speech_alignments/text_alignments/5-9/5-9_148_audio.TextGrid,0,THE,0.76,0.91,0.15000000000000002,456,546
302,148,/Users/vedantdwivedi/Desktop/IRIS/emg_data/closed_vocab/silent/5-19_silent/148_emg.npy,/Users/vedantdwivedi/Desktop/IRIS/silent_speech_alignments/text_alignments/5-9/5-9_148_audio.TextGrid,1,INN,0.91,1.02,0.10999999999999999,546,612
303,148,/Users/vedantdwivedi/Desktop/IRIS/emg_data/closed_vocab/silent/5-19_silent/148_emg.npy,/Users/vedantdwivedi/Desktop/IRIS/silent_speech_alignments/text_alignments/5-9/5-9_148_audio.TextGrid,2,WAS,1.02,1.21,0.18999999999999995,612,726
304,148,/Users/vedantdwivedi/Desktop/IRIS/emg_data/closed_vocab/silent/5-19_silent/148_emg.npy,/Users/vedantdwivedi/Desktop/IRIS/silent_speech_alignments/text_alignments/5-9/5-9_148_audio.TextGrid,3,CLOSED,1.21,1.76,0.55,726,1056
305,148,/Users/vedantdwivedi/Desktop/IRIS/emg_data/closed_vocab/silent/5-19_silent/148_emg.npy,/Users/vedantdwivedi/Desktop/IRIS/silent_speech_alignments/text_alignments/5-9/5-9_148_audio.TextGrid,4,AS,2.15,2.3,0.1499999999999999,1290,1380
306,148,/Users/vedantdwivedi/Desktop/IRIS/emg_data/closed_vocab/silent/5-19_silent/148_emg.npy,/Users/vedantdwivedi/Desktop/IRIS/silent_speech_alignments/text_alignments/5-9/5-9_148_audio.TextGrid,5,IT,2.3,2.36,0.06000000000000005,1380,1416
307,148,/Users/vedantdwivedi/Desktop/IRIS/emg_data/closed_vocab/silent/5-19_silent/148_emg.npy,/Users/vedantdwivedi/Desktop/IRIS/silent_speech_alignments/text_alignments/5-9/5-9_148_audio.TextGrid,6,WAS,2.36,2.5,0.14000000000000012,1416,1500
308,148,/Users/vedantdwivedi/Desktop/IRIS/emg_data/closed_vocab/silent/5-19_silent/148_emg.npy,/Users/vedantdwivedi/Desktop/IRIS/silent_speech_alignments/text_alignments/5-9/5-9_148_audio.TextGrid,7,NOW,2.5,2.79,0.29000000000000004,1500,1674
309,148,/Users/vedantdwivedi/Desktop/IRIS/emg_data/closed_vocab/silent/5-19_silent/148_emg.npy,/Users/vedantdwivedi/Desktop/IRIS/silent_speech_alignments/text_alignments/5-9/5-9_148_audio.TextGrid,8,WITHIN,2.79,3.2,0.41000000000000014,1674,1920
310,148,/Users/vedantdwivedi/Desktop/IRIS/emg_data/closed_vocab/silent/5-19_silent/148_emg.npy,/Users/vedantdwivedi/Desktop/IRIS/silent_speech_alignments/text_alignments/5-9/5-9_148_audio.TextGrid,9,PROHIBITED,3.23,3.7,0.4700000000000002,1938,2220
311,148,/Users/vedantdwivedi/Desktop/IRIS/emg_data/closed_vocab/silent/5-19_silent/148_emg.npy,/Users/vedantdwivedi/Desktop/IRIS/silent_speech_alignments/text_alignments/5-9/5-9_148_audio.TextGrid,10,HOURS,3.7,4.38,0.6799999999999997,2220,2628
312,149,/Users/vedantdwivedi/Desktop/IRIS/emg_data/closed_vocab/silent/5-19_silent/149_emg.npy,/Users/vedantdwivedi/Desktop/IRIS/silent_speech_alignments/text_alignments/5-9/5-9_149_audio.TextGrid,0,WHAT'S,1.28,1.5,0.21999999999999997,768,900
313,149,/Users/vedantdwivedi/Desktop/IRIS/emg_data/closed_vocab/silent/5-19_silent/149_emg.npy,/Users/vedantdwivedi/Desktop/IRIS/silent_speech_alignments/text_alignments/5-9/5-9_149_audio.TextGrid,1,THAT,1.5,1.86,0.3600000000000001,900,1116
314,149,/Users/vedantdwivedi/Desktop/IRIS/emg_data/closed_vocab/silent/5-19_silent/149_emg.npy,/Users/vedantdwivedi/Desktop/IRIS/silent_speech_alignments/text_alignments/5-9/5-9_149_audio.TextGrid,2,CRIED,2.04,2.25,0.20999999999999996,1224,1350
315,149,/Users/vedantdwivedi/Desktop/IRIS/emg_data/closed_vocab/silent/5-19_silent/149_emg.npy,/Users/vedantdwivedi/Desktop/IRIS/silent_speech_alignments/text_alignments/5-9/5-9_149_audio.TextGrid,3,A,2.25,2.3,0.04999999999999982,1350,1380
316,149,/Users/vedantdwivedi/Desktop/IRIS/emg_data/closed_vocab/silent/5-19_silent/149_emg.npy,/Users/vedantdwivedi/Desktop/IRIS/silent_speech_alignments/text_alignments/5-9/5-9_149_audio.TextGrid,4,BOATMAN,2.3,2.94,0.6400000000000001,1380,1764
317,149,/Users/vedantdwivedi/Desktop/IRIS/emg_data/closed_vocab/silent/5-19_silent/149_emg.npy,/Users/vedantdwivedi/Desktop/IRIS/silent_speech_alignments/text_alignments/5-9/5-9_149_audio.TextGrid,5,AND,3.18,3.52,0.33999999999999986,1908,2112
318,149,/Users/vedantdwivedi/Desktop/IRIS/emg_data/closed_vocab/silent/5-19_silent/149_emg.npy,/Users/vedantdwivedi/Desktop/IRIS/silent_speech_alignments/text_alignments/5-9/5-9_149_audio.TextGrid,6,SHUT,3.6,3.86,0.2599999999999998,2160,2316
319,149,/Users/vedantdwivedi/Desktop/IRIS/emg_data/closed_vocab/silent/5-19_silent/149_emg.npy,/Users/vedantdwivedi/Desktop/IRIS/silent_speech_alignments/text_alignments/5-9/5-9_149_audio.TextGrid,7,UP,3.86,4.04,0.18000000000000016,2316,2424
320,149,/Users/vedantdwivedi/Desktop/IRIS/emg_data/closed_vocab/silent/5-19_silent/149_emg.npy,/Users/vedantdwivedi/Desktop/IRIS/silent_speech_alignments/text_alignments/5-9/5-9_149_audio.TextGrid,8,YOU,4.04,4.16,0.1200000000000001,2424,2496
321,149,/Users/vedantdwivedi/Desktop/IRIS/emg_data/closed_vocab/silent/5-19_silent/149_emg.npy,/Users/vedantdwivedi/Desktop/IRIS/silent_speech_alignments/text_alignments/5-9/5-9_149_audio.TextGrid,9,FOOL,4.16,4.58,0.41999999999999993,2496,2628
322,14,/Users/vedantdwivedi/Desktop/IRIS/emg_data/closed_vocab/silent/5-19_silent/14_emg.npy,/Users/vedantdwivedi/Desktop/IRIS/silent_speech_alignments/text_alignments/5-9/5-9_14_audio.TextGrid,0,THENCE,0.99,1.4,0.4099999999999999,594,840
323,14,/Users/vedantdwivedi/Desktop/IRIS/emg_data/closed_vocab/silent/5-19_silent/14_emg.npy,/Users/vedantdwivedi/Desktop/IRIS/silent_speech_alignments/text_alignments/5-9/5-9_14_audio.TextGrid,1,I,1.4,1.48,0.08000000000000007,840,888
324,14,/Users/vedantdwivedi/Desktop/IRIS/emg_data/closed_vocab/silent/5-19_silent/14_emg.npy,/Users/vedantdwivedi/Desktop/IRIS/silent_speech_alignments/text_alignments/5-9/5-9_14_audio.TextGrid,2,WOULD,1.48,1.63,0.1499999999999999,888,978
325,14,/Users/vedantdwivedi/Desktop/IRIS/emg_data/closed_vocab/silent/5-19_silent/14_emg.npy,/Users/vedantdwivedi/Desktop/IRIS/silent_speech_alignments/text_alignments/5-9/5-9_14_audio.TextGrid,3,MAKE,1.63,1.94,0.31000000000000005,978,1164
326,14,/Users/vedantdwivedi/Desktop/IRIS/emg_data/closed_vocab/silent/5-19_silent/14_emg.npy,/Users/vedantdwivedi/Desktop/IRIS/silent_speech_alignments/text_alignments/5-9/5-9_14_audio.TextGrid,4,A,2.03,2.14,0.11000000000000032,1218,1284
327,14,/Users/vedantdwivedi/Desktop/IRIS/emg_data/closed_vocab/silent/5-19_silent/14_emg.npy,/Users/vedantdwivedi/Desktop/IRIS/silent_speech_alignments/text_alignments/5-9/5-9_14_audio.TextGrid,5,BIG,2.14,2.35,0.20999999999999996,1284,1410
328,14,/Users/vedantdwivedi/Desktop/IRIS/emg_data/closed_vocab/silent/5-19_silent/14_emg.npy,/Users/vedantdwivedi/Desktop/IRIS/silent_speech_alignments/text_alignments/5-9/5-9_14_audio.TextGrid,6,DETOUR,2.35,3.01,0.6599999999999997,1410,1806
329,14,/Users/vedantdwivedi/Desktop/IRIS/emg_data/closed_vocab/silent/5-19_silent/14_emg.npy,/Users/vedantdwivedi/Desktop/IRIS/silent_speech_alignments/text_alignments/5-9/5-9_14_audio.TextGrid,7,BY,3.1,3.25,0.1499999999999999,1860,1950
330,14,/Users/vedantdwivedi/Desktop/IRIS/emg_data/closed_vocab/silent/5-19_silent/14_emg.npy,/Users/vedantdwivedi/Desktop/IRIS/silent_speech_alignments/text_alignments/5-9/5-9_14_audio.TextGrid,8,EPSOM,3.25,3.81,0.56,1950,2286
331,14,/Users/vedantdwivedi/Desktop/IRIS/emg_data/closed_vocab/silent/5-19_silent/14_emg.npy,/Users/vedantdwivedi/Desktop/IRIS/silent_speech_alignments/text_alignments/5-9/5-9_14_audio.TextGrid,9,TO,3.84,3.97,0.13000000000000034,2304,2382
332,14,/Users/vedantdwivedi/Desktop/IRIS/emg_data/closed_vocab/silent/5-19_silent/14_emg.npy,/Users/vedantdwivedi/Desktop/IRIS/silent_speech_alignments/text_alignments/5-9/5-9_14_audio.TextGrid,10,REACH,3.97,4.23,0.26000000000000023,2382,2538
333,14,/Users/vedantdwivedi/Desktop/IRIS/emg_data/closed_vocab/silent/5-19_silent/14_emg.npy,/Users/vedantdwivedi/Desktop/IRIS/silent_speech_alignments/text_alignments/5-9/5-9_14_audio.TextGrid,11,LEATHERHEAD,4.26,4.77,0.5099999999999998,2556,2862
334,153,/Users/vedantdwivedi/Desktop/IRIS/emg_data/closed_vocab/silent/5-19_silent/153_emg.npy,/Users/vedantdwivedi/Desktop/IRIS/silent_speech_alignments/text_alignments/5-9/5-9_153_audio.TextGrid,0,THE,0.79,0.89,0.09999999999999998,474,500
335,154,/Users/vedantdwivedi/Desktop/IRIS/emg_data/closed_vocab/silent/5-19_silent/154_emg.npy,/Users/vedantdwivedi/Desktop/IRIS/silent_speech_alignments/text_alignments/5-9/5-9_154_audio.TextGrid,0,ALMOST,0.77,1.05,0.28,462,500
336,155,/Users/vedantdwivedi/Desktop/IRIS/emg_data/closed_vocab/silent/5-19_silent/155_emg.npy,/Users/vedantdwivedi/Desktop/IRIS/silent_speech_alignments/text_alignments/5-9/5-9_155_audio.TextGrid,0,A,0.7,0.83,0.13,420,498
337,156,/Users/vedantdwivedi/Desktop/IRIS/emg_data/closed_vocab/silent/5-19_silent/156_emg.npy,/Users/vedantdwivedi/Desktop/IRIS/silent_speech_alignments/text_alignments/5-9/5-9_156_audio.TextGrid,0,EVERYONE,1.03,1.4,0.3699999999999999,618,840
338,156,/Users/vedantdwivedi/Desktop/IRIS/emg_data/closed_vocab/silent/5-19_silent/156_emg.npy,/Users/vedantdwivedi/Desktop/IRIS/silent_speech_alignments/text_alignments/5-9/5-9_156_audio.TextGrid,1,STOOD,1.4,1.77,0.3700000000000001,840,1062
339,156,/Users/vedantdwivedi/Desktop/IRIS/emg_data/closed_vocab/silent/5-19_silent/156_emg.npy,/Users/vedantdwivedi/Desktop/IRIS/silent_speech_alignments/text_alignments/5-9/5-9_156_audio.TextGrid,2,ARRESTED,1.77,2.26,0.48999999999999977,1062,1356
340,156,/Users/vedantdwivedi/Desktop/IRIS/emg_data/closed_vocab/silent/5-19_silent/156_emg.npy,/Users/vedantdwivedi/Desktop/IRIS/silent_speech_alignments/text_alignments/5-9/5-9_156_audio.TextGrid,3,BY,2.26,2.34,0.08000000000000007,1356,1404
341,156,/Users/vedantdwivedi/Desktop/IRIS/emg_data/closed_vocab/silent/5-19_silent/156_emg.npy,/Users/vedantdwivedi/Desktop/IRIS/silent_speech_alignments/text_alignments/5-9/5-9_156_audio.TextGrid,4,THE,2.34,2.45,0.11000000000000032,1404,1470
342,156,/Users/vedantdwivedi/Desktop/IRIS/emg_data/closed_vocab/silent/5-19_silent/156_emg.npy,/Users/vedantdwivedi/Desktop/IRIS/silent_speech_alignments/text_alignments/5-9/5-9_156_audio.TextGrid,5,SUDDEN,2.45,2.76,0.3099999999999996,1470,1656
343,156,/Users/vedantdwivedi/Desktop/IRIS/emg_data/closed_vocab/silent/5-19_silent/156_emg.npy,/Users/vedantdwivedi/Desktop/IRIS/silent_speech_alignments/text_alignments/5-9/5-9_156_audio.TextGrid,6,STIR,2.76,3.13,0.3700000000000001,1656,1878
344,156,/Users/vedantdwivedi/Desktop/IRIS/emg_data/closed_vocab/silent/5-19_silent/156_emg.npy,/Users/vedantdwivedi/Desktop/IRIS/silent_speech_alignments/text_alignments/5-9/5-9_156_audio.TextGrid,7,OF,3.13,3.25,0.1200000000000001,1878,1950
345,156,/Users/vedantdwivedi/Desktop/IRIS/emg_data/closed_vocab/silent/5-19_silent/156_emg.npy,/Users/vedantdwivedi/Desktop/IRIS/silent_speech_alignments/text_alignments/5-9/5-9_156_audio.TextGrid,8,BATTLE,3.25,3.73,0.48,1950,2238
346,15,/Users/vedantdwivedi/Desktop/IRIS/emg_data/closed_vocab/silent/5-19_silent/15_emg.npy,/Users/vedantdwivedi/Desktop/IRIS/silent_speech_alignments/text_alignments/5-9/5-9_15_audio.TextGrid,0,I,1.19,1.31,0.1200000000000001,714,786
347,15,/Users/vedantdwivedi/Desktop/IRIS/emg_data/closed_vocab/silent/5-19_silent/15_emg.npy,/Users/vedantdwivedi/Desktop/IRIS/silent_speech_alignments/text_alignments/5-9/5-9_15_audio.TextGrid,1,SHOULD,1.31,1.46,0.1499999999999999,786,876
348,15,/Users/vedantdwivedi/Desktop/IRIS/emg_data/closed_vocab/silent/5-19_silent/15_emg.npy,/Users/vedantdwivedi/Desktop/IRIS/silent_speech_alignments/text_alignments/5-9/5-9_15_audio.TextGrid,2,HAVE,1.46,1.56,0.10000000000000009,876,936
349,15,/Users/vedantdwivedi/Desktop/IRIS/emg_data/closed_vocab/silent/5-19_silent/15_emg.npy,/Users/vedantdwivedi/Desktop/IRIS/silent_speech_alignments/text_alignments/5-9/5-9_15_audio.TextGrid,3,STARTED,1.56,1.83,0.27,936,1098
350,15,/Users/vedantdwivedi/Desktop/IRIS/emg_data/closed_vocab/silent/5-19_silent/15_emg.npy,/Users/vedantdwivedi/Desktop/IRIS/silent_speech_alignments/text_alignments/5-9/5-9_15_audio.TextGrid,4,AT,1.83,1.94,0.10999999999999988,1098,1164
351,15,/Users/vedantdwivedi/Desktop/IRIS/emg_data/closed_vocab/silent/5-19_silent/15_emg.npy,/Users/vedantdwivedi/Desktop/IRIS/silent_speech_alignments/text_alignments/5-9/5-9_15_audio.TextGrid,5,ONCE,1.94,2.55,0.6099999999999999,1164,1530
352,15,/Users/vedantdwivedi/Desktop/IRIS/emg_data/closed_vocab/silent/5-19_silent/15_emg.npy,/Users/vedantdwivedi/Desktop/IRIS/silent_speech_alignments/text_alignments/5-9/5-9_15_audio.TextGrid,6,BUT,2.71,2.82,0.10999999999999988,1626,1692
353,15,/Users/vedantdwivedi/Desktop/IRIS/emg_data/closed_vocab/silent/5-19_silent/15_emg.npy,/Users/vedantdwivedi/Desktop/IRIS/silent_speech_alignments/text_alignments/5-9/5-9_15_audio.TextGrid,7,MY,2.82,2.92,0.10000000000000009,1692,1752
354,15,/Users/vedantdwivedi/Desktop/IRIS/emg_data/closed_vocab/silent/5-19_silent/15_emg.npy,/Users/vedantdwivedi/Desktop/IRIS/silent_speech_alignments/text_alignments/5-9/5-9_15_audio.TextGrid,8,COMPANION,2.92,3.62,0.7000000000000002,1752,2172
355,15,/Users/vedantdwivedi/Desktop/IRIS/emg_data/closed_vocab/silent/5-19_silent/15_emg.npy,/Users/vedantdwivedi/Desktop/IRIS/silent_speech_alignments/text_alignments/5-9/5-9_15_audio.TextGrid,9,HAD,3.76,3.95,0.1900000000000004,2256,2370
356,15,/Users/vedantdwivedi/Desktop/IRIS/emg_data/closed_vocab/silent/5-19_silent/15_emg.npy,/Users/vedantdwivedi/Desktop/IRIS/silent_speech_alignments/text_alignments/5-9/5-9_15_audio.TextGrid,10,BEEN,3.95,4.09,0.13999999999999968,2370,2454
357,15,/Users/vedantdwivedi/Desktop/IRIS/emg_data/closed_vocab/silent/5-19_silent/15_emg.npy,/Users/vedantdwivedi/Desktop/IRIS/silent_speech_alignments/text_alignments/5-9/5-9_15_audio.TextGrid,11,IN,4.09,4.24,0.15000000000000036,2454,2544
358,15,/Users/vedantdwivedi/Desktop/IRIS/emg_data/closed_vocab/silent/5-19_silent/15_emg.npy,/Users/vedantdwivedi/Desktop/IRIS/silent_speech_alignments/text_alignments/5-9/5-9_15_audio.TextGrid,12,ACTIVE,4.24,4.59,0.34999999999999964,2544,2754
359,15,/Users/vedantdwivedi/Desktop/IRIS/emg_data/closed_vocab/silent/5-19_silent/15_emg.npy,/Users/vedantdwivedi/Desktop/IRIS/silent_speech_alignments/text_alignments/5-9/5-9_15_audio.TextGrid,13,SERVICE,4.59,5.24,0.6500000000000004,2754,3144
360,15,/Users/vedantdwivedi/Desktop/IRIS/emg_data/closed_vocab/silent/5-19_silent/15_emg.npy,/Users/vedantdwivedi/Desktop/IRIS/silent_speech_alignments/text_alignments/5-9/5-9_15_audio.TextGrid,14,AND,5.48,5.61,0.1299999999999999,3288,3366
361,15,/Users/vedantdwivedi/Desktop/IRIS/emg_data/closed_vocab/silent/5-19_silent/15_emg.npy,/Users/vedantdwivedi/Desktop/IRIS/silent_speech_alignments/text_alignments/5-9/5-9_15_audio.TextGrid,15,HE,5.61,5.74,0.1299999999999999,3366,3378
362,161,/Users/vedantdwivedi/Desktop/IRIS/emg_data/closed_vocab/silent/5-19_silent/161_emg.npy,/Users/vedantdwivedi/Desktop/IRIS/silent_speech_alignments/text_alignments/5-9/5-9_161_audio.TextGrid,0,NOTHING,1.1,1.39,0.2899999999999998,660,834
363,161,/Users/vedantdwivedi/Desktop/IRIS/emg_data/closed_vocab/silent/5-19_silent/161_emg.npy,/Users/vedantdwivedi/Desktop/IRIS/silent_speech_alignments/text_alignments/5-9/5-9_161_audio.TextGrid,1,WAS,1.39,1.51,0.1200000000000001,834,906
364,161,/Users/vedantdwivedi/Desktop/IRIS/emg_data/closed_vocab/silent/5-19_silent/161_emg.npy,/Users/vedantdwivedi/Desktop/IRIS/silent_speech_alignments/text_alignments/5-9/5-9_161_audio.TextGrid,2,TO,1.51,1.61,0.10000000000000009,906,966
365,161,/Users/vedantdwivedi/Desktop/IRIS/emg_data/closed_vocab/silent/5-19_silent/161_emg.npy,/Users/vedantdwivedi/Desktop/IRIS/silent_speech_alignments/text_alignments/5-9/5-9_161_audio.TextGrid,3,BE,1.61,1.74,0.1299999999999999,966,1044
366,161,/Users/vedantdwivedi/Desktop/IRIS/emg_data/closed_vocab/silent/5-19_silent/161_emg.npy,/Users/vedantdwivedi/Desktop/IRIS/silent_speech_alignments/text_alignments/5-9/5-9_161_audio.TextGrid,4,SEEN,1.74,2.3,0.5599999999999998,1044,1380
367,161,/Users/vedantdwivedi/Desktop/IRIS/emg_data/closed_vocab/silent/5-19_silent/161_emg.npy,/Users/vedantdwivedi/Desktop/IRIS/silent_speech_alignments/text_alignments/5-9/5-9_161_audio.TextGrid,5,SAVE,2.55,2.92,0.3700000000000001,1530,1752
368,161,/Users/vedantdwivedi/Desktop/IRIS/emg_data/closed_vocab/silent/5-19_silent/161_emg.npy,/Users/vedantdwivedi/Desktop/IRIS/silent_speech_alignments/text_alignments/5-9/5-9_161_audio.TextGrid,6,FLAT,2.92,3.3,0.3799999999999999,1752,1980
369,161,/Users/vedantdwivedi/Desktop/IRIS/emg_data/closed_vocab/silent/5-19_silent/161_emg.npy,/Users/vedantdwivedi/Desktop/IRIS/silent_speech_alignments/text_alignments/5-9/5-9_161_audio.TextGrid,7,MEADOWS,3.3,3.93,0.6300000000000003,1980,2358
370,161,/Users/vedantdwivedi/Desktop/IRIS/emg_data/closed_vocab/silent/5-19_silent/161_emg.npy,/Users/vedantdwivedi/Desktop/IRIS/silent_speech_alignments/text_alignments/5-9/5-9_161_audio.TextGrid,8,COWS,4.39,4.85,0.45999999999999996,2634,2910
371,161,/Users/vedantdwivedi/Desktop/IRIS/emg_data/closed_vocab/silent/5-19_silent/161_emg.npy,/Users/vedantdwivedi/Desktop/IRIS/silent_speech_alignments/text_alignments/5-9/5-9_161_audio.TextGrid,9,FEEDING,4.85,5.39,0.54,2910,3234
372,161,/Users/vedantdwivedi/Desktop/IRIS/emg_data/closed_vocab/silent/5-19_silent/161_emg.npy,/Users/vedantdwivedi/Desktop/IRIS/silent_speech_alignments/text_alignments/5-9/5-9_161_audio.TextGrid,10,UNCONCERNEDLY,5.64,6.64,1.0,3384,3594
373,162,/Users/vedantdwivedi/Desktop/IRIS/emg_data/closed_vocab/silent/5-19_silent/162_emg.npy,/Users/vedantdwivedi/Desktop/IRIS/silent_speech_alignments/text_alignments/5-9/5-9_162_audio.TextGrid,0,THE,1.57,1.66,0.08999999999999986,942,996
374,162,/Users/vedantdwivedi/Desktop/IRIS/emg_data/closed_vocab/silent/5-19_silent/162_emg.npy,/Users/vedantdwivedi/Desktop/IRIS/silent_speech_alignments/text_alignments/5-9/5-9_162_audio.TextGrid,1,<UNK>,1.66,2.17,0.51,996,1302
375,162,/Users/vedantdwivedi/Desktop/IRIS/emg_data/closed_vocab/silent/5-19_silent/162_emg.npy,/Users/vedantdwivedi/Desktop/IRIS/silent_speech_alignments/text_alignments/5-9/5-9_162_audio.TextGrid,2,STOP,2.17,2.55,0.3799999999999999,1302,1530
376,162,/Users/vedantdwivedi/Desktop/IRIS/emg_data/closed_vocab/silent/5-19_silent/162_emg.npy,/Users/vedantdwivedi/Desktop/IRIS/silent_speech_alignments/text_alignments/5-9/5-9_162_audio.TextGrid,3,<UNK>,2.55,2.78,0.22999999999999998,1530,1668
377,162,/Users/vedantdwivedi/Desktop/IRIS/emg_data/closed_vocab/silent/5-19_silent/162_emg.npy,/Users/vedantdwivedi/Desktop/IRIS/silent_speech_alignments/text_alignments/5-9/5-9_162_audio.TextGrid,4,SAID,3.62,3.78,0.1599999999999997,2172,2268
378,162,/Users/vedantdwivedi/Desktop/IRIS/emg_data/closed_vocab/silent/5-19_silent/162_emg.npy,/Users/vedantdwivedi/Desktop/IRIS/silent_speech_alignments/text_alignments/5-9/5-9_162_audio.TextGrid,5,A,3.78,3.84,0.06000000000000005,2268,2304
379,162,/Users/vedantdwivedi/Desktop/IRIS/emg_data/closed_vocab/silent/5-19_silent/162_emg.npy,/Users/vedantdwivedi/Desktop/IRIS/silent_speech_alignments/text_alignments/5-9/5-9_162_audio.TextGrid,6,WOMAN,3.84,4.04,0.20000000000000018,2304,2424
380,162,/Users/vedantdwivedi/Desktop/IRIS/emg_data/closed_vocab/silent/5-19_silent/162_emg.npy,/Users/vedantdwivedi/Desktop/IRIS/silent_speech_alignments/text_alignments/5-9/5-9_162_audio.TextGrid,7,BESIDE,4.04,4.41,0.3700000000000001,2424,2646
381,162,/Users/vedantdwivedi/Desktop/IRIS/emg_data/closed_vocab/silent/5-19_silent/162_emg.npy,/Users/vedantdwivedi/Desktop/IRIS/silent_speech_alignments/text_alignments/5-9/5-9_162_audio.TextGrid,8,ME,4.41,4.7,0.29000000000000004,2646,2820
382,163,/Users/vedantdwivedi/Desktop/IRIS/emg_data/closed_vocab/silent/5-19_silent/163_emg.npy,/Users/vedantdwivedi/Desktop/IRIS/silent_speech_alignments/text_alignments/5-9/5-9_163_audio.TextGrid,0,A,1.06,1.18,0.11999999999999988,636,708
383,163,/Users/vedantdwivedi/Desktop/IRIS/emg_data/closed_vocab/silent/5-19_silent/163_emg.npy,/Users/vedantdwivedi/Desktop/IRIS/silent_speech_alignments/text_alignments/5-9/5-9_163_audio.TextGrid,1,HAZINESS,1.18,1.95,0.77,708,1170
384,163,/Users/vedantdwivedi/Desktop/IRIS/emg_data/closed_vocab/silent/5-19_silent/163_emg.npy,/Users/vedantdwivedi/Desktop/IRIS/silent_speech_alignments/text_alignments/5-9/5-9_163_audio.TextGrid,2,ROSE,2.02,2.45,0.43000000000000016,1212,1470
385,163,/Users/vedantdwivedi/Desktop/IRIS/emg_data/closed_vocab/silent/5-19_silent/163_emg.npy,/Users/vedantdwivedi/Desktop/IRIS/silent_speech_alignments/text_alignments/5-9/5-9_163_audio.TextGrid,3,OVER,2.45,2.59,0.13999999999999968,1470,1554
386,163,/Users/vedantdwivedi/Desktop/IRIS/emg_data/closed_vocab/silent/5-19_silent/163_emg.npy,/Users/vedantdwivedi/Desktop/IRIS/silent_speech_alignments/text_alignments/5-9/5-9_163_audio.TextGrid,4,THE,2.59,2.68,0.0900000000000003,1554,1608
387,163,/Users/vedantdwivedi/Desktop/IRIS/emg_data/closed_vocab/silent/5-19_silent/163_emg.npy,/Users/vedantdwivedi/Desktop/IRIS/silent_speech_alignments/text_alignments/5-9/5-9_163_audio.TextGrid,5,TREETOPS,2.68,3.47,0.79,1608,2082
388,164,/Users/vedantdwivedi/Desktop/IRIS/emg_data/closed_vocab/silent/5-19_silent/164_emg.npy,/Users/vedantdwivedi/Desktop/IRIS/silent_speech_alignments/text_alignments/5-9/5-9_164_audio.TextGrid,0,THEN,0.9,1.1,0.20000000000000007,540,660
389,164,/Users/vedantdwivedi/Desktop/IRIS/emg_data/closed_vocab/silent/5-19_silent/164_emg.npy,/Users/vedantdwivedi/Desktop/IRIS/silent_speech_alignments/text_alignments/5-9/5-9_164_audio.TextGrid,1,SUDDENLY,1.1,1.62,0.52,660,972
390,164,/Users/vedantdwivedi/Desktop/IRIS/emg_data/closed_vocab/silent/5-19_silent/164_emg.npy,/Users/vedantdwivedi/Desktop/IRIS/silent_speech_alignments/text_alignments/5-9/5-9_164_audio.TextGrid,2,WE,1.65,1.77,0.1200000000000001,990,1062
391,164,/Users/vedantdwivedi/Desktop/IRIS/emg_data/closed_vocab/silent/5-19_silent/164_emg.npy,/Users/vedantdwivedi/Desktop/IRIS/silent_speech_alignments/text_alignments/5-9/5-9_164_audio.TextGrid,3,SAW,1.77,2.04,0.27,1062,1224
392,164,/Users/vedantdwivedi/Desktop/IRIS/emg_data/closed_vocab/silent/5-19_silent/164_emg.npy,/Users/vedantdwivedi/Desktop/IRIS/silent_speech_alignments/text_alignments/5-9/5-9_164_audio.TextGrid,4,A,2.04,2.1,0.06000000000000005,1224,1260
393,164,/Users/vedantdwivedi/Desktop/IRIS/emg_data/closed_vocab/silent/5-19_silent/164_emg.npy,/Users/vedantdwivedi/Desktop/IRIS/silent_speech_alignments/text_alignments/5-9/5-9_164_audio.TextGrid,5,RUSH,2.1,2.47,0.3700000000000001,1260,1482
394,164,/Users/vedantdwivedi/Desktop/IRIS/emg_data/closed_vocab/silent/5-19_silent/164_emg.npy,/Users/vedantdwivedi/Desktop/IRIS/silent_speech_alignments/text_alignments/5-9/5-9_164_audio.TextGrid,6,OF,2.52,2.69,0.16999999999999993,1512,1614
395,164,/Users/vedantdwivedi/Desktop/IRIS/emg_data/closed_vocab/silent/5-19_silent/164_emg.npy,/Users/vedantdwivedi/Desktop/IRIS/silent_speech_alignments/text_alignments/5-9/5-9_164_audio.TextGrid,7,SMOKE,2.69,3.13,0.43999999999999995,1614,1878
396,164,/Users/vedantdwivedi/Desktop/IRIS/emg_data/closed_vocab/silent/5-19_silent/164_emg.npy,/Users/vedantdwivedi/Desktop/IRIS/silent_speech_alignments/text_alignments/5-9/5-9_164_audio.TextGrid,8,FAR,3.45,3.81,0.3599999999999999,2070,2286
397,164,/Users/vedantdwivedi/Desktop/IRIS/emg_data/closed_vocab/silent/5-19_silent/164_emg.npy,/Users/vedantdwivedi/Desktop/IRIS/silent_speech_alignments/text_alignments/5-9/5-9_164_audio.TextGrid,9,AWAY,3.81,4.11,0.30000000000000027,2286,2466
398,164,/Users/vedantdwivedi/Desktop/IRIS/emg_data/closed_vocab/silent/5-19_silent/164_emg.npy,/Users/vedantdwivedi/Desktop/IRIS/silent_speech_alignments/text_alignments/5-9/5-9_164_audio.TextGrid,10,UP,4.11,4.22,0.10999999999999943,2466,2532
399,164,/Users/vedantdwivedi/Desktop/IRIS/emg_data/closed_vocab/silent/5-19_silent/164_emg.npy,/Users/vedantdwivedi/Desktop/IRIS/silent_speech_alignments/text_alignments/5-9/5-9_164_audio.TextGrid,11,THE,4.22,4.29,0.07000000000000028,2532,2574
400,164,/Users/vedantdwivedi/Desktop/IRIS/emg_data/closed_vocab/silent/5-19_silent/164_emg.npy,/Users/vedantdwivedi/Desktop/IRIS/silent_speech_alignments/text_alignments/5-9/5-9_164_audio.TextGrid,12,RIVER,4.29,4.73,0.4400000000000004,2574,2838
401,165,/Users/vedantdwivedi/Desktop/IRIS/emg_data/closed_vocab/silent/5-19_silent/165_emg.npy,/Users/vedantdwivedi/Desktop/IRIS/silent_speech_alignments/text_alignments/5-9/5-9_165_audio.TextGrid,0,HERE,1.12,1.33,0.20999999999999996,672,798
402,165,/Users/vedantdwivedi/Desktop/IRIS/emg_data/closed_vocab/silent/5-19_silent/165_emg.npy,/Users/vedantdwivedi/Desktop/IRIS/silent_speech_alignments/text_alignments/5-9/5-9_165_audio.TextGrid,1,THEY,1.33,1.5,0.16999999999999993,798,900
403,165,/Users/vedantdwivedi/Desktop/IRIS/emg_data/closed_vocab/silent/5-19_silent/165_emg.npy,/Users/vedantdwivedi/Desktop/IRIS/silent_speech_alignments/text_alignments/5-9/5-9_165_audio.TextGrid,2,ARE,1.5,1.87,0.3700000000000001,900,1122
404,165,/Users/vedantdwivedi/Desktop/IRIS/emg_data/closed_vocab/silent/5-19_silent/165_emg.npy,/Users/vedantdwivedi/Desktop/IRIS/silent_speech_alignments/text_alignments/5-9/5-9_165_audio.TextGrid,3,SHOUTED,1.96,2.23,0.27,1176,1338
405,165,/Users/vedantdwivedi/Desktop/IRIS/emg_data/closed_vocab/silent/5-19_silent/165_emg.npy,/Users/vedantdwivedi/Desktop/IRIS/silent_speech_alignments/text_alignments/5-9/5-9_165_audio.TextGrid,4,A,2.23,2.28,0.04999999999999982,1338,1368
406,165,/Users/vedantdwivedi/Desktop/IRIS/emg_data/closed_vocab/silent/5-19_silent/165_emg.npy,/Users/vedantdwivedi/Desktop/IRIS/silent_speech_alignments/text_alignments/5-9/5-9_165_audio.TextGrid,5,MAN,2.28,2.66,0.38000000000000034,1368,1596
407,165,/Users/vedantdwivedi/Desktop/IRIS/emg_data/closed_vocab/silent/5-19_silent/165_emg.npy,/Users/vedantdwivedi/Desktop/IRIS/silent_speech_alignments/text_alignments/5-9/5-9_165_audio.TextGrid,6,IN,2.96,3.07,0.10999999999999988,1776,1842
408,165,/Users/vedantdwivedi/Desktop/IRIS/emg_data/closed_vocab/silent/5-19_silent/165_emg.npy,/Users/vedantdwivedi/Desktop/IRIS/silent_speech_alignments/text_alignments/5-9/5-9_165_audio.TextGrid,7,A,3.07,3.13,0.06000000000000005,1842,1878
409,165,/Users/vedantdwivedi/Desktop/IRIS/emg_data/closed_vocab/silent/5-19_silent/165_emg.npy,/Users/vedantdwivedi/Desktop/IRIS/silent_speech_alignments/text_alignments/5-9/5-9_165_audio.TextGrid,8,BLUE,3.13,3.42,0.29000000000000004,1878,2052
410,165,/Users/vedantdwivedi/Desktop/IRIS/emg_data/closed_vocab/silent/5-19_silent/165_emg.npy,/Users/vedantdwivedi/Desktop/IRIS/silent_speech_alignments/text_alignments/5-9/5-9_165_audio.TextGrid,9,JERSEY,3.42,3.94,0.52,2052,2364
411,166,/Users/vedantdwivedi/Desktop/IRIS/emg_data/closed_vocab/silent/5-19_silent/166_emg.npy,/Users/vedantdwivedi/Desktop/IRIS/silent_speech_alignments/text_alignments/5-9/5-9_166_audio.TextGrid,0,YONDER,0.65,1.28,0.63,390,768
412,169,/Users/vedantdwivedi/Desktop/IRIS/emg_data/closed_vocab/silent/5-19_silent/169_emg.npy,/Users/vedantdwivedi/Desktop/IRIS/silent_speech_alignments/text_alignments/5-9/5-9_169_audio.TextGrid,0,D'YER,0.58,0.94,0.36,348,564
413,169,/Users/vedantdwivedi/Desktop/IRIS/emg_data/closed_vocab/silent/5-19_silent/169_emg.npy,/Users/vedantdwivedi/Desktop/IRIS/silent_speech_alignments/text_alignments/5-9/5-9_169_audio.TextGrid,1,SEE,0.94,1.15,0.20999999999999996,564,690
414,169,/Users/vedantdwivedi/Desktop/IRIS/emg_data/closed_vocab/silent/5-19_silent/169_emg.npy,/Users/vedantdwivedi/Desktop/IRIS/silent_speech_alignments/text_alignments/5-9/5-9_169_audio.TextGrid,2,THEM,1.15,1.51,0.3600000000000001,690,906
415,170,/Users/vedantdwivedi/Desktop/IRIS/emg_data/closed_vocab/silent/5-19_silent/170_emg.npy,/Users/vedantdwivedi/Desktop/IRIS/silent_speech_alignments/text_alignments/5-9/5-9_170_audio.TextGrid,0,YONDER,0.64,1.25,0.61,384,750
416,171,/Users/vedantdwivedi/Desktop/IRIS/emg_data/closed_vocab/silent/5-19_silent/171_emg.npy,/Users/vedantdwivedi/Desktop/IRIS/silent_speech_alignments/text_alignments/5-9/5-9_171_audio.TextGrid,0,QUICKLY,0.76,1.29,0.53,456,774
417,171,/Users/vedantdwivedi/Desktop/IRIS/emg_data/closed_vocab/silent/5-19_silent/171_emg.npy,/Users/vedantdwivedi/Desktop/IRIS/silent_speech_alignments/text_alignments/5-9/5-9_171_audio.TextGrid,1,ONE,1.56,1.87,0.31000000000000005,936,1122
418,171,/Users/vedantdwivedi/Desktop/IRIS/emg_data/closed_vocab/silent/5-19_silent/171_emg.npy,/Users/vedantdwivedi/Desktop/IRIS/silent_speech_alignments/text_alignments/5-9/5-9_171_audio.TextGrid,2,AFTER,1.87,2.04,0.16999999999999993,1122,1224
419,171,/Users/vedantdwivedi/Desktop/IRIS/emg_data/closed_vocab/silent/5-19_silent/171_emg.npy,/Users/vedantdwivedi/Desktop/IRIS/silent_speech_alignments/text_alignments/5-9/5-9_171_audio.TextGrid,3,THE,2.04,2.19,0.1499999999999999,1224,1314
420,171,/Users/vedantdwivedi/Desktop/IRIS/emg_data/closed_vocab/silent/5-19_silent/171_emg.npy,/Users/vedantdwivedi/Desktop/IRIS/silent_speech_alignments/text_alignments/5-9/5-9_171_audio.TextGrid,4,OTHER,2.19,2.59,0.3999999999999999,1314,1554
421,171,/Users/vedantdwivedi/Desktop/IRIS/emg_data/closed_vocab/silent/5-19_silent/171_emg.npy,/Users/vedantdwivedi/Desktop/IRIS/silent_speech_alignments/text_alignments/5-9/5-9_171_audio.TextGrid,5,ONE,3.38,3.88,0.5,2028,2328
422,172,/Users/vedantdwivedi/Desktop/IRIS/emg_data/closed_vocab/silent/5-19_silent/172_emg.npy,/Users/vedantdwivedi/Desktop/IRIS/silent_speech_alignments/text_alignments/5-9/5-9_172_audio.TextGrid,0,LITTLE,1.09,1.45,0.3599999999999999,654,870
423,172,/Users/vedantdwivedi/Desktop/IRIS/emg_data/closed_vocab/silent/5-19_silent/172_emg.npy,/Users/vedantdwivedi/Desktop/IRIS/silent_speech_alignments/text_alignments/5-9/5-9_172_audio.TextGrid,1,COWLED,1.45,1.99,0.54,870,1194
424,172,/Users/vedantdwivedi/Desktop/IRIS/emg_data/closed_vocab/silent/5-19_silent/172_emg.npy,/Users/vedantdwivedi/Desktop/IRIS/silent_speech_alignments/text_alignments/5-9/5-9_172_audio.TextGrid,2,FIGURES,1.99,2.46,0.47,1194,1476
425,172,/Users/vedantdwivedi/Desktop/IRIS/emg_data/closed_vocab/silent/5-19_silent/172_emg.npy,/Users/vedantdwivedi/Desktop/IRIS/silent_speech_alignments/text_alignments/5-9/5-9_172_audio.TextGrid,3,THEY,2.5,2.63,0.1299999999999999,1500,1578
426,172,/Users/vedantdwivedi/Desktop/IRIS/emg_data/closed_vocab/silent/5-19_silent/172_emg.npy,/Users/vedantdwivedi/Desktop/IRIS/silent_speech_alignments/text_alignments/5-9/5-9_172_audio.TextGrid,4,SEEMED,2.63,2.93,0.30000000000000027,1578,1758
427,172,/Users/vedantdwivedi/Desktop/IRIS/emg_data/closed_vocab/silent/5-19_silent/172_emg.npy,/Users/vedantdwivedi/Desktop/IRIS/silent_speech_alignments/text_alignments/5-9/5-9_172_audio.TextGrid,5,AT,2.93,3.05,0.11999999999999966,1758,1830
428,172,/Users/vedantdwivedi/Desktop/IRIS/emg_data/closed_vocab/silent/5-19_silent/172_emg.npy,/Users/vedantdwivedi/Desktop/IRIS/silent_speech_alignments/text_alignments/5-9/5-9_172_audio.TextGrid,6,FIRST,3.05,3.59,0.54,1830,2154
429,172,/Users/vedantdwivedi/Desktop/IRIS/emg_data/closed_vocab/silent/5-19_silent/172_emg.npy,/Users/vedantdwivedi/Desktop/IRIS/silent_speech_alignments/text_alignments/5-9/5-9_172_audio.TextGrid,7,GOING,4.01,4.35,0.33999999999999986,2406,2424
430,173,/Users/vedantdwivedi/Desktop/IRIS/emg_data/closed_vocab/silent/5-19_silent/173_emg.npy,/Users/vedantdwivedi/Desktop/IRIS/silent_speech_alignments/text_alignments/5-9/5-9_173_audio.TextGrid,0,THEN,0.7,1.17,0.47,420,702
431,173,/Users/vedantdwivedi/Desktop/IRIS/emg_data/closed_vocab/silent/5-19_silent/173_emg.npy,/Users/vedantdwivedi/Desktop/IRIS/silent_speech_alignments/text_alignments/5-9/5-9_173_audio.TextGrid,1,ADVANCING,1.49,2.07,0.5799999999999998,894,1242
432,173,/Users/vedantdwivedi/Desktop/IRIS/emg_data/closed_vocab/silent/5-19_silent/173_emg.npy,/Users/vedantdwivedi/Desktop/IRIS/silent_speech_alignments/text_alignments/5-9/5-9_173_audio.TextGrid,2,OBLIQUELY,2.14,2.66,0.52,1284,1596
433,173,/Users/vedantdwivedi/Desktop/IRIS/emg_data/closed_vocab/silent/5-19_silent/173_emg.npy,/Users/vedantdwivedi/Desktop/IRIS/silent_speech_alignments/text_alignments/5-9/5-9_173_audio.TextGrid,3,TOWARDS,2.66,3.0,0.33999999999999986,1596,1800
434,173,/Users/vedantdwivedi/Desktop/IRIS/emg_data/closed_vocab/silent/5-19_silent/173_emg.npy,/Users/vedantdwivedi/Desktop/IRIS/silent_speech_alignments/text_alignments/5-9/5-9_173_audio.TextGrid,4,US,3.0,3.43,0.43000000000000016,1800,2058
435,173,/Users/vedantdwivedi/Desktop/IRIS/emg_data/closed_vocab/silent/5-19_silent/173_emg.npy,/Users/vedantdwivedi/Desktop/IRIS/silent_speech_alignments/text_alignments/5-9/5-9_173_audio.TextGrid,5,CAME,3.6,3.8,0.19999999999999973,2160,2280
436,173,/Users/vedantdwivedi/Desktop/IRIS/emg_data/closed_vocab/silent/5-19_silent/173_emg.npy,/Users/vedantdwivedi/Desktop/IRIS/silent_speech_alignments/text_alignments/5-9/5-9_173_audio.TextGrid,6,A,3.8,3.88,0.08000000000000007,2280,2328
437,173,/Users/vedantdwivedi/Desktop/IRIS/emg_data/closed_vocab/silent/5-19_silent/173_emg.npy,/Users/vedantdwivedi/Desktop/IRIS/silent_speech_alignments/text_alignments/5-9/5-9_173_audio.TextGrid,7,FIFTH,3.88,4.32,0.4400000000000004,2328,2592
438,174,/Users/vedantdwivedi/Desktop/IRIS/emg_data/closed_vocab/silent/5-19_silent/174_emg.npy,/Users/vedantdwivedi/Desktop/IRIS/silent_speech_alignments/text_alignments/5-9/5-9_174_audio.TextGrid,0,THEIR,0.98,1.22,0.24,588,732
439,174,/Users/vedantdwivedi/Desktop/IRIS/emg_data/closed_vocab/silent/5-19_silent/174_emg.npy,/Users/vedantdwivedi/Desktop/IRIS/silent_speech_alignments/text_alignments/5-9/5-9_174_audio.TextGrid,1,ARMOURED,1.22,1.51,0.29000000000000004,732,906
440,174,/Users/vedantdwivedi/Desktop/IRIS/emg_data/closed_vocab/silent/5-19_silent/174_emg.npy,/Users/vedantdwivedi/Desktop/IRIS/silent_speech_alignments/text_alignments/5-9/5-9_174_audio.TextGrid,2,BODIES,1.51,1.99,0.48,906,1194
441,174,/Users/vedantdwivedi/Desktop/IRIS/emg_data/closed_vocab/silent/5-19_silent/174_emg.npy,/Users/vedantdwivedi/Desktop/IRIS/silent_speech_alignments/text_alignments/5-9/5-9_174_audio.TextGrid,3,GLITTERED,1.99,2.42,0.42999999999999994,1194,1452
442,174,/Users/vedantdwivedi/Desktop/IRIS/emg_data/closed_vocab/silent/5-19_silent/174_emg.npy,/Users/vedantdwivedi/Desktop/IRIS/silent_speech_alignments/text_alignments/5-9/5-9_174_audio.TextGrid,4,IN,2.42,2.53,0.10999999999999988,1452,1518
443,174,/Users/vedantdwivedi/Desktop/IRIS/emg_data/closed_vocab/silent/5-19_silent/174_emg.npy,/Users/vedantdwivedi/Desktop/IRIS/silent_speech_alignments/text_alignments/5-9/5-9_174_audio.TextGrid,5,THE,2.53,2.63,0.10000000000000009,1518,1578
444,174,/Users/vedantdwivedi/Desktop/IRIS/emg_data/closed_vocab/silent/5-19_silent/174_emg.npy,/Users/vedantdwivedi/Desktop/IRIS/silent_speech_alignments/text_alignments/5-9/5-9_174_audio.TextGrid,6,SUN,2.63,3.1,0.4700000000000002,1578,1860
445,174,/Users/vedantdwivedi/Desktop/IRIS/emg_data/closed_vocab/silent/5-19_silent/174_emg.npy,/Users/vedantdwivedi/Desktop/IRIS/silent_speech_alignments/text_alignments/5-9/5-9_174_audio.TextGrid,7,AS,3.19,3.3,0.10999999999999988,1914,1980
446,174,/Users/vedantdwivedi/Desktop/IRIS/emg_data/closed_vocab/silent/5-19_silent/174_emg.npy,/Users/vedantdwivedi/Desktop/IRIS/silent_speech_alignments/text_alignments/5-9/5-9_174_audio.TextGrid,8,THEY,3.3,3.41,0.11000000000000032,1980,2046
447,174,/Users/vedantdwivedi/Desktop/IRIS/emg_data/closed_vocab/silent/5-19_silent/174_emg.npy,/Users/vedantdwivedi/Desktop/IRIS/silent_speech_alignments/text_alignments/5-9/5-9_174_audio.TextGrid,9,SWEPT,3.41,3.77,0.3599999999999999,2046,2262
448,174,/Users/vedantdwivedi/Desktop/IRIS/emg_data/closed_vocab/silent/5-19_silent/174_emg.npy,/Users/vedantdwivedi/Desktop/IRIS/silent_speech_alignments/text_alignments/5-9/5-9_174_audio.TextGrid,10,SWIFTLY,3.8,4.43,0.6299999999999999,2280,2658
449,174,/Users/vedantdwivedi/Desktop/IRIS/emg_data/closed_vocab/silent/5-19_silent/174_emg.npy,/Users/vedantdwivedi/Desktop/IRIS/silent_speech_alignments/text_alignments/5-9/5-9_174_audio.TextGrid,11,FORWARD,4.47,4.9,0.4300000000000006,2682,2916
450,180,/Users/vedantdwivedi/Desktop/IRIS/emg_data/closed_vocab/silent/5-19_silent/180_emg.npy,/Users/vedantdwivedi/Desktop/IRIS/silent_speech_alignments/text_alignments/5-9/5-9_180_audio.TextGrid,0,THEN,0.89,1.17,0.2799999999999999,534,702
451,180,/Users/vedantdwivedi/Desktop/IRIS/emg_data/closed_vocab/silent/5-19_silent/180_emg.npy,/Users/vedantdwivedi/Desktop/IRIS/silent_speech_alignments/text_alignments/5-9/5-9_180_audio.TextGrid,1,A,1.17,1.3,0.13000000000000012,702,780
452,180,/Users/vedantdwivedi/Desktop/IRIS/emg_data/closed_vocab/silent/5-19_silent/180_emg.npy,/Users/vedantdwivedi/Desktop/IRIS/silent_speech_alignments/text_alignments/5-9/5-9_180_audio.TextGrid,2,HOARSE,1.3,1.72,0.41999999999999993,780,1032
453,180,/Users/vedantdwivedi/Desktop/IRIS/emg_data/closed_vocab/silent/5-19_silent/180_emg.npy,/Users/vedantdwivedi/Desktop/IRIS/silent_speech_alignments/text_alignments/5-9/5-9_180_audio.TextGrid,3,MURMUR,1.72,2.27,0.55,1032,1362
454,180,/Users/vedantdwivedi/Desktop/IRIS/emg_data/closed_vocab/silent/5-19_silent/180_emg.npy,/Users/vedantdwivedi/Desktop/IRIS/silent_speech_alignments/text_alignments/5-9/5-9_180_audio.TextGrid,4,AND,2.66,2.79,0.1299999999999999,1596,1674
455,180,/Users/vedantdwivedi/Desktop/IRIS/emg_data/closed_vocab/silent/5-19_silent/180_emg.npy,/Users/vedantdwivedi/Desktop/IRIS/silent_speech_alignments/text_alignments/5-9/5-9_180_audio.TextGrid,5,A,2.79,2.84,0.04999999999999982,1674,1704
456,180,/Users/vedantdwivedi/Desktop/IRIS/emg_data/closed_vocab/silent/5-19_silent/180_emg.npy,/Users/vedantdwivedi/Desktop/IRIS/silent_speech_alignments/text_alignments/5-9/5-9_180_audio.TextGrid,6,MOVEMENT,2.84,3.18,0.3400000000000003,1704,1908
457,180,/Users/vedantdwivedi/Desktop/IRIS/emg_data/closed_vocab/silent/5-19_silent/180_emg.npy,/Users/vedantdwivedi/Desktop/IRIS/silent_speech_alignments/text_alignments/5-9/5-9_180_audio.TextGrid,7,OF,3.18,3.32,0.13999999999999968,1908,1992
458,180,/Users/vedantdwivedi/Desktop/IRIS/emg_data/closed_vocab/silent/5-19_silent/180_emg.npy,/Users/vedantdwivedi/Desktop/IRIS/silent_speech_alignments/text_alignments/5-9/5-9_180_audio.TextGrid,8,FEET,3.32,3.67,0.3500000000000001,1992,2124
459,181,/Users/vedantdwivedi/Desktop/IRIS/emg_data/closed_vocab/silent/5-19_silent/181_emg.npy,/Users/vedantdwivedi/Desktop/IRIS/silent_speech_alignments/text_alignments/5-9/5-9_181_audio.TextGrid,0,A,0.84,0.96,0.12,504,576
460,181,/Users/vedantdwivedi/Desktop/IRIS/emg_data/closed_vocab/silent/5-19_silent/181_emg.npy,/Users/vedantdwivedi/Desktop/IRIS/silent_speech_alignments/text_alignments/5-9/5-9_181_audio.TextGrid,1,MAN,0.96,1.45,0.49,576,870
461,181,/Users/vedantdwivedi/Desktop/IRIS/emg_data/closed_vocab/silent/5-19_silent/181_emg.npy,/Users/vedantdwivedi/Desktop/IRIS/silent_speech_alignments/text_alignments/5-9/5-9_181_audio.TextGrid,2,TOO,1.48,1.68,0.19999999999999996,888,1008
462,181,/Users/vedantdwivedi/Desktop/IRIS/emg_data/closed_vocab/silent/5-19_silent/181_emg.npy,/Users/vedantdwivedi/Desktop/IRIS/silent_speech_alignments/text_alignments/5-9/5-9_181_audio.TextGrid,3,FRIGHTENED,1.68,2.08,0.40000000000000013,1008,1248
463,181,/Users/vedantdwivedi/Desktop/IRIS/emg_data/closed_vocab/silent/5-19_silent/181_emg.npy,/Users/vedantdwivedi/Desktop/IRIS/silent_speech_alignments/text_alignments/5-9/5-9_181_audio.TextGrid,4,TO,2.11,2.25,0.14000000000000012,1266,1350
464,181,/Users/vedantdwivedi/Desktop/IRIS/emg_data/closed_vocab/silent/5-19_silent/181_emg.npy,/Users/vedantdwivedi/Desktop/IRIS/silent_speech_alignments/text_alignments/5-9/5-9_181_audio.TextGrid,5,DROP,2.25,2.63,0.3799999999999999,1350,1578
465,181,/Users/vedantdwivedi/Desktop/IRIS/emg_data/closed_vocab/silent/5-19_silent/181_emg.npy,/Users/vedantdwivedi/Desktop/IRIS/silent_speech_alignments/text_alignments/5-9/5-9_181_audio.TextGrid,6,THE,2.63,2.72,0.0900000000000003,1578,1632
466,181,/Users/vedantdwivedi/Desktop/IRIS/emg_data/closed_vocab/silent/5-19_silent/181_emg.npy,/Users/vedantdwivedi/Desktop/IRIS/silent_speech_alignments/text_alignments/5-9/5-9_181_audio.TextGrid,7,PORTMANTEAU,2.72,3.47,0.75,1632,2082
467,181,/Users/vedantdwivedi/Desktop/IRIS/emg_data/closed_vocab/silent/5-19_silent/181_emg.npy,/Users/vedantdwivedi/Desktop/IRIS/silent_speech_alignments/text_alignments/5-9/5-9_181_audio.TextGrid,8,HE,3.47,3.58,0.10999999999999988,2082,2148
468,181,/Users/vedantdwivedi/Desktop/IRIS/emg_data/closed_vocab/silent/5-19_silent/181_emg.npy,/Users/vedantdwivedi/Desktop/IRIS/silent_speech_alignments/text_alignments/5-9/5-9_181_audio.TextGrid,9,CARRIED,3.58,4.03,0.4500000000000002,2148,2418
469,181,/Users/vedantdwivedi/Desktop/IRIS/emg_data/closed_vocab/silent/5-19_silent/181_emg.npy,/Users/vedantdwivedi/Desktop/IRIS/silent_speech_alignments/text_alignments/5-9/5-9_181_audio.TextGrid,10,ON,4.15,4.27,0.11999999999999922,2490,2562
470,181,/Users/vedantdwivedi/Desktop/IRIS/emg_data/closed_vocab/silent/5-19_silent/181_emg.npy,/Users/vedantdwivedi/Desktop/IRIS/silent_speech_alignments/text_alignments/5-9/5-9_181_audio.TextGrid,11,HIS,4.27,4.42,0.15000000000000036,2562,2652
471,181,/Users/vedantdwivedi/Desktop/IRIS/emg_data/closed_vocab/silent/5-19_silent/181_emg.npy,/Users/vedantdwivedi/Desktop/IRIS/silent_speech_alignments/text_alignments/5-9/5-9_181_audio.TextGrid,12,SHOULDER,4.42,4.91,0.4900000000000002,2652,2946
472,182,/Users/vedantdwivedi/Desktop/IRIS/emg_data/closed_vocab/silent/5-19_silent/182_emg.npy,/Users/vedantdwivedi/Desktop/IRIS/silent_speech_alignments/text_alignments/5-9/5-9_182_audio.TextGrid,0,A,0.94,1.08,0.14000000000000012,564,648
473,182,/Users/vedantdwivedi/Desktop/IRIS/emg_data/closed_vocab/silent/5-19_silent/182_emg.npy,/Users/vedantdwivedi/Desktop/IRIS/silent_speech_alignments/text_alignments/5-9/5-9_182_audio.TextGrid,1,WOMAN,1.08,1.42,0.33999999999999986,648,852
474,182,/Users/vedantdwivedi/Desktop/IRIS/emg_data/closed_vocab/silent/5-19_silent/182_emg.npy,/Users/vedantdwivedi/Desktop/IRIS/silent_speech_alignments/text_alignments/5-9/5-9_182_audio.TextGrid,2,THRUST,1.42,1.84,0.42000000000000015,852,1104
475,182,/Users/vedantdwivedi/Desktop/IRIS/emg_data/closed_vocab/silent/5-19_silent/182_emg.npy,/Users/vedantdwivedi/Desktop/IRIS/silent_speech_alignments/text_alignments/5-9/5-9_182_audio.TextGrid,3,AT,1.84,1.94,0.09999999999999987,1104,1164
476,182,/Users/vedantdwivedi/Desktop/IRIS/emg_data/closed_vocab/silent/5-19_silent/182_emg.npy,/Users/vedantdwivedi/Desktop/IRIS/silent_speech_alignments/text_alignments/5-9/5-9_182_audio.TextGrid,4,ME,1.94,2.23,0.29000000000000004,1164,1338
477,182,/Users/vedantdwivedi/Desktop/IRIS/emg_data/closed_vocab/silent/5-19_silent/182_emg.npy,/Users/vedantdwivedi/Desktop/IRIS/silent_speech_alignments/text_alignments/5-9/5-9_182_audio.TextGrid,5,WITH,2.26,2.41,0.15000000000000036,1356,1446
478,182,/Users/vedantdwivedi/Desktop/IRIS/emg_data/closed_vocab/silent/5-19_silent/182_emg.npy,/Users/vedantdwivedi/Desktop/IRIS/silent_speech_alignments/text_alignments/5-9/5-9_182_audio.TextGrid,6,HER,2.41,2.58,0.16999999999999993,1446,1548
479,182,/Users/vedantdwivedi/Desktop/IRIS/emg_data/closed_vocab/silent/5-19_silent/182_emg.npy,/Users/vedantdwivedi/Desktop/IRIS/silent_speech_alignments/text_alignments/5-9/5-9_182_audio.TextGrid,7,HAND,2.58,2.99,0.41000000000000014,1548,1794
480,182,/Users/vedantdwivedi/Desktop/IRIS/emg_data/closed_vocab/silent/5-19_silent/182_emg.npy,/Users/vedantdwivedi/Desktop/IRIS/silent_speech_alignments/text_alignments/5-9/5-9_182_audio.TextGrid,8,AND,3.03,3.19,0.16000000000000014,1818,1914
481,182,/Users/vedantdwivedi/Desktop/IRIS/emg_data/closed_vocab/silent/5-19_silent/182_emg.npy,/Users/vedantdwivedi/Desktop/IRIS/silent_speech_alignments/text_alignments/5-9/5-9_182_audio.TextGrid,9,RUSHED,3.19,3.52,0.33000000000000007,1914,2112
482,182,/Users/vedantdwivedi/Desktop/IRIS/emg_data/closed_vocab/silent/5-19_silent/182_emg.npy,/Users/vedantdwivedi/Desktop/IRIS/silent_speech_alignments/text_alignments/5-9/5-9_182_audio.TextGrid,10,PAST,3.52,3.88,0.3599999999999999,2112,2328
483,182,/Users/vedantdwivedi/Desktop/IRIS/emg_data/closed_vocab/silent/5-19_silent/182_emg.npy,/Users/vedantdwivedi/Desktop/IRIS/silent_speech_alignments/text_alignments/5-9/5-9_182_audio.TextGrid,11,ME,3.88,4.12,0.2400000000000002,2328,2472
484,184,/Users/vedantdwivedi/Desktop/IRIS/emg_data/closed_vocab/silent/5-19_silent/184_emg.npy,/Users/vedantdwivedi/Desktop/IRIS/silent_speech_alignments/text_alignments/5-9/5-9_184_audio.TextGrid,0,THE,0.73,0.83,0.09999999999999998,438,498
485,185,/Users/vedantdwivedi/Desktop/IRIS/emg_data/closed_vocab/silent/5-19_silent/185_emg.npy,/Users/vedantdwivedi/Desktop/IRIS/silent_speech_alignments/text_alignments/5-9/5-9_185_audio.TextGrid,0,TO,1.64,1.78,0.14000000000000012,984,1068
486,185,/Users/vedantdwivedi/Desktop/IRIS/emg_data/closed_vocab/silent/5-19_silent/185_emg.npy,/Users/vedantdwivedi/Desktop/IRIS/silent_speech_alignments/text_alignments/5-9/5-9_185_audio.TextGrid,1,GET,1.78,2.06,0.28,1068,1236
487,185,/Users/vedantdwivedi/Desktop/IRIS/emg_data/closed_vocab/silent/5-19_silent/185_emg.npy,/Users/vedantdwivedi/Desktop/IRIS/silent_speech_alignments/text_alignments/5-9/5-9_185_audio.TextGrid,2,UNDER,2.06,2.29,0.22999999999999998,1236,1374
488,185,/Users/vedantdwivedi/Desktop/IRIS/emg_data/closed_vocab/silent/5-19_silent/185_emg.npy,/Users/vedantdwivedi/Desktop/IRIS/silent_speech_alignments/text_alignments/5-9/5-9_185_audio.TextGrid,3,WATER,2.29,2.77,0.48,1374,1662
489,186,/Users/vedantdwivedi/Desktop/IRIS/emg_data/closed_vocab/silent/5-19_silent/186_emg.npy,/Users/vedantdwivedi/Desktop/IRIS/silent_speech_alignments/text_alignments/5-9/5-9_186_audio.TextGrid,0,THAT,0.57,0.88,0.31000000000000005,342,528
490,186,/Users/vedantdwivedi/Desktop/IRIS/emg_data/closed_vocab/silent/5-19_silent/186_emg.npy,/Users/vedantdwivedi/Desktop/IRIS/silent_speech_alignments/text_alignments/5-9/5-9_186_audio.TextGrid,1,WAS,0.88,1.05,0.17000000000000004,528,630
491,186,/Users/vedantdwivedi/Desktop/IRIS/emg_data/closed_vocab/silent/5-19_silent/186_emg.npy,/Users/vedantdwivedi/Desktop/IRIS/silent_speech_alignments/text_alignments/5-9/5-9_186_audio.TextGrid,2,IT,1.05,1.3,0.25,630,780
492,187,/Users/vedantdwivedi/Desktop/IRIS/emg_data/closed_vocab/silent/5-19_silent/187_emg.npy,/Users/vedantdwivedi/Desktop/IRIS/silent_speech_alignments/text_alignments/5-9/5-9_187_audio.TextGrid,0,GET,0.77,1.0,0.22999999999999998,462,600
493,187,/Users/vedantdwivedi/Desktop/IRIS/emg_data/closed_vocab/silent/5-19_silent/187_emg.npy,/Users/vedantdwivedi/Desktop/IRIS/silent_speech_alignments/text_alignments/5-9/5-9_187_audio.TextGrid,1,UNDER,1.0,1.25,0.25,600,750
494,187,/Users/vedantdwivedi/Desktop/IRIS/emg_data/closed_vocab/silent/5-19_silent/187_emg.npy,/Users/vedantdwivedi/Desktop/IRIS/silent_speech_alignments/text_alignments/5-9/5-9_187_audio.TextGrid,2,WATER,1.25,1.62,0.3700000000000001,750,972
495,187,/Users/vedantdwivedi/Desktop/IRIS/emg_data/closed_vocab/silent/5-19_silent/187_emg.npy,/Users/vedantdwivedi/Desktop/IRIS/silent_speech_alignments/text_alignments/5-9/5-9_187_audio.TextGrid,3,I,1.62,1.68,0.05999999999999983,972,1008
496,187,/Users/vedantdwivedi/Desktop/IRIS/emg_data/closed_vocab/silent/5-19_silent/187_emg.npy,/Users/vedantdwivedi/Desktop/IRIS/silent_speech_alignments/text_alignments/5-9/5-9_187_audio.TextGrid,4,SHOUTED,1.68,2.17,0.49,1008,1302
497,187,/Users/vedantdwivedi/Desktop/IRIS/emg_data/closed_vocab/silent/5-19_silent/187_emg.npy,/Users/vedantdwivedi/Desktop/IRIS/silent_speech_alignments/text_alignments/5-9/5-9_187_audio.TextGrid,5,UNHEEDED,2.49,3.15,0.6599999999999997,1494,1890
498,188,/Users/vedantdwivedi/Desktop/IRIS/emg_data/closed_vocab/silent/5-19_silent/188_emg.npy,/Users/vedantdwivedi/Desktop/IRIS/silent_speech_alignments/text_alignments/5-9/5-9_188_audio.TextGrid,0,I,1.07,1.2,0.1299999999999999,642,720
499,188,/Users/vedantdwivedi/Desktop/IRIS/emg_data/closed_vocab/silent/5-19_silent/188_emg.npy,/Users/vedantdwivedi/Desktop/IRIS/silent_speech_alignments/text_alignments/5-9/5-9_188_audio.TextGrid,1,FACED,1.2,1.55,0.3500000000000001,720,930
500,188,/Users/vedantdwivedi/Desktop/IRIS/emg_data/closed_vocab/silent/5-19_silent/188_emg.npy,/Users/vedantdwivedi/Desktop/IRIS/silent_speech_alignments/text_alignments/5-9/5-9_188_audio.TextGrid,2,ABOUT,1.55,1.8,0.25,930,1080
501,188,/Users/vedantdwivedi/Desktop/IRIS/emg_data/closed_vocab/silent/5-19_silent/188_emg.npy,/Users/vedantdwivedi/Desktop/IRIS/silent_speech_alignments/text_alignments/5-9/5-9_188_audio.TextGrid,3,AGAIN,1.8,2.28,0.47999999999999976,1080,1368
502,188,/Users/vedantdwivedi/Desktop/IRIS/emg_data/closed_vocab/silent/5-19_silent/188_emg.npy,/Users/vedantdwivedi/Desktop/IRIS/silent_speech_alignments/text_alignments/5-9/5-9_188_audio.TextGrid,4,AND,2.8,2.97,0.17000000000000037,1680,1782
503,188,/Users/vedantdwivedi/Desktop/IRIS/emg_data/closed_vocab/silent/5-19_silent/188_emg.npy,/Users/vedantdwivedi/Desktop/IRIS/silent_speech_alignments/text_alignments/5-9/5-9_188_audio.TextGrid,5,RUSHED,2.97,3.39,0.41999999999999993,1782,2034
504,188,/Users/vedantdwivedi/Desktop/IRIS/emg_data/closed_vocab/silent/5-19_silent/188_emg.npy,/Users/vedantdwivedi/Desktop/IRIS/silent_speech_alignments/text_alignments/5-9/5-9_188_audio.TextGrid,6,TOWARDS,3.39,3.65,0.2599999999999998,2034,2190
505,188,/Users/vedantdwivedi/Desktop/IRIS/emg_data/closed_vocab/silent/5-19_silent/188_emg.npy,/Users/vedantdwivedi/Desktop/IRIS/silent_speech_alignments/text_alignments/5-9/5-9_188_audio.TextGrid,7,THE,3.65,3.75,0.10000000000000009,2190,2250
506,188,/Users/vedantdwivedi/Desktop/IRIS/emg_data/closed_vocab/silent/5-19_silent/188_emg.npy,/Users/vedantdwivedi/Desktop/IRIS/silent_speech_alignments/text_alignments/5-9/5-9_188_audio.TextGrid,8,APPROACHING,3.75,4.2,0.4500000000000002,2250,2502
507,189,/Users/vedantdwivedi/Desktop/IRIS/emg_data/closed_vocab/silent/5-19_silent/189_emg.npy,/Users/vedantdwivedi/Desktop/IRIS/silent_speech_alignments/text_alignments/5-9/5-9_189_audio.TextGrid,0,OTHERS,1.14,1.49,0.3500000000000001,684,894
508,189,/Users/vedantdwivedi/Desktop/IRIS/emg_data/closed_vocab/silent/5-19_silent/189_emg.npy,/Users/vedantdwivedi/Desktop/IRIS/silent_speech_alignments/text_alignments/5-9/5-9_189_audio.TextGrid,1,DID,1.49,1.63,0.1399999999999999,894,978
509,189,/Users/vedantdwivedi/Desktop/IRIS/emg_data/closed_vocab/silent/5-19_silent/189_emg.npy,/Users/vedantdwivedi/Desktop/IRIS/silent_speech_alignments/text_alignments/5-9/5-9_189_audio.TextGrid,2,THE,1.63,1.72,0.09000000000000008,978,1032
510,189,/Users/vedantdwivedi/Desktop/IRIS/emg_data/closed_vocab/silent/5-19_silent/189_emg.npy,/Users/vedantdwivedi/Desktop/IRIS/silent_speech_alignments/text_alignments/5-9/5-9_189_audio.TextGrid,3,SAME,1.72,2.25,0.53,1032,1350
511,18,/Users/vedantdwivedi/Desktop/IRIS/emg_data/closed_vocab/silent/5-19_silent/18_emg.npy,/Users/vedantdwivedi/Desktop/IRIS/silent_speech_alignments/text_alignments/5-9/5-9_18_audio.TextGrid,0,HE,0.74,0.9,0.16000000000000003,444,540
512,18,/Users/vedantdwivedi/Desktop/IRIS/emg_data/closed_vocab/silent/5-19_silent/18_emg.npy,/Users/vedantdwivedi/Desktop/IRIS/silent_speech_alignments/text_alignments/5-9/5-9_18_audio.TextGrid,1,MADE,0.9,1.14,0.23999999999999988,540,684
513,18,/Users/vedantdwivedi/Desktop/IRIS/emg_data/closed_vocab/silent/5-19_silent/18_emg.npy,/Users/vedantdwivedi/Desktop/IRIS/silent_speech_alignments/text_alignments/5-9/5-9_18_audio.TextGrid,2,ME,1.14,1.25,0.1100000000000001,684,750
514,18,/Users/vedantdwivedi/Desktop/IRIS/emg_data/closed_vocab/silent/5-19_silent/18_emg.npy,/Users/vedantdwivedi/Desktop/IRIS/silent_speech_alignments/text_alignments/5-9/5-9_18_audio.TextGrid,3,RANSACK,1.25,1.75,0.5,750,1050
515,18,/Users/vedantdwivedi/Desktop/IRIS/emg_data/closed_vocab/silent/5-19_silent/18_emg.npy,/Users/vedantdwivedi/Desktop/IRIS/silent_speech_alignments/text_alignments/5-9/5-9_18_audio.TextGrid,4,THE,1.75,1.83,0.08000000000000007,1050,1098
516,18,/Users/vedantdwivedi/Desktop/IRIS/emg_data/closed_vocab/silent/5-19_silent/18_emg.npy,/Users/vedantdwivedi/Desktop/IRIS/silent_speech_alignments/text_alignments/5-9/5-9_18_audio.TextGrid,5,HOUSE,1.83,2.28,0.44999999999999973,1098,1368
517,18,/Users/vedantdwivedi/Desktop/IRIS/emg_data/closed_vocab/silent/5-19_silent/18_emg.npy,/Users/vedantdwivedi/Desktop/IRIS/silent_speech_alignments/text_alignments/5-9/5-9_18_audio.TextGrid,6,FOR,2.32,2.55,0.22999999999999998,1392,1530
518,18,/Users/vedantdwivedi/Desktop/IRIS/emg_data/closed_vocab/silent/5-19_silent/18_emg.npy,/Users/vedantdwivedi/Desktop/IRIS/silent_speech_alignments/text_alignments/5-9/5-9_18_audio.TextGrid,7,A,2.55,2.58,0.03000000000000025,1530,1548
519,18,/Users/vedantdwivedi/Desktop/IRIS/emg_data/closed_vocab/silent/5-19_silent/18_emg.npy,/Users/vedantdwivedi/Desktop/IRIS/silent_speech_alignments/text_alignments/5-9/5-9_18_audio.TextGrid,8,FLASK,2.58,3.18,0.6000000000000001,1548,1908
520,18,/Users/vedantdwivedi/Desktop/IRIS/emg_data/closed_vocab/silent/5-19_silent/18_emg.npy,/Users/vedantdwivedi/Desktop/IRIS/silent_speech_alignments/text_alignments/5-9/5-9_18_audio.TextGrid,9,WHICH,3.63,3.8,0.16999999999999993,2178,2280
521,18,/Users/vedantdwivedi/Desktop/IRIS/emg_data/closed_vocab/silent/5-19_silent/18_emg.npy,/Users/vedantdwivedi/Desktop/IRIS/silent_speech_alignments/text_alignments/5-9/5-9_18_audio.TextGrid,10,HE,3.8,3.93,0.13000000000000034,2280,2358
522,18,/Users/vedantdwivedi/Desktop/IRIS/emg_data/closed_vocab/silent/5-19_silent/18_emg.npy,/Users/vedantdwivedi/Desktop/IRIS/silent_speech_alignments/text_alignments/5-9/5-9_18_audio.TextGrid,11,FILLED,3.93,4.2,0.27,2358,2520
523,18,/Users/vedantdwivedi/Desktop/IRIS/emg_data/closed_vocab/silent/5-19_silent/18_emg.npy,/Users/vedantdwivedi/Desktop/IRIS/silent_speech_alignments/text_alignments/5-9/5-9_18_audio.TextGrid,12,WITH,4.2,4.34,0.13999999999999968,2520,2604
524,18,/Users/vedantdwivedi/Desktop/IRIS/emg_data/closed_vocab/silent/5-19_silent/18_emg.npy,/Users/vedantdwivedi/Desktop/IRIS/silent_speech_alignments/text_alignments/5-9/5-9_18_audio.TextGrid,13,WHISKY,4.34,4.89,0.5499999999999998,2604,2796
525,190,/Users/vedantdwivedi/Desktop/IRIS/emg_data/closed_vocab/silent/5-19_silent/190_emg.npy,/Users/vedantdwivedi/Desktop/IRIS/silent_speech_alignments/text_alignments/5-9/5-9_190_audio.TextGrid,0,A,0.88,0.98,0.09999999999999998,528,588
526,190,/Users/vedantdwivedi/Desktop/IRIS/emg_data/closed_vocab/silent/5-19_silent/190_emg.npy,/Users/vedantdwivedi/Desktop/IRIS/silent_speech_alignments/text_alignments/5-9/5-9_190_audio.TextGrid,1,BOATLOAD,0.98,1.42,0.43999999999999995,588,852
527,190,/Users/vedantdwivedi/Desktop/IRIS/emg_data/closed_vocab/silent/5-19_silent/190_emg.npy,/Users/vedantdwivedi/Desktop/IRIS/silent_speech_alignments/text_alignments/5-9/5-9_190_audio.TextGrid,2,OF,1.42,1.55,0.13000000000000012,852,930
528,190,/Users/vedantdwivedi/Desktop/IRIS/emg_data/closed_vocab/silent/5-19_silent/190_emg.npy,/Users/vedantdwivedi/Desktop/IRIS/silent_speech_alignments/text_alignments/5-9/5-9_190_audio.TextGrid,3,PEOPLE,1.55,2.08,0.53,930,1248
529,190,/Users/vedantdwivedi/Desktop/IRIS/emg_data/closed_vocab/silent/5-19_silent/190_emg.npy,/Users/vedantdwivedi/Desktop/IRIS/silent_speech_alignments/text_alignments/5-9/5-9_190_audio.TextGrid,4,PUTTING,2.64,2.97,0.33000000000000007,1584,1782
530,190,/Users/vedantdwivedi/Desktop/IRIS/emg_data/closed_vocab/silent/5-19_silent/190_emg.npy,/Users/vedantdwivedi/Desktop/IRIS/silent_speech_alignments/text_alignments/5-9/5-9_190_audio.TextGrid,5,BACK,2.97,3.42,0.44999999999999973,1782,2052
531,190,/Users/vedantdwivedi/Desktop/IRIS/emg_data/closed_vocab/silent/5-19_silent/190_emg.npy,/Users/vedantdwivedi/Desktop/IRIS/silent_speech_alignments/text_alignments/5-9/5-9_190_audio.TextGrid,6,CAME,3.84,4.16,0.3200000000000003,2304,2496
532,190,/Users/vedantdwivedi/Desktop/IRIS/emg_data/closed_vocab/silent/5-19_silent/190_emg.npy,/Users/vedantdwivedi/Desktop/IRIS/silent_speech_alignments/text_alignments/5-9/5-9_190_audio.TextGrid,7,LEAPING,4.16,4.53,0.3700000000000001,2496,2718
533,190,/Users/vedantdwivedi/Desktop/IRIS/emg_data/closed_vocab/silent/5-19_silent/190_emg.npy,/Users/vedantdwivedi/Desktop/IRIS/silent_speech_alignments/text_alignments/5-9/5-9_190_audio.TextGrid,8,OUT,4.53,4.78,0.25,2718,2838
534,191,/Users/vedantdwivedi/Desktop/IRIS/emg_data/closed_vocab/silent/5-19_silent/191_emg.npy,/Users/vedantdwivedi/Desktop/IRIS/silent_speech_alignments/text_alignments/5-9/5-9_191_audio.TextGrid,0,THE,0.77,0.89,0.12,462,534
535,191,/Users/vedantdwivedi/Desktop/IRIS/emg_data/closed_vocab/silent/5-19_silent/191_emg.npy,/Users/vedantdwivedi/Desktop/IRIS/silent_speech_alignments/text_alignments/5-9/5-9_191_audio.TextGrid,1,STONES,0.89,1.3,0.41000000000000003,534,780
536,191,/Users/vedantdwivedi/Desktop/IRIS/emg_data/closed_vocab/silent/5-19_silent/191_emg.npy,/Users/vedantdwivedi/Desktop/IRIS/silent_speech_alignments/text_alignments/5-9/5-9_191_audio.TextGrid,2,UNDER,1.3,1.48,0.17999999999999994,780,888
537,191,/Users/vedantdwivedi/Desktop/IRIS/emg_data/closed_vocab/silent/5-19_silent/191_emg.npy,/Users/vedantdwivedi/Desktop/IRIS/silent_speech_alignments/text_alignments/5-9/5-9_191_audio.TextGrid,3,MY,1.48,1.62,0.14000000000000012,888,972
538,191,/Users/vedantdwivedi/Desktop/IRIS/emg_data/closed_vocab/silent/5-19_silent/191_emg.npy,/Users/vedantdwivedi/Desktop/IRIS/silent_speech_alignments/text_alignments/5-9/5-9_191_audio.TextGrid,4,FEET,1.62,2.01,0.3899999999999997,972,1206
539,191,/Users/vedantdwivedi/Desktop/IRIS/emg_data/closed_vocab/silent/5-19_silent/191_emg.npy,/Users/vedantdwivedi/Desktop/IRIS/silent_speech_alignments/text_alignments/5-9/5-9_191_audio.TextGrid,5,WERE,2.24,2.39,0.1499999999999999,1344,1434
540,191,/Users/vedantdwivedi/Desktop/IRIS/emg_data/closed_vocab/silent/5-19_silent/191_emg.npy,/Users/vedantdwivedi/Desktop/IRIS/silent_speech_alignments/text_alignments/5-9/5-9_191_audio.TextGrid,6,MUDDY,2.39,2.69,0.2999999999999998,1434,1614
541,191,/Users/vedantdwivedi/Desktop/IRIS/emg_data/closed_vocab/silent/5-19_silent/191_emg.npy,/Users/vedantdwivedi/Desktop/IRIS/silent_speech_alignments/text_alignments/5-9/5-9_191_audio.TextGrid,7,AND,2.69,2.82,0.1299999999999999,1614,1692
542,191,/Users/vedantdwivedi/Desktop/IRIS/emg_data/closed_vocab/silent/5-19_silent/191_emg.npy,/Users/vedantdwivedi/Desktop/IRIS/silent_speech_alignments/text_alignments/5-9/5-9_191_audio.TextGrid,8,SLIPPERY,2.82,3.42,0.6000000000000001,1692,2052
543,191,/Users/vedantdwivedi/Desktop/IRIS/emg_data/closed_vocab/silent/5-19_silent/191_emg.npy,/Users/vedantdwivedi/Desktop/IRIS/silent_speech_alignments/text_alignments/5-9/5-9_191_audio.TextGrid,9,AND,3.66,3.77,0.10999999999999988,2196,2262
544,191,/Users/vedantdwivedi/Desktop/IRIS/emg_data/closed_vocab/silent/5-19_silent/191_emg.npy,/Users/vedantdwivedi/Desktop/IRIS/silent_speech_alignments/text_alignments/5-9/5-9_191_audio.TextGrid,10,THE,3.77,3.87,0.10000000000000009,2262,2322
545,191,/Users/vedantdwivedi/Desktop/IRIS/emg_data/closed_vocab/silent/5-19_silent/191_emg.npy,/Users/vedantdwivedi/Desktop/IRIS/silent_speech_alignments/text_alignments/5-9/5-9_191_audio.TextGrid,11,RIVER,3.87,4.3,0.4299999999999997,2322,2580
546,191,/Users/vedantdwivedi/Desktop/IRIS/emg_data/closed_vocab/silent/5-19_silent/191_emg.npy,/Users/vedantdwivedi/Desktop/IRIS/silent_speech_alignments/text_alignments/5-9/5-9_191_audio.TextGrid,12,WAS,4.41,4.59,0.17999999999999972,2646,2724
547,192,/Users/vedantdwivedi/Desktop/IRIS/emg_data/closed_vocab/silent/5-19_silent/192_emg.npy,/Users/vedantdwivedi/Desktop/IRIS/silent_speech_alignments/text_alignments/5-9/5-9_192_audio.TextGrid,0,THEN,0.75,1.22,0.47,450,500
548,193,/Users/vedantdwivedi/Desktop/IRIS/emg_data/closed_vocab/silent/5-19_silent/193_emg.npy,/Users/vedantdwivedi/Desktop/IRIS/silent_speech_alignments/text_alignments/5-9/5-9_193_audio.TextGrid,0,THE,0.66,0.76,0.09999999999999998,396,456
549,193,/Users/vedantdwivedi/Desktop/IRIS/emg_data/closed_vocab/silent/5-19_silent/193_emg.npy,/Users/vedantdwivedi/Desktop/IRIS/silent_speech_alignments/text_alignments/5-9/5-9_193_audio.TextGrid,1,SPLASHES,0.76,1.21,0.44999999999999996,456,500
550,194,/Users/vedantdwivedi/Desktop/IRIS/emg_data/closed_vocab/silent/5-19_silent/194_emg.npy,/Users/vedantdwivedi/Desktop/IRIS/silent_speech_alignments/text_alignments/5-9/5-9_194_audio.TextGrid,0,PEOPLE,0.79,1.13,0.33999999999999986,474,678
551,194,/Users/vedantdwivedi/Desktop/IRIS/emg_data/closed_vocab/silent/5-19_silent/194_emg.npy,/Users/vedantdwivedi/Desktop/IRIS/silent_speech_alignments/text_alignments/5-9/5-9_194_audio.TextGrid,1,WERE,1.13,1.29,0.16000000000000014,678,774
552,194,/Users/vedantdwivedi/Desktop/IRIS/emg_data/closed_vocab/silent/5-19_silent/194_emg.npy,/Users/vedantdwivedi/Desktop/IRIS/silent_speech_alignments/text_alignments/5-9/5-9_194_audio.TextGrid,2,LANDING,1.29,1.79,0.5,774,1074
553,194,/Users/vedantdwivedi/Desktop/IRIS/emg_data/closed_vocab/silent/5-19_silent/194_emg.npy,/Users/vedantdwivedi/Desktop/IRIS/silent_speech_alignments/text_alignments/5-9/5-9_194_audio.TextGrid,3,HASTILY,2.0,2.51,0.5099999999999998,1200,1506
554,194,/Users/vedantdwivedi/Desktop/IRIS/emg_data/closed_vocab/silent/5-19_silent/194_emg.npy,/Users/vedantdwivedi/Desktop/IRIS/silent_speech_alignments/text_alignments/5-9/5-9_194_audio.TextGrid,4,ON,2.51,2.65,0.14000000000000012,1506,1590
555,194,/Users/vedantdwivedi/Desktop/IRIS/emg_data/closed_vocab/silent/5-19_silent/194_emg.npy,/Users/vedantdwivedi/Desktop/IRIS/silent_speech_alignments/text_alignments/5-9/5-9_194_audio.TextGrid,5,BOTH,2.65,2.91,0.26000000000000023,1590,1746
556,194,/Users/vedantdwivedi/Desktop/IRIS/emg_data/closed_vocab/silent/5-19_silent/194_emg.npy,/Users/vedantdwivedi/Desktop/IRIS/silent_speech_alignments/text_alignments/5-9/5-9_194_audio.TextGrid,6,SIDES,2.91,3.32,0.4099999999999997,1746,1992
557,194,/Users/vedantdwivedi/Desktop/IRIS/emg_data/closed_vocab/silent/5-19_silent/194_emg.npy,/Users/vedantdwivedi/Desktop/IRIS/silent_speech_alignments/text_alignments/5-9/5-9_194_audio.TextGrid,7,OF,3.32,3.43,0.11000000000000032,1992,2058
558,194,/Users/vedantdwivedi/Desktop/IRIS/emg_data/closed_vocab/silent/5-19_silent/194_emg.npy,/Users/vedantdwivedi/Desktop/IRIS/silent_speech_alignments/text_alignments/5-9/5-9_194_audio.TextGrid,8,THE,3.43,3.49,0.06000000000000005,2058,2094
559,194,/Users/vedantdwivedi/Desktop/IRIS/emg_data/closed_vocab/silent/5-19_silent/194_emg.npy,/Users/vedantdwivedi/Desktop/IRIS/silent_speech_alignments/text_alignments/5-9/5-9_194_audio.TextGrid,9,RIVER,3.49,3.86,0.36999999999999966,2094,2316
560,195,/Users/vedantdwivedi/Desktop/IRIS/emg_data/closed_vocab/silent/5-19_silent/195_emg.npy,/Users/vedantdwivedi/Desktop/IRIS/silent_speech_alignments/text_alignments/5-9/5-9_195_audio.TextGrid,0,BUT,1.12,1.27,0.1499999999999999,672,762
561,195,/Users/vedantdwivedi/Desktop/IRIS/emg_data/closed_vocab/silent/5-19_silent/195_emg.npy,/Users/vedantdwivedi/Desktop/IRIS/silent_speech_alignments/text_alignments/5-9/5-9_195_audio.TextGrid,1,THE,1.27,1.35,0.08000000000000007,762,810
562,195,/Users/vedantdwivedi/Desktop/IRIS/emg_data/closed_vocab/silent/5-19_silent/195_emg.npy,/Users/vedantdwivedi/Desktop/IRIS/silent_speech_alignments/text_alignments/5-9/5-9_195_audio.TextGrid,2,MARTIAN,1.35,1.88,0.5299999999999998,810,1128
563,195,/Users/vedantdwivedi/Desktop/IRIS/emg_data/closed_vocab/silent/5-19_silent/195_emg.npy,/Users/vedantdwivedi/Desktop/IRIS/silent_speech_alignments/text_alignments/5-9/5-9_195_audio.TextGrid,3,MACHINE,1.91,2.46,0.55,1146,1476
564,195,/Users/vedantdwivedi/Desktop/IRIS/emg_data/closed_vocab/silent/5-19_silent/195_emg.npy,/Users/vedantdwivedi/Desktop/IRIS/silent_speech_alignments/text_alignments/5-9/5-9_195_audio.TextGrid,4,TOOK,2.49,2.75,0.2599999999999998,1494,1650
565,195,/Users/vedantdwivedi/Desktop/IRIS/emg_data/closed_vocab/silent/5-19_silent/195_emg.npy,/Users/vedantdwivedi/Desktop/IRIS/silent_speech_alignments/text_alignments/5-9/5-9_195_audio.TextGrid,5,NO,3.0,3.28,0.2799999999999998,1800,1968
566,195,/Users/vedantdwivedi/Desktop/IRIS/emg_data/closed_vocab/silent/5-19_silent/195_emg.npy,/Users/vedantdwivedi/Desktop/IRIS/silent_speech_alignments/text_alignments/5-9/5-9_195_audio.TextGrid,6,MORE,3.28,3.52,0.2400000000000002,1968,2112
567,195,/Users/vedantdwivedi/Desktop/IRIS/emg_data/closed_vocab/silent/5-19_silent/195_emg.npy,/Users/vedantdwivedi/Desktop/IRIS/silent_speech_alignments/text_alignments/5-9/5-9_195_audio.TextGrid,7,NOTICE,3.52,4.1,0.5799999999999996,2112,2460
568,195,/Users/vedantdwivedi/Desktop/IRIS/emg_data/closed_vocab/silent/5-19_silent/195_emg.npy,/Users/vedantdwivedi/Desktop/IRIS/silent_speech_alignments/text_alignments/5-9/5-9_195_audio.TextGrid,8,FOR,4.43,4.54,0.11000000000000032,2658,2724
569,195,/Users/vedantdwivedi/Desktop/IRIS/emg_data/closed_vocab/silent/5-19_silent/195_emg.npy,/Users/vedantdwivedi/Desktop/IRIS/silent_speech_alignments/text_alignments/5-9/5-9_195_audio.TextGrid,9,THE,4.54,4.63,0.08999999999999986,2724,2778
570,195,/Users/vedantdwivedi/Desktop/IRIS/emg_data/closed_vocab/silent/5-19_silent/195_emg.npy,/Users/vedantdwivedi/Desktop/IRIS/silent_speech_alignments/text_alignments/5-9/5-9_195_audio.TextGrid,10,MOMENT,4.63,5.04,0.41000000000000014,2778,3024
571,195,/Users/vedantdwivedi/Desktop/IRIS/emg_data/closed_vocab/silent/5-19_silent/195_emg.npy,/Users/vedantdwivedi/Desktop/IRIS/silent_speech_alignments/text_alignments/5-9/5-9_195_audio.TextGrid,11,OF,5.1,5.25,0.15000000000000036,3060,3150
572,195,/Users/vedantdwivedi/Desktop/IRIS/emg_data/closed_vocab/silent/5-19_silent/195_emg.npy,/Users/vedantdwivedi/Desktop/IRIS/silent_speech_alignments/text_alignments/5-9/5-9_195_audio.TextGrid,12,THE,5.25,5.38,0.1299999999999999,3150,3228
573,195,/Users/vedantdwivedi/Desktop/IRIS/emg_data/closed_vocab/silent/5-19_silent/195_emg.npy,/Users/vedantdwivedi/Desktop/IRIS/silent_speech_alignments/text_alignments/5-9/5-9_195_audio.TextGrid,13,PEOPLE,5.38,5.91,0.5300000000000002,3228,3444
574,196,/Users/vedantdwivedi/Desktop/IRIS/emg_data/closed_vocab/silent/5-19_silent/196_emg.npy,/Users/vedantdwivedi/Desktop/IRIS/silent_speech_alignments/text_alignments/5-9/5-9_196_audio.TextGrid,0,WHEN,1.13,1.56,0.43000000000000016,678,936
575,196,/Users/vedantdwivedi/Desktop/IRIS/emg_data/closed_vocab/silent/5-19_silent/196_emg.npy,/Users/vedantdwivedi/Desktop/IRIS/silent_speech_alignments/text_alignments/5-9/5-9_196_audio.TextGrid,1,HALF,1.81,2.11,0.2999999999999998,1086,1266
576,196,/Users/vedantdwivedi/Desktop/IRIS/emg_data/closed_vocab/silent/5-19_silent/196_emg.npy,/Users/vedantdwivedi/Desktop/IRIS/silent_speech_alignments/text_alignments/5-9/5-9_196_audio.TextGrid,2,SUFFOCATED,2.11,2.74,0.6300000000000003,1266,1644
577,196,/Users/vedantdwivedi/Desktop/IRIS/emg_data/closed_vocab/silent/5-19_silent/196_emg.npy,/Users/vedantdwivedi/Desktop/IRIS/silent_speech_alignments/text_alignments/5-9/5-9_196_audio.TextGrid,3,I,3.01,3.15,0.14000000000000012,1806,1890
578,196,/Users/vedantdwivedi/Desktop/IRIS/emg_data/closed_vocab/silent/5-19_silent/196_emg.npy,/Users/vedantdwivedi/Desktop/IRIS/silent_speech_alignments/text_alignments/5-9/5-9_196_audio.TextGrid,4,RAISED,3.15,3.47,0.3200000000000003,1890,2082
579,196,/Users/vedantdwivedi/Desktop/IRIS/emg_data/closed_vocab/silent/5-19_silent/196_emg.npy,/Users/vedantdwivedi/Desktop/IRIS/silent_speech_alignments/text_alignments/5-9/5-9_196_audio.TextGrid,5,MY,3.47,3.59,0.11999999999999966,2082,2154
580,196,/Users/vedantdwivedi/Desktop/IRIS/emg_data/closed_vocab/silent/5-19_silent/196_emg.npy,/Users/vedantdwivedi/Desktop/IRIS/silent_speech_alignments/text_alignments/5-9/5-9_196_audio.TextGrid,6,HEAD,3.59,3.87,0.28000000000000025,2154,2322
581,196,/Users/vedantdwivedi/Desktop/IRIS/emg_data/closed_vocab/silent/5-19_silent/196_emg.npy,/Users/vedantdwivedi/Desktop/IRIS/silent_speech_alignments/text_alignments/5-9/5-9_196_audio.TextGrid,7,ABOVE,3.87,4.14,0.2699999999999996,2322,2484
582,196,/Users/vedantdwivedi/Desktop/IRIS/emg_data/closed_vocab/silent/5-19_silent/196_emg.npy,/Users/vedantdwivedi/Desktop/IRIS/silent_speech_alignments/text_alignments/5-9/5-9_196_audio.TextGrid,8,WATER,4.14,4.64,0.5,2484,2784
583,196,/Users/vedantdwivedi/Desktop/IRIS/emg_data/closed_vocab/silent/5-19_silent/196_emg.npy,/Users/vedantdwivedi/Desktop/IRIS/silent_speech_alignments/text_alignments/5-9/5-9_196_audio.TextGrid,9,THE,5.07,5.19,0.1200000000000001,3042,3114
584,196,/Users/vedantdwivedi/Desktop/IRIS/emg_data/closed_vocab/silent/5-19_silent/196_emg.npy,/Users/vedantdwivedi/Desktop/IRIS/silent_speech_alignments/text_alignments/5-9/5-9_196_audio.TextGrid,10,MARTIAN'S,5.19,5.62,0.4299999999999997,3114,3372
585,196,/Users/vedantdwivedi/Desktop/IRIS/emg_data/closed_vocab/silent/5-19_silent/196_emg.npy,/Users/vedantdwivedi/Desktop/IRIS/silent_speech_alignments/text_alignments/5-9/5-9_196_audio.TextGrid,11,HOOD,5.62,5.98,0.3600000000000003,3372,3588
586,197,/Users/vedantdwivedi/Desktop/IRIS/emg_data/closed_vocab/silent/5-19_silent/197_emg.npy,/Users/vedantdwivedi/Desktop/IRIS/silent_speech_alignments/text_alignments/5-9/5-9_197_audio.TextGrid,0,IN,1.19,1.3,0.1100000000000001,714,780
587,197,/Users/vedantdwivedi/Desktop/IRIS/emg_data/closed_vocab/silent/5-19_silent/197_emg.npy,/Users/vedantdwivedi/Desktop/IRIS/silent_speech_alignments/text_alignments/5-9/5-9_197_audio.TextGrid,1,ANOTHER,1.3,1.56,0.26,780,936
588,197,/Users/vedantdwivedi/Desktop/IRIS/emg_data/closed_vocab/silent/5-19_silent/197_emg.npy,/Users/vedantdwivedi/Desktop/IRIS/silent_speech_alignments/text_alignments/5-9/5-9_197_audio.TextGrid,2,MOMENT,1.56,1.97,0.4099999999999999,936,1182
589,197,/Users/vedantdwivedi/Desktop/IRIS/emg_data/closed_vocab/silent/5-19_silent/197_emg.npy,/Users/vedantdwivedi/Desktop/IRIS/silent_speech_alignments/text_alignments/5-9/5-9_197_audio.TextGrid,3,IT,2.26,2.36,0.10000000000000009,1356,1416
590,197,/Users/vedantdwivedi/Desktop/IRIS/emg_data/closed_vocab/silent/5-19_silent/197_emg.npy,/Users/vedantdwivedi/Desktop/IRIS/silent_speech_alignments/text_alignments/5-9/5-9_197_audio.TextGrid,4,WAS,2.36,2.54,0.18000000000000016,1416,1524
591,197,/Users/vedantdwivedi/Desktop/IRIS/emg_data/closed_vocab/silent/5-19_silent/197_emg.npy,/Users/vedantdwivedi/Desktop/IRIS/silent_speech_alignments/text_alignments/5-9/5-9_197_audio.TextGrid,5,ON,2.58,2.92,0.33999999999999986,1548,1752
592,197,/Users/vedantdwivedi/Desktop/IRIS/emg_data/closed_vocab/silent/5-19_silent/197_emg.npy,/Users/vedantdwivedi/Desktop/IRIS/silent_speech_alignments/text_alignments/5-9/5-9_197_audio.TextGrid,6,THE,2.92,2.99,0.07000000000000028,1752,1794
593,197,/Users/vedantdwivedi/Desktop/IRIS/emg_data/closed_vocab/silent/5-19_silent/197_emg.npy,/Users/vedantdwivedi/Desktop/IRIS/silent_speech_alignments/text_alignments/5-9/5-9_197_audio.TextGrid,7,BANK,2.99,3.39,0.3999999999999999,1794,2034
594,197,/Users/vedantdwivedi/Desktop/IRIS/emg_data/closed_vocab/silent/5-19_silent/197_emg.npy,/Users/vedantdwivedi/Desktop/IRIS/silent_speech_alignments/text_alignments/5-9/5-9_197_audio.TextGrid,8,AND,3.82,3.98,0.16000000000000014,2292,2388
595,197,/Users/vedantdwivedi/Desktop/IRIS/emg_data/closed_vocab/silent/5-19_silent/197_emg.npy,/Users/vedantdwivedi/Desktop/IRIS/silent_speech_alignments/text_alignments/5-9/5-9_197_audio.TextGrid,9,IN,3.98,4.08,0.10000000000000009,2388,2448
596,197,/Users/vedantdwivedi/Desktop/IRIS/emg_data/closed_vocab/silent/5-19_silent/197_emg.npy,/Users/vedantdwivedi/Desktop/IRIS/silent_speech_alignments/text_alignments/5-9/5-9_197_audio.TextGrid,10,A,4.08,4.16,0.08000000000000007,2448,2496
597,197,/Users/vedantdwivedi/Desktop/IRIS/emg_data/closed_vocab/silent/5-19_silent/197_emg.npy,/Users/vedantdwivedi/Desktop/IRIS/silent_speech_alignments/text_alignments/5-9/5-9_197_audio.TextGrid,11,STRIDE,4.16,4.78,0.6200000000000001,2496,2556
598,19,/Users/vedantdwivedi/Desktop/IRIS/emg_data/closed_vocab/silent/5-19_silent/19_emg.npy,/Users/vedantdwivedi/Desktop/IRIS/silent_speech_alignments/text_alignments/5-9/5-9_19_audio.TextGrid,0,THEN,0.98,1.11,0.13000000000000012,588,666
599,19,/Users/vedantdwivedi/Desktop/IRIS/emg_data/closed_vocab/silent/5-19_silent/19_emg.npy,/Users/vedantdwivedi/Desktop/IRIS/silent_speech_alignments/text_alignments/5-9/5-9_19_audio.TextGrid,1,WE,1.11,1.26,0.1499999999999999,666,756
600,19,/Users/vedantdwivedi/Desktop/IRIS/emg_data/closed_vocab/silent/5-19_silent/19_emg.npy,/Users/vedantdwivedi/Desktop/IRIS/silent_speech_alignments/text_alignments/5-9/5-9_19_audio.TextGrid,2,CREPT,1.26,1.63,0.3699999999999999,756,978
601,19,/Users/vedantdwivedi/Desktop/IRIS/emg_data/closed_vocab/silent/5-19_silent/19_emg.npy,/Users/vedantdwivedi/Desktop/IRIS/silent_speech_alignments/text_alignments/5-9/5-9_19_audio.TextGrid,3,OUT,1.63,1.74,0.1100000000000001,978,1044
602,19,/Users/vedantdwivedi/Desktop/IRIS/emg_data/closed_vocab/silent/5-19_silent/19_emg.npy,/Users/vedantdwivedi/Desktop/IRIS/silent_speech_alignments/text_alignments/5-9/5-9_19_audio.TextGrid,4,OF,1.74,1.82,0.08000000000000007,1044,1092
603,19,/Users/vedantdwivedi/Desktop/IRIS/emg_data/closed_vocab/silent/5-19_silent/19_emg.npy,/Users/vedantdwivedi/Desktop/IRIS/silent_speech_alignments/text_alignments/5-9/5-9_19_audio.TextGrid,5,THE,1.82,1.9,0.07999999999999985,1092,1140
604,19,/Users/vedantdwivedi/Desktop/IRIS/emg_data/closed_vocab/silent/5-19_silent/19_emg.npy,/Users/vedantdwivedi/Desktop/IRIS/silent_speech_alignments/text_alignments/5-9/5-9_19_audio.TextGrid,6,HOUSE,1.9,2.45,0.5500000000000003,1140,1470
605,19,/Users/vedantdwivedi/Desktop/IRIS/emg_data/closed_vocab/silent/5-19_silent/19_emg.npy,/Users/vedantdwivedi/Desktop/IRIS/silent_speech_alignments/text_alignments/5-9/5-9_19_audio.TextGrid,7,AND,2.69,2.86,0.16999999999999993,1614,1716
606,19,/Users/vedantdwivedi/Desktop/IRIS/emg_data/closed_vocab/silent/5-19_silent/19_emg.npy,/Users/vedantdwivedi/Desktop/IRIS/silent_speech_alignments/text_alignments/5-9/5-9_19_audio.TextGrid,8,RAN,2.86,3.15,0.29000000000000004,1716,1890
607,19,/Users/vedantdwivedi/Desktop/IRIS/emg_data/closed_vocab/silent/5-19_silent/19_emg.npy,/Users/vedantdwivedi/Desktop/IRIS/silent_speech_alignments/text_alignments/5-9/5-9_19_audio.TextGrid,9,AS,3.15,3.29,0.14000000000000012,1890,1974
608,19,/Users/vedantdwivedi/Desktop/IRIS/emg_data/closed_vocab/silent/5-19_silent/19_emg.npy,/Users/vedantdwivedi/Desktop/IRIS/silent_speech_alignments/text_alignments/5-9/5-9_19_audio.TextGrid,10,QUICKLY,3.29,3.63,0.33999999999999986,1974,2178
609,19,/Users/vedantdwivedi/Desktop/IRIS/emg_data/closed_vocab/silent/5-19_silent/19_emg.npy,/Users/vedantdwivedi/Desktop/IRIS/silent_speech_alignments/text_alignments/5-9/5-9_19_audio.TextGrid,11,AS,3.63,3.75,0.1200000000000001,2178,2250
610,19,/Users/vedantdwivedi/Desktop/IRIS/emg_data/closed_vocab/silent/5-19_silent/19_emg.npy,/Users/vedantdwivedi/Desktop/IRIS/silent_speech_alignments/text_alignments/5-9/5-9_19_audio.TextGrid,12,WE,3.75,3.87,0.1200000000000001,2250,2322
611,19,/Users/vedantdwivedi/Desktop/IRIS/emg_data/closed_vocab/silent/5-19_silent/19_emg.npy,/Users/vedantdwivedi/Desktop/IRIS/silent_speech_alignments/text_alignments/5-9/5-9_19_audio.TextGrid,13,COULD,3.87,4.24,0.3700000000000001,2322,2544
612,19,/Users/vedantdwivedi/Desktop/IRIS/emg_data/closed_vocab/silent/5-19_silent/19_emg.npy,/Users/vedantdwivedi/Desktop/IRIS/silent_speech_alignments/text_alignments/5-9/5-9_19_audio.TextGrid,14,DOWN,4.31,4.6,0.29000000000000004,2586,2760
613,19,/Users/vedantdwivedi/Desktop/IRIS/emg_data/closed_vocab/silent/5-19_silent/19_emg.npy,/Users/vedantdwivedi/Desktop/IRIS/silent_speech_alignments/text_alignments/5-9/5-9_19_audio.TextGrid,15,THE,4.6,4.77,0.16999999999999993,2760,2862
614,19,/Users/vedantdwivedi/Desktop/IRIS/emg_data/closed_vocab/silent/5-19_silent/19_emg.npy,/Users/vedantdwivedi/Desktop/IRIS/silent_speech_alignments/text_alignments/5-9/5-9_19_audio.TextGrid,16,ILL,4.77,5.02,0.25,2862,3012
615,202,/Users/vedantdwivedi/Desktop/IRIS/emg_data/closed_vocab/silent/5-19_silent/202_emg.npy,/Users/vedantdwivedi/Desktop/IRIS/silent_speech_alignments/text_alignments/5-9/5-9_202_audio.TextGrid,0,THE,1.27,1.38,0.10999999999999988,762,828
616,202,/Users/vedantdwivedi/Desktop/IRIS/emg_data/closed_vocab/silent/5-19_silent/202_emg.npy,/Users/vedantdwivedi/Desktop/IRIS/silent_speech_alignments/text_alignments/5-9/5-9_202_audio.TextGrid,1,SUDDEN,1.38,1.65,0.27,828,990
617,202,/Users/vedantdwivedi/Desktop/IRIS/emg_data/closed_vocab/silent/5-19_silent/202_emg.npy,/Users/vedantdwivedi/Desktop/IRIS/silent_speech_alignments/text_alignments/5-9/5-9_202_audio.TextGrid,2,NEAR,1.65,1.96,0.31000000000000005,990,1176
618,202,/Users/vedantdwivedi/Desktop/IRIS/emg_data/closed_vocab/silent/5-19_silent/202_emg.npy,/Users/vedantdwivedi/Desktop/IRIS/silent_speech_alignments/text_alignments/5-9/5-9_202_audio.TextGrid,3,CONCUSSION,1.96,2.67,0.71,1176,1602
619,202,/Users/vedantdwivedi/Desktop/IRIS/emg_data/closed_vocab/silent/5-19_silent/202_emg.npy,/Users/vedantdwivedi/Desktop/IRIS/silent_speech_alignments/text_alignments/5-9/5-9_202_audio.TextGrid,4,THE,3.28,3.4,0.1200000000000001,1968,2040
620,202,/Users/vedantdwivedi/Desktop/IRIS/emg_data/closed_vocab/silent/5-19_silent/202_emg.npy,/Users/vedantdwivedi/Desktop/IRIS/silent_speech_alignments/text_alignments/5-9/5-9_202_audio.TextGrid,5,LAST,3.4,3.75,0.3500000000000001,2040,2130
621,203,/Users/vedantdwivedi/Desktop/IRIS/emg_data/closed_vocab/silent/5-19_silent/203_emg.npy,/Users/vedantdwivedi/Desktop/IRIS/silent_speech_alignments/text_alignments/5-9/5-9_203_audio.TextGrid,0,THE,0.79,0.92,0.13,474,552
622,203,/Users/vedantdwivedi/Desktop/IRIS/emg_data/closed_vocab/silent/5-19_silent/203_emg.npy,/Users/vedantdwivedi/Desktop/IRIS/silent_speech_alignments/text_alignments/5-9/5-9_203_audio.TextGrid,1,MONSTER,0.92,1.52,0.6,552,912
623,203,/Users/vedantdwivedi/Desktop/IRIS/emg_data/closed_vocab/silent/5-19_silent/203_emg.npy,/Users/vedantdwivedi/Desktop/IRIS/silent_speech_alignments/text_alignments/5-9/5-9_203_audio.TextGrid,2,WAS,1.63,1.85,0.2200000000000002,978,1110
624,203,/Users/vedantdwivedi/Desktop/IRIS/emg_data/closed_vocab/silent/5-19_silent/203_emg.npy,/Users/vedantdwivedi/Desktop/IRIS/silent_speech_alignments/text_alignments/5-9/5-9_203_audio.TextGrid,3,ALREADY,1.85,2.19,0.33999999999999986,1110,1314
625,203,/Users/vedantdwivedi/Desktop/IRIS/emg_data/closed_vocab/silent/5-19_silent/203_emg.npy,/Users/vedantdwivedi/Desktop/IRIS/silent_speech_alignments/text_alignments/5-9/5-9_203_audio.TextGrid,4,RAISING,2.19,2.81,0.6200000000000001,1314,1686
626,203,/Users/vedantdwivedi/Desktop/IRIS/emg_data/closed_vocab/silent/5-19_silent/203_emg.npy,/Users/vedantdwivedi/Desktop/IRIS/silent_speech_alignments/text_alignments/5-9/5-9_203_audio.TextGrid,5,THE,3.21,3.34,0.1299999999999999,1926,2004
627,203,/Users/vedantdwivedi/Desktop/IRIS/emg_data/closed_vocab/silent/5-19_silent/203_emg.npy,/Users/vedantdwivedi/Desktop/IRIS/silent_speech_alignments/text_alignments/5-9/5-9_203_audio.TextGrid,6,CASE,3.34,3.79,0.4500000000000002,2004,2232
628,204,/Users/vedantdwivedi/Desktop/IRIS/emg_data/closed_vocab/silent/5-19_silent/204_emg.npy,/Users/vedantdwivedi/Desktop/IRIS/silent_speech_alignments/text_alignments/5-9/5-9_204_audio.TextGrid,0,I,0.8,0.93,0.13,480,558
629,204,/Users/vedantdwivedi/Desktop/IRIS/emg_data/closed_vocab/silent/5-19_silent/204_emg.npy,/Users/vedantdwivedi/Desktop/IRIS/silent_speech_alignments/text_alignments/5-9/5-9_204_audio.TextGrid,1,GAVE,0.93,1.16,0.22999999999999987,558,696
630,204,/Users/vedantdwivedi/Desktop/IRIS/emg_data/closed_vocab/silent/5-19_silent/204_emg.npy,/Users/vedantdwivedi/Desktop/IRIS/silent_speech_alignments/text_alignments/5-9/5-9_204_audio.TextGrid,2,A,1.16,1.23,0.07000000000000006,696,738
631,204,/Users/vedantdwivedi/Desktop/IRIS/emg_data/closed_vocab/silent/5-19_silent/204_emg.npy,/Users/vedantdwivedi/Desktop/IRIS/silent_speech_alignments/text_alignments/5-9/5-9_204_audio.TextGrid,3,CRY,1.23,1.53,0.30000000000000004,738,918
632,204,/Users/vedantdwivedi/Desktop/IRIS/emg_data/closed_vocab/silent/5-19_silent/204_emg.npy,/Users/vedantdwivedi/Desktop/IRIS/silent_speech_alignments/text_alignments/5-9/5-9_204_audio.TextGrid,4,OF,1.53,1.61,0.08000000000000007,918,966
633,204,/Users/vedantdwivedi/Desktop/IRIS/emg_data/closed_vocab/silent/5-19_silent/204_emg.npy,/Users/vedantdwivedi/Desktop/IRIS/silent_speech_alignments/text_alignments/5-9/5-9_204_audio.TextGrid,5,ASTONISHMENT,1.61,2.36,0.7499999999999998,966,1416
634,205,/Users/vedantdwivedi/Desktop/IRIS/emg_data/closed_vocab/silent/5-19_silent/205_emg.npy,/Users/vedantdwivedi/Desktop/IRIS/silent_speech_alignments/text_alignments/5-9/5-9_205_audio.TextGrid,0,I,0.7,0.86,0.16000000000000003,420,500
635,207,/Users/vedantdwivedi/Desktop/IRIS/emg_data/closed_vocab/silent/5-19_silent/207_emg.npy,/Users/vedantdwivedi/Desktop/IRIS/silent_speech_alignments/text_alignments/5-9/5-9_207_audio.TextGrid,0,THE,0.9,1.0,0.09999999999999998,540,600
636,207,/Users/vedantdwivedi/Desktop/IRIS/emg_data/closed_vocab/silent/5-19_silent/207_emg.npy,/Users/vedantdwivedi/Desktop/IRIS/silent_speech_alignments/text_alignments/5-9/5-9_207_audio.TextGrid,1,SHELL,1.0,1.3,0.30000000000000004,600,780
637,207,/Users/vedantdwivedi/Desktop/IRIS/emg_data/closed_vocab/silent/5-19_silent/207_emg.npy,/Users/vedantdwivedi/Desktop/IRIS/silent_speech_alignments/text_alignments/5-9/5-9_207_audio.TextGrid,2,BURST,1.3,1.65,0.34999999999999987,780,990
638,207,/Users/vedantdwivedi/Desktop/IRIS/emg_data/closed_vocab/silent/5-19_silent/207_emg.npy,/Users/vedantdwivedi/Desktop/IRIS/silent_speech_alignments/text_alignments/5-9/5-9_207_audio.TextGrid,3,CLEAN,1.65,2.01,0.3599999999999999,990,1206
639,207,/Users/vedantdwivedi/Desktop/IRIS/emg_data/closed_vocab/silent/5-19_silent/207_emg.npy,/Users/vedantdwivedi/Desktop/IRIS/silent_speech_alignments/text_alignments/5-9/5-9_207_audio.TextGrid,4,IN,2.01,2.12,0.11000000000000032,1206,1272
640,207,/Users/vedantdwivedi/Desktop/IRIS/emg_data/closed_vocab/silent/5-19_silent/207_emg.npy,/Users/vedantdwivedi/Desktop/IRIS/silent_speech_alignments/text_alignments/5-9/5-9_207_audio.TextGrid,5,THE,2.12,2.19,0.06999999999999984,1272,1314
641,207,/Users/vedantdwivedi/Desktop/IRIS/emg_data/closed_vocab/silent/5-19_silent/207_emg.npy,/Users/vedantdwivedi/Desktop/IRIS/silent_speech_alignments/text_alignments/5-9/5-9_207_audio.TextGrid,6,FACE,2.19,2.66,0.4700000000000002,1314,1596
642,207,/Users/vedantdwivedi/Desktop/IRIS/emg_data/closed_vocab/silent/5-19_silent/207_emg.npy,/Users/vedantdwivedi/Desktop/IRIS/silent_speech_alignments/text_alignments/5-9/5-9_207_audio.TextGrid,7,OF,2.66,2.92,0.2599999999999998,1596,1752
643,207,/Users/vedantdwivedi/Desktop/IRIS/emg_data/closed_vocab/silent/5-19_silent/207_emg.npy,/Users/vedantdwivedi/Desktop/IRIS/silent_speech_alignments/text_alignments/5-9/5-9_207_audio.TextGrid,8,THE,2.92,3.04,0.1200000000000001,1752,1824
644,207,/Users/vedantdwivedi/Desktop/IRIS/emg_data/closed_vocab/silent/5-19_silent/207_emg.npy,/Users/vedantdwivedi/Desktop/IRIS/silent_speech_alignments/text_alignments/5-9/5-9_207_audio.TextGrid,9,THING,3.04,3.55,0.5099999999999998,1824,2130
645,208,/Users/vedantdwivedi/Desktop/IRIS/emg_data/closed_vocab/silent/5-19_silent/208_emg.npy,/Users/vedantdwivedi/Desktop/IRIS/silent_speech_alignments/text_alignments/5-9/5-9_208_audio.TextGrid,0,THE,0.93,1.06,0.13,558,636
646,208,/Users/vedantdwivedi/Desktop/IRIS/emg_data/closed_vocab/silent/5-19_silent/208_emg.npy,/Users/vedantdwivedi/Desktop/IRIS/silent_speech_alignments/text_alignments/5-9/5-9_208_audio.TextGrid,1,HOOD,1.06,1.35,0.29000000000000004,636,810
647,208,/Users/vedantdwivedi/Desktop/IRIS/emg_data/closed_vocab/silent/5-19_silent/208_emg.npy,/Users/vedantdwivedi/Desktop/IRIS/silent_speech_alignments/text_alignments/5-9/5-9_208_audio.TextGrid,2,BULGED,1.35,1.86,0.51,810,1116
648,208,/Users/vedantdwivedi/Desktop/IRIS/emg_data/closed_vocab/silent/5-19_silent/208_emg.npy,/Users/vedantdwivedi/Desktop/IRIS/silent_speech_alignments/text_alignments/5-9/5-9_208_audio.TextGrid,3,FLASHED,1.95,2.47,0.5200000000000002,1170,1482
649,208,/Users/vedantdwivedi/Desktop/IRIS/emg_data/closed_vocab/silent/5-19_silent/208_emg.npy,/Users/vedantdwivedi/Desktop/IRIS/silent_speech_alignments/text_alignments/5-9/5-9_208_audio.TextGrid,4,WAS,3.11,3.32,0.20999999999999996,1866,1992
650,208,/Users/vedantdwivedi/Desktop/IRIS/emg_data/closed_vocab/silent/5-19_silent/208_emg.npy,/Users/vedantdwivedi/Desktop/IRIS/silent_speech_alignments/text_alignments/5-9/5-9_208_audio.TextGrid,5,WHIRLED,3.32,3.67,0.3500000000000001,1992,2202
651,208,/Users/vedantdwivedi/Desktop/IRIS/emg_data/closed_vocab/silent/5-19_silent/208_emg.npy,/Users/vedantdwivedi/Desktop/IRIS/silent_speech_alignments/text_alignments/5-9/5-9_208_audio.TextGrid,6,OFF,3.67,4.07,0.40000000000000036,2202,2442
652,208,/Users/vedantdwivedi/Desktop/IRIS/emg_data/closed_vocab/silent/5-19_silent/208_emg.npy,/Users/vedantdwivedi/Desktop/IRIS/silent_speech_alignments/text_alignments/5-9/5-9_208_audio.TextGrid,7,IN,4.18,4.3,0.1200000000000001,2508,2580
653,208,/Users/vedantdwivedi/Desktop/IRIS/emg_data/closed_vocab/silent/5-19_silent/208_emg.npy,/Users/vedantdwivedi/Desktop/IRIS/silent_speech_alignments/text_alignments/5-9/5-9_208_audio.TextGrid,8,A,4.3,4.41,0.11000000000000032,2580,2646
654,208,/Users/vedantdwivedi/Desktop/IRIS/emg_data/closed_vocab/silent/5-19_silent/208_emg.npy,/Users/vedantdwivedi/Desktop/IRIS/silent_speech_alignments/text_alignments/5-9/5-9_208_audio.TextGrid,9,DOZEN,4.41,4.86,0.4500000000000002,2646,2700
655,209,/Users/vedantdwivedi/Desktop/IRIS/emg_data/closed_vocab/silent/5-19_silent/209_emg.npy,/Users/vedantdwivedi/Desktop/IRIS/silent_speech_alignments/text_alignments/5-9/5-9_209_audio.TextGrid,0,HIT,0.73,1.11,0.3800000000000001,438,666
656,209,/Users/vedantdwivedi/Desktop/IRIS/emg_data/closed_vocab/silent/5-19_silent/209_emg.npy,/Users/vedantdwivedi/Desktop/IRIS/silent_speech_alignments/text_alignments/5-9/5-9_209_audio.TextGrid,1,SHOUTED,1.42,1.79,0.3700000000000001,852,1074
657,209,/Users/vedantdwivedi/Desktop/IRIS/emg_data/closed_vocab/silent/5-19_silent/209_emg.npy,/Users/vedantdwivedi/Desktop/IRIS/silent_speech_alignments/text_alignments/5-9/5-9_209_audio.TextGrid,2,I,1.79,2.17,0.3799999999999999,1074,1302
658,209,/Users/vedantdwivedi/Desktop/IRIS/emg_data/closed_vocab/silent/5-19_silent/209_emg.npy,/Users/vedantdwivedi/Desktop/IRIS/silent_speech_alignments/text_alignments/5-9/5-9_209_audio.TextGrid,3,WITH,2.63,2.81,0.18000000000000016,1578,1686
659,209,/Users/vedantdwivedi/Desktop/IRIS/emg_data/closed_vocab/silent/5-19_silent/209_emg.npy,/Users/vedantdwivedi/Desktop/IRIS/silent_speech_alignments/text_alignments/5-9/5-9_209_audio.TextGrid,4,SOMETHING,2.81,3.2,0.3900000000000001,1686,1920
660,209,/Users/vedantdwivedi/Desktop/IRIS/emg_data/closed_vocab/silent/5-19_silent/209_emg.npy,/Users/vedantdwivedi/Desktop/IRIS/silent_speech_alignments/text_alignments/5-9/5-9_209_audio.TextGrid,5,BETWEEN,3.2,3.57,0.36999999999999966,1920,2142
661,209,/Users/vedantdwivedi/Desktop/IRIS/emg_data/closed_vocab/silent/5-19_silent/209_emg.npy,/Users/vedantdwivedi/Desktop/IRIS/silent_speech_alignments/text_alignments/5-9/5-9_209_audio.TextGrid,6,A,3.57,3.65,0.08000000000000007,2142,2190
662,209,/Users/vedantdwivedi/Desktop/IRIS/emg_data/closed_vocab/silent/5-19_silent/209_emg.npy,/Users/vedantdwivedi/Desktop/IRIS/silent_speech_alignments/text_alignments/5-9/5-9_209_audio.TextGrid,7,SCREAM,3.65,4.16,0.5100000000000002,2190,2496
663,209,/Users/vedantdwivedi/Desktop/IRIS/emg_data/closed_vocab/silent/5-19_silent/209_emg.npy,/Users/vedantdwivedi/Desktop/IRIS/silent_speech_alignments/text_alignments/5-9/5-9_209_audio.TextGrid,8,AND,4.16,4.31,0.14999999999999947,2496,2586
664,209,/Users/vedantdwivedi/Desktop/IRIS/emg_data/closed_vocab/silent/5-19_silent/209_emg.npy,/Users/vedantdwivedi/Desktop/IRIS/silent_speech_alignments/text_alignments/5-9/5-9_209_audio.TextGrid,9,A,4.31,4.39,0.08000000000000007,2586,2634
665,209,/Users/vedantdwivedi/Desktop/IRIS/emg_data/closed_vocab/silent/5-19_silent/209_emg.npy,/Users/vedantdwivedi/Desktop/IRIS/silent_speech_alignments/text_alignments/5-9/5-9_209_audio.TextGrid,10,CHEER,4.39,4.88,0.4900000000000002,2634,2928
666,210,/Users/vedantdwivedi/Desktop/IRIS/emg_data/closed_vocab/silent/5-19_silent/210_emg.npy,/Users/vedantdwivedi/Desktop/IRIS/silent_speech_alignments/text_alignments/5-9/5-9_210_audio.TextGrid,0,I,1.08,1.17,0.08999999999999986,648,702
667,210,/Users/vedantdwivedi/Desktop/IRIS/emg_data/closed_vocab/silent/5-19_silent/210_emg.npy,/Users/vedantdwivedi/Desktop/IRIS/silent_speech_alignments/text_alignments/5-9/5-9_210_audio.TextGrid,1,HEARD,1.17,1.45,0.28,702,870
668,210,/Users/vedantdwivedi/Desktop/IRIS/emg_data/closed_vocab/silent/5-19_silent/210_emg.npy,/Users/vedantdwivedi/Desktop/IRIS/silent_speech_alignments/text_alignments/5-9/5-9_210_audio.TextGrid,2,ANSWERING,1.45,1.83,0.3800000000000001,870,1098
669,210,/Users/vedantdwivedi/Desktop/IRIS/emg_data/closed_vocab/silent/5-19_silent/210_emg.npy,/Users/vedantdwivedi/Desktop/IRIS/silent_speech_alignments/text_alignments/5-9/5-9_210_audio.TextGrid,3,SHOUTS,1.83,2.47,0.6400000000000001,1098,1482
670,210,/Users/vedantdwivedi/Desktop/IRIS/emg_data/closed_vocab/silent/5-19_silent/210_emg.npy,/Users/vedantdwivedi/Desktop/IRIS/silent_speech_alignments/text_alignments/5-9/5-9_210_audio.TextGrid,4,FROM,2.56,2.72,0.16000000000000014,1536,1632
671,210,/Users/vedantdwivedi/Desktop/IRIS/emg_data/closed_vocab/silent/5-19_silent/210_emg.npy,/Users/vedantdwivedi/Desktop/IRIS/silent_speech_alignments/text_alignments/5-9/5-9_210_audio.TextGrid,5,THE,2.72,2.83,0.10999999999999988,1632,1698
672,210,/Users/vedantdwivedi/Desktop/IRIS/emg_data/closed_vocab/silent/5-19_silent/210_emg.npy,/Users/vedantdwivedi/Desktop/IRIS/silent_speech_alignments/text_alignments/5-9/5-9_210_audio.TextGrid,6,PEOPLE,2.83,3.18,0.3500000000000001,1698,1908
673,210,/Users/vedantdwivedi/Desktop/IRIS/emg_data/closed_vocab/silent/5-19_silent/210_emg.npy,/Users/vedantdwivedi/Desktop/IRIS/silent_speech_alignments/text_alignments/5-9/5-9_210_audio.TextGrid,7,IN,3.18,3.24,0.06000000000000005,1908,1944
674,210,/Users/vedantdwivedi/Desktop/IRIS/emg_data/closed_vocab/silent/5-19_silent/210_emg.npy,/Users/vedantdwivedi/Desktop/IRIS/silent_speech_alignments/text_alignments/5-9/5-9_210_audio.TextGrid,8,THE,3.24,3.34,0.09999999999999964,1944,2004
675,210,/Users/vedantdwivedi/Desktop/IRIS/emg_data/closed_vocab/silent/5-19_silent/210_emg.npy,/Users/vedantdwivedi/Desktop/IRIS/silent_speech_alignments/text_alignments/5-9/5-9_210_audio.TextGrid,9,WATER,3.34,3.68,0.3400000000000003,2004,2208
676,210,/Users/vedantdwivedi/Desktop/IRIS/emg_data/closed_vocab/silent/5-19_silent/210_emg.npy,/Users/vedantdwivedi/Desktop/IRIS/silent_speech_alignments/text_alignments/5-9/5-9_210_audio.TextGrid,10,ABOUT,3.68,4.0,0.31999999999999984,2208,2400
677,210,/Users/vedantdwivedi/Desktop/IRIS/emg_data/closed_vocab/silent/5-19_silent/210_emg.npy,/Users/vedantdwivedi/Desktop/IRIS/silent_speech_alignments/text_alignments/5-9/5-9_210_audio.TextGrid,11,ME,4.0,4.24,0.2400000000000002,2400,2544
678,211,/Users/vedantdwivedi/Desktop/IRIS/emg_data/closed_vocab/silent/5-19_silent/211_emg.npy,/Users/vedantdwivedi/Desktop/IRIS/silent_speech_alignments/text_alignments/5-9/5-9_211_audio.TextGrid,0,I,0.76,0.86,0.09999999999999998,456,516
679,211,/Users/vedantdwivedi/Desktop/IRIS/emg_data/closed_vocab/silent/5-19_silent/211_emg.npy,/Users/vedantdwivedi/Desktop/IRIS/silent_speech_alignments/text_alignments/5-9/5-9_211_audio.TextGrid,1,COULD,0.86,1.02,0.16000000000000003,516,612
680,211,/Users/vedantdwivedi/Desktop/IRIS/emg_data/closed_vocab/silent/5-19_silent/211_emg.npy,/Users/vedantdwivedi/Desktop/IRIS/silent_speech_alignments/text_alignments/5-9/5-9_211_audio.TextGrid,2,HAVE,1.02,1.16,0.1399999999999999,612,696
681,211,/Users/vedantdwivedi/Desktop/IRIS/emg_data/closed_vocab/silent/5-19_silent/211_emg.npy,/Users/vedantdwivedi/Desktop/IRIS/silent_speech_alignments/text_alignments/5-9/5-9_211_audio.TextGrid,3,LEAPED,1.16,1.43,0.27,696,858
682,211,/Users/vedantdwivedi/Desktop/IRIS/emg_data/closed_vocab/silent/5-19_silent/211_emg.npy,/Users/vedantdwivedi/Desktop/IRIS/silent_speech_alignments/text_alignments/5-9/5-9_211_audio.TextGrid,4,OUT,1.46,1.6,0.14000000000000012,876,960
683,211,/Users/vedantdwivedi/Desktop/IRIS/emg_data/closed_vocab/silent/5-19_silent/211_emg.npy,/Users/vedantdwivedi/Desktop/IRIS/silent_speech_alignments/text_alignments/5-9/5-9_211_audio.TextGrid,5,OF,1.6,1.67,0.06999999999999984,960,1002
684,211,/Users/vedantdwivedi/Desktop/IRIS/emg_data/closed_vocab/silent/5-19_silent/211_emg.npy,/Users/vedantdwivedi/Desktop/IRIS/silent_speech_alignments/text_alignments/5-9/5-9_211_audio.TextGrid,6,THE,1.67,1.77,0.10000000000000009,1002,1062
685,211,/Users/vedantdwivedi/Desktop/IRIS/emg_data/closed_vocab/silent/5-19_silent/211_emg.npy,/Users/vedantdwivedi/Desktop/IRIS/silent_speech_alignments/text_alignments/5-9/5-9_211_audio.TextGrid,7,WATER,1.77,2.24,0.4700000000000002,1062,1344
686,211,/Users/vedantdwivedi/Desktop/IRIS/emg_data/closed_vocab/silent/5-19_silent/211_emg.npy,/Users/vedantdwivedi/Desktop/IRIS/silent_speech_alignments/text_alignments/5-9/5-9_211_audio.TextGrid,8,WITH,2.64,2.84,0.19999999999999973,1584,1704
687,211,/Users/vedantdwivedi/Desktop/IRIS/emg_data/closed_vocab/silent/5-19_silent/211_emg.npy,/Users/vedantdwivedi/Desktop/IRIS/silent_speech_alignments/text_alignments/5-9/5-9_211_audio.TextGrid,9,THAT,2.84,3.11,0.27,1704,1866
688,211,/Users/vedantdwivedi/Desktop/IRIS/emg_data/closed_vocab/silent/5-19_silent/211_emg.npy,/Users/vedantdwivedi/Desktop/IRIS/silent_speech_alignments/text_alignments/5-9/5-9_211_audio.TextGrid,10,MOMENTARY,3.11,3.8,0.69,1866,2280
689,211,/Users/vedantdwivedi/Desktop/IRIS/emg_data/closed_vocab/silent/5-19_silent/211_emg.npy,/Users/vedantdwivedi/Desktop/IRIS/silent_speech_alignments/text_alignments/5-9/5-9_211_audio.TextGrid,11,EXULTATION,3.85,4.7,0.8500000000000001,2310,2820
690,212,/Users/vedantdwivedi/Desktop/IRIS/emg_data/closed_vocab/silent/5-19_silent/212_emg.npy,/Users/vedantdwivedi/Desktop/IRIS/silent_speech_alignments/text_alignments/5-9/5-9_212_audio.TextGrid,0,THE,1.52,1.64,0.11999999999999988,912,984
691,212,/Users/vedantdwivedi/Desktop/IRIS/emg_data/closed_vocab/silent/5-19_silent/212_emg.npy,/Users/vedantdwivedi/Desktop/IRIS/silent_speech_alignments/text_alignments/5-9/5-9_212_audio.TextGrid,1,DECAPITATED,1.64,2.27,0.6300000000000001,984,1362
692,212,/Users/vedantdwivedi/Desktop/IRIS/emg_data/closed_vocab/silent/5-19_silent/212_emg.npy,/Users/vedantdwivedi/Desktop/IRIS/silent_speech_alignments/text_alignments/5-9/5-9_212_audio.TextGrid,2,COLOSSUS,2.27,3.01,0.7399999999999998,1362,1806
693,212,/Users/vedantdwivedi/Desktop/IRIS/emg_data/closed_vocab/silent/5-19_silent/212_emg.npy,/Users/vedantdwivedi/Desktop/IRIS/silent_speech_alignments/text_alignments/5-9/5-9_212_audio.TextGrid,3,REELED,3.23,3.77,0.54,1938,2262
694,212,/Users/vedantdwivedi/Desktop/IRIS/emg_data/closed_vocab/silent/5-19_silent/212_emg.npy,/Users/vedantdwivedi/Desktop/IRIS/silent_speech_alignments/text_alignments/5-9/5-9_212_audio.TextGrid,4,LIKE,3.77,3.92,0.1499999999999999,2262,2352
695,212,/Users/vedantdwivedi/Desktop/IRIS/emg_data/closed_vocab/silent/5-19_silent/212_emg.npy,/Users/vedantdwivedi/Desktop/IRIS/silent_speech_alignments/text_alignments/5-9/5-9_212_audio.TextGrid,5,A,3.92,4.02,0.09999999999999964,2352,2412
696,212,/Users/vedantdwivedi/Desktop/IRIS/emg_data/closed_vocab/silent/5-19_silent/212_emg.npy,/Users/vedantdwivedi/Desktop/IRIS/silent_speech_alignments/text_alignments/5-9/5-9_212_audio.TextGrid,6,DRUNKEN,4.02,4.4,0.3800000000000008,2412,2616
697,215,/Users/vedantdwivedi/Desktop/IRIS/emg_data/closed_vocab/silent/5-19_silent/215_emg.npy,/Users/vedantdwivedi/Desktop/IRIS/silent_speech_alignments/text_alignments/5-9/5-9_215_audio.TextGrid,0,IT,1.18,1.32,0.14000000000000012,708,792
698,215,/Users/vedantdwivedi/Desktop/IRIS/emg_data/closed_vocab/silent/5-19_silent/215_emg.npy,/Users/vedantdwivedi/Desktop/IRIS/silent_speech_alignments/text_alignments/5-9/5-9_215_audio.TextGrid,1,RECOVERED,1.32,1.71,0.3899999999999999,792,1026
699,215,/Users/vedantdwivedi/Desktop/IRIS/emg_data/closed_vocab/silent/5-19_silent/215_emg.npy,/Users/vedantdwivedi/Desktop/IRIS/silent_speech_alignments/text_alignments/5-9/5-9_215_audio.TextGrid,2,ITS,1.71,1.86,0.15000000000000013,1026,1116
700,215,/Users/vedantdwivedi/Desktop/IRIS/emg_data/closed_vocab/silent/5-19_silent/215_emg.npy,/Users/vedantdwivedi/Desktop/IRIS/silent_speech_alignments/text_alignments/5-9/5-9_215_audio.TextGrid,3,BALANCE,1.86,2.39,0.53,1116,1434
701,215,/Users/vedantdwivedi/Desktop/IRIS/emg_data/closed_vocab/silent/5-19_silent/215_emg.npy,/Users/vedantdwivedi/Desktop/IRIS/silent_speech_alignments/text_alignments/5-9/5-9_215_audio.TextGrid,4,BY,2.39,2.53,0.13999999999999968,1434,1518
702,215,/Users/vedantdwivedi/Desktop/IRIS/emg_data/closed_vocab/silent/5-19_silent/215_emg.npy,/Users/vedantdwivedi/Desktop/IRIS/silent_speech_alignments/text_alignments/5-9/5-9_215_audio.TextGrid,5,A,2.53,2.6,0.07000000000000028,1518,1560
703,215,/Users/vedantdwivedi/Desktop/IRIS/emg_data/closed_vocab/silent/5-19_silent/215_emg.npy,/Users/vedantdwivedi/Desktop/IRIS/silent_speech_alignments/text_alignments/5-9/5-9_215_audio.TextGrid,6,MIRACLE,2.6,3.15,0.5499999999999998,1560,1890
704,215,/Users/vedantdwivedi/Desktop/IRIS/emg_data/closed_vocab/silent/5-19_silent/215_emg.npy,/Users/vedantdwivedi/Desktop/IRIS/silent_speech_alignments/text_alignments/5-9/5-9_215_audio.TextGrid,7,AND,3.43,3.78,0.34999999999999964,2058,2082
705,216,/Users/vedantdwivedi/Desktop/IRIS/emg_data/closed_vocab/silent/5-19_silent/216_emg.npy,/Users/vedantdwivedi/Desktop/IRIS/silent_speech_alignments/text_alignments/5-9/5-9_216_audio.TextGrid,0,THE,0.98,1.11,0.13000000000000012,588,666
706,216,/Users/vedantdwivedi/Desktop/IRIS/emg_data/closed_vocab/silent/5-19_silent/216_emg.npy,/Users/vedantdwivedi/Desktop/IRIS/silent_speech_alignments/text_alignments/5-9/5-9_216_audio.TextGrid,1,LIVING,1.11,1.39,0.2799999999999998,666,834
707,216,/Users/vedantdwivedi/Desktop/IRIS/emg_data/closed_vocab/silent/5-19_silent/216_emg.npy,/Users/vedantdwivedi/Desktop/IRIS/silent_speech_alignments/text_alignments/5-9/5-9_216_audio.TextGrid,2,INTELLIGENCE,1.39,2.24,0.8500000000000003,834,1344
708,216,/Users/vedantdwivedi/Desktop/IRIS/emg_data/closed_vocab/silent/5-19_silent/216_emg.npy,/Users/vedantdwivedi/Desktop/IRIS/silent_speech_alignments/text_alignments/5-9/5-9_216_audio.TextGrid,3,THE,2.41,2.51,0.09999999999999964,1446,1506
709,216,/Users/vedantdwivedi/Desktop/IRIS/emg_data/closed_vocab/silent/5-19_silent/216_emg.npy,/Users/vedantdwivedi/Desktop/IRIS/silent_speech_alignments/text_alignments/5-9/5-9_216_audio.TextGrid,4,MARTIAN,2.51,2.92,0.41000000000000014,1506,1752
710,216,/Users/vedantdwivedi/Desktop/IRIS/emg_data/closed_vocab/silent/5-19_silent/216_emg.npy,/Users/vedantdwivedi/Desktop/IRIS/silent_speech_alignments/text_alignments/5-9/5-9_216_audio.TextGrid,5,WITHIN,2.92,3.14,0.2200000000000002,1752,1884
711,216,/Users/vedantdwivedi/Desktop/IRIS/emg_data/closed_vocab/silent/5-19_silent/216_emg.npy,/Users/vedantdwivedi/Desktop/IRIS/silent_speech_alignments/text_alignments/5-9/5-9_216_audio.TextGrid,6,THE,3.14,3.24,0.10000000000000009,1884,1944
712,216,/Users/vedantdwivedi/Desktop/IRIS/emg_data/closed_vocab/silent/5-19_silent/216_emg.npy,/Users/vedantdwivedi/Desktop/IRIS/silent_speech_alignments/text_alignments/5-9/5-9_216_audio.TextGrid,7,HOOD,3.24,3.61,0.36999999999999966,1944,2166
713,217,/Users/vedantdwivedi/Desktop/IRIS/emg_data/closed_vocab/silent/5-19_silent/217_emg.npy,/Users/vedantdwivedi/Desktop/IRIS/silent_speech_alignments/text_alignments/5-9/5-9_217_audio.TextGrid,0,IT,1.07,1.22,0.1499999999999999,642,732
714,217,/Users/vedantdwivedi/Desktop/IRIS/emg_data/closed_vocab/silent/5-19_silent/217_emg.npy,/Users/vedantdwivedi/Desktop/IRIS/silent_speech_alignments/text_alignments/5-9/5-9_217_audio.TextGrid,1,DROVE,1.22,1.68,0.45999999999999996,732,1008
715,217,/Users/vedantdwivedi/Desktop/IRIS/emg_data/closed_vocab/silent/5-19_silent/217_emg.npy,/Users/vedantdwivedi/Desktop/IRIS/silent_speech_alignments/text_alignments/5-9/5-9_217_audio.TextGrid,2,ALONG,1.71,2.09,0.3799999999999999,1026,1254
716,217,/Users/vedantdwivedi/Desktop/IRIS/emg_data/closed_vocab/silent/5-19_silent/217_emg.npy,/Users/vedantdwivedi/Desktop/IRIS/silent_speech_alignments/text_alignments/5-9/5-9_217_audio.TextGrid,3,IN,2.09,2.18,0.0900000000000003,1254,1308
717,217,/Users/vedantdwivedi/Desktop/IRIS/emg_data/closed_vocab/silent/5-19_silent/217_emg.npy,/Users/vedantdwivedi/Desktop/IRIS/silent_speech_alignments/text_alignments/5-9/5-9_217_audio.TextGrid,4,A,2.18,2.25,0.06999999999999984,1308,1350
718,217,/Users/vedantdwivedi/Desktop/IRIS/emg_data/closed_vocab/silent/5-19_silent/217_emg.npy,/Users/vedantdwivedi/Desktop/IRIS/silent_speech_alignments/text_alignments/5-9/5-9_217_audio.TextGrid,5,STRAIGHT,2.25,2.54,0.29000000000000004,1350,1524
719,217,/Users/vedantdwivedi/Desktop/IRIS/emg_data/closed_vocab/silent/5-19_silent/217_emg.npy,/Users/vedantdwivedi/Desktop/IRIS/silent_speech_alignments/text_alignments/5-9/5-9_217_audio.TextGrid,6,LINE,2.54,2.94,0.3999999999999999,1524,1764
720,217,/Users/vedantdwivedi/Desktop/IRIS/emg_data/closed_vocab/silent/5-19_silent/217_emg.npy,/Users/vedantdwivedi/Desktop/IRIS/silent_speech_alignments/text_alignments/5-9/5-9_217_audio.TextGrid,7,INCAPABLE,3.23,3.93,0.7000000000000002,1938,2358
721,217,/Users/vedantdwivedi/Desktop/IRIS/emg_data/closed_vocab/silent/5-19_silent/217_emg.npy,/Users/vedantdwivedi/Desktop/IRIS/silent_speech_alignments/text_alignments/5-9/5-9_217_audio.TextGrid,8,OF,3.93,4.02,0.08999999999999941,2358,2412
722,217,/Users/vedantdwivedi/Desktop/IRIS/emg_data/closed_vocab/silent/5-19_silent/217_emg.npy,/Users/vedantdwivedi/Desktop/IRIS/silent_speech_alignments/text_alignments/5-9/5-9_217_audio.TextGrid,9,GUIDANCE,4.02,4.72,0.7000000000000002,2412,2832
723,218,/Users/vedantdwivedi/Desktop/IRIS/emg_data/closed_vocab/silent/5-19_silent/218_emg.npy,/Users/vedantdwivedi/Desktop/IRIS/silent_speech_alignments/text_alignments/5-9/5-9_218_audio.TextGrid,0,IT,0.9,1.06,0.16000000000000003,540,636
724,218,/Users/vedantdwivedi/Desktop/IRIS/emg_data/closed_vocab/silent/5-19_silent/218_emg.npy,/Users/vedantdwivedi/Desktop/IRIS/silent_speech_alignments/text_alignments/5-9/5-9_218_audio.TextGrid,1,STRUCK,1.06,1.34,0.28,636,804
725,218,/Users/vedantdwivedi/Desktop/IRIS/emg_data/closed_vocab/silent/5-19_silent/218_emg.npy,/Users/vedantdwivedi/Desktop/IRIS/silent_speech_alignments/text_alignments/5-9/5-9_218_audio.TextGrid,2,THE,1.34,1.44,0.09999999999999987,804,864
726,218,/Users/vedantdwivedi/Desktop/IRIS/emg_data/closed_vocab/silent/5-19_silent/218_emg.npy,/Users/vedantdwivedi/Desktop/IRIS/silent_speech_alignments/text_alignments/5-9/5-9_218_audio.TextGrid,3,TOWER,1.44,1.88,0.43999999999999995,864,1128
727,218,/Users/vedantdwivedi/Desktop/IRIS/emg_data/closed_vocab/silent/5-19_silent/218_emg.npy,/Users/vedantdwivedi/Desktop/IRIS/silent_speech_alignments/text_alignments/5-9/5-9_218_audio.TextGrid,4,OF,1.88,1.98,0.10000000000000009,1128,1188
728,218,/Users/vedantdwivedi/Desktop/IRIS/emg_data/closed_vocab/silent/5-19_silent/218_emg.npy,/Users/vedantdwivedi/Desktop/IRIS/silent_speech_alignments/text_alignments/5-9/5-9_218_audio.TextGrid,5,SHEPPERTON,1.98,2.38,0.3999999999999999,1188,1428
729,218,/Users/vedantdwivedi/Desktop/IRIS/emg_data/closed_vocab/silent/5-19_silent/218_emg.npy,/Users/vedantdwivedi/Desktop/IRIS/silent_speech_alignments/text_alignments/5-9/5-9_218_audio.TextGrid,6,CHURCH,2.38,2.91,0.5300000000000002,1428,1746
730,218,/Users/vedantdwivedi/Desktop/IRIS/emg_data/closed_vocab/silent/5-19_silent/218_emg.npy,/Users/vedantdwivedi/Desktop/IRIS/silent_speech_alignments/text_alignments/5-9/5-9_218_audio.TextGrid,7,SMASHING,3.38,3.87,0.4900000000000002,2028,2322
731,218,/Users/vedantdwivedi/Desktop/IRIS/emg_data/closed_vocab/silent/5-19_silent/218_emg.npy,/Users/vedantdwivedi/Desktop/IRIS/silent_speech_alignments/text_alignments/5-9/5-9_218_audio.TextGrid,8,IT,3.87,4.0,0.1299999999999999,2322,2400
732,218,/Users/vedantdwivedi/Desktop/IRIS/emg_data/closed_vocab/silent/5-19_silent/218_emg.npy,/Users/vedantdwivedi/Desktop/IRIS/silent_speech_alignments/text_alignments/5-9/5-9_218_audio.TextGrid,9,DOWN,4.0,4.41,0.41000000000000014,2400,2646
733,218,/Users/vedantdwivedi/Desktop/IRIS/emg_data/closed_vocab/silent/5-19_silent/218_emg.npy,/Users/vedantdwivedi/Desktop/IRIS/silent_speech_alignments/text_alignments/5-9/5-9_218_audio.TextGrid,10,AS,4.46,4.61,0.15000000000000036,2676,2766
734,218,/Users/vedantdwivedi/Desktop/IRIS/emg_data/closed_vocab/silent/5-19_silent/218_emg.npy,/Users/vedantdwivedi/Desktop/IRIS/silent_speech_alignments/text_alignments/5-9/5-9_218_audio.TextGrid,11,THE,4.61,4.76,0.14999999999999947,2766,2856
735,218,/Users/vedantdwivedi/Desktop/IRIS/emg_data/closed_vocab/silent/5-19_silent/218_emg.npy,/Users/vedantdwivedi/Desktop/IRIS/silent_speech_alignments/text_alignments/5-9/5-9_218_audio.TextGrid,12,IMPACT,4.76,5.33,0.5700000000000003,2856,3024
736,223,/Users/vedantdwivedi/Desktop/IRIS/emg_data/closed_vocab/silent/5-19_silent/223_emg.npy,/Users/vedantdwivedi/Desktop/IRIS/silent_speech_alignments/text_alignments/5-9/5-9_223_audio.TextGrid,0,IN,1.02,1.13,0.10999999999999988,612,678
737,223,/Users/vedantdwivedi/Desktop/IRIS/emg_data/closed_vocab/silent/5-19_silent/223_emg.npy,/Users/vedantdwivedi/Desktop/IRIS/silent_speech_alignments/text_alignments/5-9/5-9_223_audio.TextGrid,1,ANOTHER,1.13,1.42,0.29000000000000004,678,852
738,223,/Users/vedantdwivedi/Desktop/IRIS/emg_data/closed_vocab/silent/5-19_silent/223_emg.npy,/Users/vedantdwivedi/Desktop/IRIS/silent_speech_alignments/text_alignments/5-9/5-9_223_audio.TextGrid,2,MOMENT,1.42,1.81,0.3900000000000001,852,1086
739,223,/Users/vedantdwivedi/Desktop/IRIS/emg_data/closed_vocab/silent/5-19_silent/223_emg.npy,/Users/vedantdwivedi/Desktop/IRIS/silent_speech_alignments/text_alignments/5-9/5-9_223_audio.TextGrid,3,A,1.86,1.96,0.09999999999999987,1116,1176
740,223,/Users/vedantdwivedi/Desktop/IRIS/emg_data/closed_vocab/silent/5-19_silent/223_emg.npy,/Users/vedantdwivedi/Desktop/IRIS/silent_speech_alignments/text_alignments/5-9/5-9_223_audio.TextGrid,4,HUGE,1.96,2.33,0.3700000000000001,1176,1398
741,223,/Users/vedantdwivedi/Desktop/IRIS/emg_data/closed_vocab/silent/5-19_silent/223_emg.npy,/Users/vedantdwivedi/Desktop/IRIS/silent_speech_alignments/text_alignments/5-9/5-9_223_audio.TextGrid,5,WAVE,2.33,2.78,0.44999999999999973,1398,1668
742,223,/Users/vedantdwivedi/Desktop/IRIS/emg_data/closed_vocab/silent/5-19_silent/223_emg.npy,/Users/vedantdwivedi/Desktop/IRIS/silent_speech_alignments/text_alignments/5-9/5-9_223_audio.TextGrid,6,LIKE,3.15,3.28,0.1299999999999999,1890,1968
743,223,/Users/vedantdwivedi/Desktop/IRIS/emg_data/closed_vocab/silent/5-19_silent/223_emg.npy,/Users/vedantdwivedi/Desktop/IRIS/silent_speech_alignments/text_alignments/5-9/5-9_223_audio.TextGrid,7,A,3.28,3.37,0.0900000000000003,1968,2022
744,223,/Users/vedantdwivedi/Desktop/IRIS/emg_data/closed_vocab/silent/5-19_silent/223_emg.npy,/Users/vedantdwivedi/Desktop/IRIS/silent_speech_alignments/text_alignments/5-9/5-9_223_audio.TextGrid,8,MUDDY,3.37,3.68,0.31000000000000005,2022,2208
745,223,/Users/vedantdwivedi/Desktop/IRIS/emg_data/closed_vocab/silent/5-19_silent/223_emg.npy,/Users/vedantdwivedi/Desktop/IRIS/silent_speech_alignments/text_alignments/5-9/5-9_223_audio.TextGrid,9,TIDAL,3.68,4.1,0.4199999999999995,2208,2460
746,223,/Users/vedantdwivedi/Desktop/IRIS/emg_data/closed_vocab/silent/5-19_silent/223_emg.npy,/Users/vedantdwivedi/Desktop/IRIS/silent_speech_alignments/text_alignments/5-9/5-9_223_audio.TextGrid,10,BORE,4.1,4.59,0.4900000000000002,2460,2514
747,224,/Users/vedantdwivedi/Desktop/IRIS/emg_data/closed_vocab/silent/5-19_silent/224_emg.npy,/Users/vedantdwivedi/Desktop/IRIS/silent_speech_alignments/text_alignments/5-9/5-9_224_audio.TextGrid,0,I,0.98,1.11,0.13000000000000012,588,666
748,224,/Users/vedantdwivedi/Desktop/IRIS/emg_data/closed_vocab/silent/5-19_silent/224_emg.npy,/Users/vedantdwivedi/Desktop/IRIS/silent_speech_alignments/text_alignments/5-9/5-9_224_audio.TextGrid,1,SAW,1.11,1.38,0.2699999999999998,666,828
749,224,/Users/vedantdwivedi/Desktop/IRIS/emg_data/closed_vocab/silent/5-19_silent/224_emg.npy,/Users/vedantdwivedi/Desktop/IRIS/silent_speech_alignments/text_alignments/5-9/5-9_224_audio.TextGrid,2,PEOPLE,1.38,1.77,0.3900000000000001,828,1062
750,224,/Users/vedantdwivedi/Desktop/IRIS/emg_data/closed_vocab/silent/5-19_silent/224_emg.npy,/Users/vedantdwivedi/Desktop/IRIS/silent_speech_alignments/text_alignments/5-9/5-9_224_audio.TextGrid,3,STRUGGLING,1.77,2.19,0.41999999999999993,1062,1314
751,224,/Users/vedantdwivedi/Desktop/IRIS/emg_data/closed_vocab/silent/5-19_silent/224_emg.npy,/Users/vedantdwivedi/Desktop/IRIS/silent_speech_alignments/text_alignments/5-9/5-9_224_audio.TextGrid,4,SHOREWARDS,2.19,2.99,0.8000000000000003,1314,1794
752,224,/Users/vedantdwivedi/Desktop/IRIS/emg_data/closed_vocab/silent/5-19_silent/224_emg.npy,/Users/vedantdwivedi/Desktop/IRIS/silent_speech_alignments/text_alignments/5-9/5-9_224_audio.TextGrid,5,AND,3.34,3.49,0.15000000000000036,2004,2094
753,224,/Users/vedantdwivedi/Desktop/IRIS/emg_data/closed_vocab/silent/5-19_silent/224_emg.npy,/Users/vedantdwivedi/Desktop/IRIS/silent_speech_alignments/text_alignments/5-9/5-9_224_audio.TextGrid,6,HEARD,3.49,3.69,0.19999999999999973,2094,2214
754,224,/Users/vedantdwivedi/Desktop/IRIS/emg_data/closed_vocab/silent/5-19_silent/224_emg.npy,/Users/vedantdwivedi/Desktop/IRIS/silent_speech_alignments/text_alignments/5-9/5-9_224_audio.TextGrid,7,THEIR,3.69,3.82,0.1299999999999999,2214,2292
755,224,/Users/vedantdwivedi/Desktop/IRIS/emg_data/closed_vocab/silent/5-19_silent/224_emg.npy,/Users/vedantdwivedi/Desktop/IRIS/silent_speech_alignments/text_alignments/5-9/5-9_224_audio.TextGrid,8,SCREAMING,3.82,4.32,0.5000000000000004,2292,2592
756,224,/Users/vedantdwivedi/Desktop/IRIS/emg_data/closed_vocab/silent/5-19_silent/224_emg.npy,/Users/vedantdwivedi/Desktop/IRIS/silent_speech_alignments/text_alignments/5-9/5-9_224_audio.TextGrid,9,AND,4.32,4.44,0.1200000000000001,2592,2664
757,224,/Users/vedantdwivedi/Desktop/IRIS/emg_data/closed_vocab/silent/5-19_silent/224_emg.npy,/Users/vedantdwivedi/Desktop/IRIS/silent_speech_alignments/text_alignments/5-9/5-9_224_audio.TextGrid,10,SHOUTING,4.44,4.9,0.45999999999999996,2664,2940
758,225,/Users/vedantdwivedi/Desktop/IRIS/emg_data/closed_vocab/silent/5-19_silent/225_emg.npy,/Users/vedantdwivedi/Desktop/IRIS/silent_speech_alignments/text_alignments/5-9/5-9_225_audio.TextGrid,0,FOR,0.84,0.98,0.14,504,588
759,225,/Users/vedantdwivedi/Desktop/IRIS/emg_data/closed_vocab/silent/5-19_silent/225_emg.npy,/Users/vedantdwivedi/Desktop/IRIS/silent_speech_alignments/text_alignments/5-9/5-9_225_audio.TextGrid,1,A,0.98,1.02,0.040000000000000036,588,612
760,225,/Users/vedantdwivedi/Desktop/IRIS/emg_data/closed_vocab/silent/5-19_silent/225_emg.npy,/Users/vedantdwivedi/Desktop/IRIS/silent_speech_alignments/text_alignments/5-9/5-9_225_audio.TextGrid,2,MOMENT,1.02,1.38,0.3599999999999999,612,828
761,225,/Users/vedantdwivedi/Desktop/IRIS/emg_data/closed_vocab/silent/5-19_silent/225_emg.npy,/Users/vedantdwivedi/Desktop/IRIS/silent_speech_alignments/text_alignments/5-9/5-9_225_audio.TextGrid,3,I,1.41,1.49,0.08000000000000007,846,894
762,225,/Users/vedantdwivedi/Desktop/IRIS/emg_data/closed_vocab/silent/5-19_silent/225_emg.npy,/Users/vedantdwivedi/Desktop/IRIS/silent_speech_alignments/text_alignments/5-9/5-9_225_audio.TextGrid,4,HEEDED,1.49,1.8,0.31000000000000005,894,1080
763,225,/Users/vedantdwivedi/Desktop/IRIS/emg_data/closed_vocab/silent/5-19_silent/225_emg.npy,/Users/vedantdwivedi/Desktop/IRIS/silent_speech_alignments/text_alignments/5-9/5-9_225_audio.TextGrid,5,NOTHING,1.8,2.11,0.30999999999999983,1080,1266
764,225,/Users/vedantdwivedi/Desktop/IRIS/emg_data/closed_vocab/silent/5-19_silent/225_emg.npy,/Users/vedantdwivedi/Desktop/IRIS/silent_speech_alignments/text_alignments/5-9/5-9_225_audio.TextGrid,6,OF,2.11,2.2,0.0900000000000003,1266,1320
765,225,/Users/vedantdwivedi/Desktop/IRIS/emg_data/closed_vocab/silent/5-19_silent/225_emg.npy,/Users/vedantdwivedi/Desktop/IRIS/silent_speech_alignments/text_alignments/5-9/5-9_225_audio.TextGrid,7,THE,2.2,2.28,0.07999999999999963,1320,1368
766,225,/Users/vedantdwivedi/Desktop/IRIS/emg_data/closed_vocab/silent/5-19_silent/225_emg.npy,/Users/vedantdwivedi/Desktop/IRIS/silent_speech_alignments/text_alignments/5-9/5-9_225_audio.TextGrid,8,HEAT,2.28,2.61,0.33000000000000007,1368,1566
767,225,/Users/vedantdwivedi/Desktop/IRIS/emg_data/closed_vocab/silent/5-19_silent/225_emg.npy,/Users/vedantdwivedi/Desktop/IRIS/silent_speech_alignments/text_alignments/5-9/5-9_225_audio.TextGrid,9,FORGOT,3.33,3.76,0.4299999999999997,1998,2256
768,225,/Users/vedantdwivedi/Desktop/IRIS/emg_data/closed_vocab/silent/5-19_silent/225_emg.npy,/Users/vedantdwivedi/Desktop/IRIS/silent_speech_alignments/text_alignments/5-9/5-9_225_audio.TextGrid,10,THE,3.76,3.85,0.0900000000000003,2256,2310
769,225,/Users/vedantdwivedi/Desktop/IRIS/emg_data/closed_vocab/silent/5-19_silent/225_emg.npy,/Users/vedantdwivedi/Desktop/IRIS/silent_speech_alignments/text_alignments/5-9/5-9_225_audio.TextGrid,11,PATENT,3.85,4.24,0.3900000000000001,2310,2544
770,225,/Users/vedantdwivedi/Desktop/IRIS/emg_data/closed_vocab/silent/5-19_silent/225_emg.npy,/Users/vedantdwivedi/Desktop/IRIS/silent_speech_alignments/text_alignments/5-9/5-9_225_audio.TextGrid,12,NEED,4.27,4.68,0.41000000000000014,2562,2706
771,226,/Users/vedantdwivedi/Desktop/IRIS/emg_data/closed_vocab/silent/5-19_silent/226_emg.npy,/Users/vedantdwivedi/Desktop/IRIS/silent_speech_alignments/text_alignments/5-9/5-9_226_audio.TextGrid,0,I,0.86,1.0,0.14,516,600
772,226,/Users/vedantdwivedi/Desktop/IRIS/emg_data/closed_vocab/silent/5-19_silent/226_emg.npy,/Users/vedantdwivedi/Desktop/IRIS/silent_speech_alignments/text_alignments/5-9/5-9_226_audio.TextGrid,1,SPLASHED,1.0,1.55,0.55,600,930
773,226,/Users/vedantdwivedi/Desktop/IRIS/emg_data/closed_vocab/silent/5-19_silent/226_emg.npy,/Users/vedantdwivedi/Desktop/IRIS/silent_speech_alignments/text_alignments/5-9/5-9_226_audio.TextGrid,2,THROUGH,1.55,1.68,0.1299999999999999,930,1008
774,226,/Users/vedantdwivedi/Desktop/IRIS/emg_data/closed_vocab/silent/5-19_silent/226_emg.npy,/Users/vedantdwivedi/Desktop/IRIS/silent_speech_alignments/text_alignments/5-9/5-9_226_audio.TextGrid,3,THE,1.68,1.78,0.10000000000000009,1008,1068
775,226,/Users/vedantdwivedi/Desktop/IRIS/emg_data/closed_vocab/silent/5-19_silent/226_emg.npy,/Users/vedantdwivedi/Desktop/IRIS/silent_speech_alignments/text_alignments/5-9/5-9_226_audio.TextGrid,4,TUMULTUOUS,1.78,2.31,0.53,1068,1386
776,226,/Users/vedantdwivedi/Desktop/IRIS/emg_data/closed_vocab/silent/5-19_silent/226_emg.npy,/Users/vedantdwivedi/Desktop/IRIS/silent_speech_alignments/text_alignments/5-9/5-9_226_audio.TextGrid,5,WATER,2.31,2.75,0.43999999999999995,1386,1650
777,226,/Users/vedantdwivedi/Desktop/IRIS/emg_data/closed_vocab/silent/5-19_silent/226_emg.npy,/Users/vedantdwivedi/Desktop/IRIS/silent_speech_alignments/text_alignments/5-9/5-9_226_audio.TextGrid,6,PUSHING,3.3,3.61,0.31000000000000005,1980,2166
778,226,/Users/vedantdwivedi/Desktop/IRIS/emg_data/closed_vocab/silent/5-19_silent/226_emg.npy,/Users/vedantdwivedi/Desktop/IRIS/silent_speech_alignments/text_alignments/5-9/5-9_226_audio.TextGrid,7,ASIDE,3.61,4.1,0.48999999999999977,2166,2460
779,226,/Users/vedantdwivedi/Desktop/IRIS/emg_data/closed_vocab/silent/5-19_silent/226_emg.npy,/Users/vedantdwivedi/Desktop/IRIS/silent_speech_alignments/text_alignments/5-9/5-9_226_audio.TextGrid,8,A,4.24,4.35,0.10999999999999943,2544,2610
780,226,/Users/vedantdwivedi/Desktop/IRIS/emg_data/closed_vocab/silent/5-19_silent/226_emg.npy,/Users/vedantdwivedi/Desktop/IRIS/silent_speech_alignments/text_alignments/5-9/5-9_226_audio.TextGrid,9,MAN,4.35,4.72,0.3700000000000001,2610,2832
781,226,/Users/vedantdwivedi/Desktop/IRIS/emg_data/closed_vocab/silent/5-19_silent/226_emg.npy,/Users/vedantdwivedi/Desktop/IRIS/silent_speech_alignments/text_alignments/5-9/5-9_226_audio.TextGrid,10,IN,4.72,4.9,0.1800000000000006,2832,2940
782,226,/Users/vedantdwivedi/Desktop/IRIS/emg_data/closed_vocab/silent/5-19_silent/226_emg.npy,/Users/vedantdwivedi/Desktop/IRIS/silent_speech_alignments/text_alignments/5-9/5-9_226_audio.TextGrid,11,BLACK,4.9,5.2,0.2999999999999998,2940,3120
783,226,/Users/vedantdwivedi/Desktop/IRIS/emg_data/closed_vocab/silent/5-19_silent/226_emg.npy,/Users/vedantdwivedi/Desktop/IRIS/silent_speech_alignments/text_alignments/5-9/5-9_226_audio.TextGrid,12,TO,5.2,5.28,0.08000000000000007,3120,3168
784,226,/Users/vedantdwivedi/Desktop/IRIS/emg_data/closed_vocab/silent/5-19_silent/226_emg.npy,/Users/vedantdwivedi/Desktop/IRIS/silent_speech_alignments/text_alignments/5-9/5-9_226_audio.TextGrid,13,DO,5.28,5.47,0.1899999999999995,3168,3282
785,226,/Users/vedantdwivedi/Desktop/IRIS/emg_data/closed_vocab/silent/5-19_silent/226_emg.npy,/Users/vedantdwivedi/Desktop/IRIS/silent_speech_alignments/text_alignments/5-9/5-9_226_audio.TextGrid,14,SO,5.47,5.87,0.40000000000000036,3282,3522
786,226,/Users/vedantdwivedi/Desktop/IRIS/emg_data/closed_vocab/silent/5-19_silent/226_emg.npy,/Users/vedantdwivedi/Desktop/IRIS/silent_speech_alignments/text_alignments/5-9/5-9_226_audio.TextGrid,15,UNTIL,6.17,6.49,0.3200000000000003,3702,3894
787,226,/Users/vedantdwivedi/Desktop/IRIS/emg_data/closed_vocab/silent/5-19_silent/226_emg.npy,/Users/vedantdwivedi/Desktop/IRIS/silent_speech_alignments/text_alignments/5-9/5-9_226_audio.TextGrid,16,I,6.49,6.56,0.0699999999999994,3894,3936
788,226,/Users/vedantdwivedi/Desktop/IRIS/emg_data/closed_vocab/silent/5-19_silent/226_emg.npy,/Users/vedantdwivedi/Desktop/IRIS/silent_speech_alignments/text_alignments/5-9/5-9_226_audio.TextGrid,17,COULD,6.56,6.76,0.20000000000000018,3936,4056
789,226,/Users/vedantdwivedi/Desktop/IRIS/emg_data/closed_vocab/silent/5-19_silent/226_emg.npy,/Users/vedantdwivedi/Desktop/IRIS/silent_speech_alignments/text_alignments/5-9/5-9_226_audio.TextGrid,18,SEE,6.76,7.21,0.4500000000000002,4056,4260
790,227,/Users/vedantdwivedi/Desktop/IRIS/emg_data/closed_vocab/silent/5-19_silent/227_emg.npy,/Users/vedantdwivedi/Desktop/IRIS/silent_speech_alignments/text_alignments/5-9/5-9_227_audio.TextGrid,0,HALF,0.93,1.15,0.21999999999999986,558,690
791,227,/Users/vedantdwivedi/Desktop/IRIS/emg_data/closed_vocab/silent/5-19_silent/227_emg.npy,/Users/vedantdwivedi/Desktop/IRIS/silent_speech_alignments/text_alignments/5-9/5-9_227_audio.TextGrid,1,A,1.15,1.23,0.08000000000000007,690,738
792,227,/Users/vedantdwivedi/Desktop/IRIS/emg_data/closed_vocab/silent/5-19_silent/227_emg.npy,/Users/vedantdwivedi/Desktop/IRIS/silent_speech_alignments/text_alignments/5-9/5-9_227_audio.TextGrid,2,DOZEN,1.23,1.67,0.43999999999999995,738,1002
793,227,/Users/vedantdwivedi/Desktop/IRIS/emg_data/closed_vocab/silent/5-19_silent/227_emg.npy,/Users/vedantdwivedi/Desktop/IRIS/silent_speech_alignments/text_alignments/5-9/5-9_227_audio.TextGrid,3,DESERTED,1.7,2.09,0.3899999999999999,1020,1254
794,227,/Users/vedantdwivedi/Desktop/IRIS/emg_data/closed_vocab/silent/5-19_silent/227_emg.npy,/Users/vedantdwivedi/Desktop/IRIS/silent_speech_alignments/text_alignments/5-9/5-9_227_audio.TextGrid,4,BOATS,2.09,2.64,0.5500000000000003,1254,1584
795,227,/Users/vedantdwivedi/Desktop/IRIS/emg_data/closed_vocab/silent/5-19_silent/227_emg.npy,/Users/vedantdwivedi/Desktop/IRIS/silent_speech_alignments/text_alignments/5-9/5-9_227_audio.TextGrid,5,PITCHED,3.4,3.76,0.3599999999999999,2040,2256
796,227,/Users/vedantdwivedi/Desktop/IRIS/emg_data/closed_vocab/silent/5-19_silent/227_emg.npy,/Users/vedantdwivedi/Desktop/IRIS/silent_speech_alignments/text_alignments/5-9/5-9_227_audio.TextGrid,6,AIMLESSLY,3.79,4.5,0.71,2274,2700
797,227,/Users/vedantdwivedi/Desktop/IRIS/emg_data/closed_vocab/silent/5-19_silent/227_emg.npy,/Users/vedantdwivedi/Desktop/IRIS/silent_speech_alignments/text_alignments/5-9/5-9_227_audio.TextGrid,7,UPON,4.71,4.97,0.2599999999999998,2826,2982
798,227,/Users/vedantdwivedi/Desktop/IRIS/emg_data/closed_vocab/silent/5-19_silent/227_emg.npy,/Users/vedantdwivedi/Desktop/IRIS/silent_speech_alignments/text_alignments/5-9/5-9_227_audio.TextGrid,8,THE,4.97,5.05,0.08000000000000007,2982,3030
799,227,/Users/vedantdwivedi/Desktop/IRIS/emg_data/closed_vocab/silent/5-19_silent/227_emg.npy,/Users/vedantdwivedi/Desktop/IRIS/silent_speech_alignments/text_alignments/5-9/5-9_227_audio.TextGrid,9,CONFUSION,5.05,5.63,0.5800000000000001,3030,3108
800,228,/Users/vedantdwivedi/Desktop/IRIS/emg_data/closed_vocab/silent/5-19_silent/228_emg.npy,/Users/vedantdwivedi/Desktop/IRIS/silent_speech_alignments/text_alignments/5-9/5-9_228_audio.TextGrid,0,THE,0.86,0.98,0.12,516,588
801,228,/Users/vedantdwivedi/Desktop/IRIS/emg_data/closed_vocab/silent/5-19_silent/228_emg.npy,/Users/vedantdwivedi/Desktop/IRIS/silent_speech_alignments/text_alignments/5-9/5-9_228_audio.TextGrid,1,FALLEN,0.98,1.28,0.30000000000000004,588,768
802,228,/Users/vedantdwivedi/Desktop/IRIS/emg_data/closed_vocab/silent/5-19_silent/228_emg.npy,/Users/vedantdwivedi/Desktop/IRIS/silent_speech_alignments/text_alignments/5-9/5-9_228_audio.TextGrid,2,MARTIAN,1.28,1.83,0.55,768,1098
803,228,/Users/vedantdwivedi/Desktop/IRIS/emg_data/closed_vocab/silent/5-19_silent/228_emg.npy,/Users/vedantdwivedi/Desktop/IRIS/silent_speech_alignments/text_alignments/5-9/5-9_228_audio.TextGrid,3,CAME,2.06,2.36,0.2999999999999998,1236,1416
804,228,/Users/vedantdwivedi/Desktop/IRIS/emg_data/closed_vocab/silent/5-19_silent/228_emg.npy,/Users/vedantdwivedi/Desktop/IRIS/silent_speech_alignments/text_alignments/5-9/5-9_228_audio.TextGrid,4,INTO,2.36,2.56,0.20000000000000018,1416,1536
805,228,/Users/vedantdwivedi/Desktop/IRIS/emg_data/closed_vocab/silent/5-19_silent/228_emg.npy,/Users/vedantdwivedi/Desktop/IRIS/silent_speech_alignments/text_alignments/5-9/5-9_228_audio.TextGrid,5,SIGHT,2.56,2.92,0.3599999999999999,1536,1752
806,228,/Users/vedantdwivedi/Desktop/IRIS/emg_data/closed_vocab/silent/5-19_silent/228_emg.npy,/Users/vedantdwivedi/Desktop/IRIS/silent_speech_alignments/text_alignments/5-9/5-9_228_audio.TextGrid,6,DOWNSTREAM,2.92,3.61,0.69,1752,2166
807,228,/Users/vedantdwivedi/Desktop/IRIS/emg_data/closed_vocab/silent/5-19_silent/228_emg.npy,/Users/vedantdwivedi/Desktop/IRIS/silent_speech_alignments/text_alignments/5-9/5-9_228_audio.TextGrid,7,LYING,4.03,4.38,0.34999999999999964,2418,2628
808,228,/Users/vedantdwivedi/Desktop/IRIS/emg_data/closed_vocab/silent/5-19_silent/228_emg.npy,/Users/vedantdwivedi/Desktop/IRIS/silent_speech_alignments/text_alignments/5-9/5-9_228_audio.TextGrid,8,ACROSS,4.38,4.73,0.35000000000000053,2628,2838
809,228,/Users/vedantdwivedi/Desktop/IRIS/emg_data/closed_vocab/silent/5-19_silent/228_emg.npy,/Users/vedantdwivedi/Desktop/IRIS/silent_speech_alignments/text_alignments/5-9/5-9_228_audio.TextGrid,9,THE,4.73,4.81,0.07999999999999918,2838,2886
810,228,/Users/vedantdwivedi/Desktop/IRIS/emg_data/closed_vocab/silent/5-19_silent/228_emg.npy,/Users/vedantdwivedi/Desktop/IRIS/silent_speech_alignments/text_alignments/5-9/5-9_228_audio.TextGrid,10,RIVER,4.81,5.2,0.39000000000000057,2886,2928
811,229,/Users/vedantdwivedi/Desktop/IRIS/emg_data/closed_vocab/silent/5-19_silent/229_emg.npy,/Users/vedantdwivedi/Desktop/IRIS/silent_speech_alignments/text_alignments/5-9/5-9_229_audio.TextGrid,0,THICK,1.01,1.34,0.33000000000000007,606,804
812,229,/Users/vedantdwivedi/Desktop/IRIS/emg_data/closed_vocab/silent/5-19_silent/229_emg.npy,/Users/vedantdwivedi/Desktop/IRIS/silent_speech_alignments/text_alignments/5-9/5-9_229_audio.TextGrid,1,CLOUDS,1.38,1.8,0.42000000000000015,828,1080
813,229,/Users/vedantdwivedi/Desktop/IRIS/emg_data/closed_vocab/silent/5-19_silent/229_emg.npy,/Users/vedantdwivedi/Desktop/IRIS/silent_speech_alignments/text_alignments/5-9/5-9_229_audio.TextGrid,2,OF,1.8,1.94,0.1399999999999999,1080,1164
814,229,/Users/vedantdwivedi/Desktop/IRIS/emg_data/closed_vocab/silent/5-19_silent/229_emg.npy,/Users/vedantdwivedi/Desktop/IRIS/silent_speech_alignments/text_alignments/5-9/5-9_229_audio.TextGrid,3,STEAM,1.94,2.38,0.43999999999999995,1164,1428
815,229,/Users/vedantdwivedi/Desktop/IRIS/emg_data/closed_vocab/silent/5-19_silent/229_emg.npy,/Users/vedantdwivedi/Desktop/IRIS/silent_speech_alignments/text_alignments/5-9/5-9_229_audio.TextGrid,4,WERE,2.41,2.58,0.16999999999999993,1446,1548
816,229,/Users/vedantdwivedi/Desktop/IRIS/emg_data/closed_vocab/silent/5-19_silent/229_emg.npy,/Users/vedantdwivedi/Desktop/IRIS/silent_speech_alignments/text_alignments/5-9/5-9_229_audio.TextGrid,5,POURING,2.58,3.06,0.48,1548,1836
817,229,/Users/vedantdwivedi/Desktop/IRIS/emg_data/closed_vocab/silent/5-19_silent/229_emg.npy,/Users/vedantdwivedi/Desktop/IRIS/silent_speech_alignments/text_alignments/5-9/5-9_229_audio.TextGrid,6,OFF,3.06,3.22,0.16000000000000014,1836,1932
818,229,/Users/vedantdwivedi/Desktop/IRIS/emg_data/closed_vocab/silent/5-19_silent/229_emg.npy,/Users/vedantdwivedi/Desktop/IRIS/silent_speech_alignments/text_alignments/5-9/5-9_229_audio.TextGrid,7,THE,3.22,3.28,0.05999999999999961,1932,1968
819,229,/Users/vedantdwivedi/Desktop/IRIS/emg_data/closed_vocab/silent/5-19_silent/229_emg.npy,/Users/vedantdwivedi/Desktop/IRIS/silent_speech_alignments/text_alignments/5-9/5-9_229_audio.TextGrid,8,WRECKAGE,3.28,3.81,0.5300000000000002,1968,2286
820,229,/Users/vedantdwivedi/Desktop/IRIS/emg_data/closed_vocab/silent/5-19_silent/229_emg.npy,/Users/vedantdwivedi/Desktop/IRIS/silent_speech_alignments/text_alignments/5-9/5-9_229_audio.TextGrid,9,AND,4.22,4.34,0.1200000000000001,2532,2604
821,229,/Users/vedantdwivedi/Desktop/IRIS/emg_data/closed_vocab/silent/5-19_silent/229_emg.npy,/Users/vedantdwivedi/Desktop/IRIS/silent_speech_alignments/text_alignments/5-9/5-9_229_audio.TextGrid,10,THROUGH,4.34,4.54,0.20000000000000018,2604,2724
822,229,/Users/vedantdwivedi/Desktop/IRIS/emg_data/closed_vocab/silent/5-19_silent/229_emg.npy,/Users/vedantdwivedi/Desktop/IRIS/silent_speech_alignments/text_alignments/5-9/5-9_229_audio.TextGrid,11,THE,4.54,4.64,0.09999999999999964,2724,2784
823,229,/Users/vedantdwivedi/Desktop/IRIS/emg_data/closed_vocab/silent/5-19_silent/229_emg.npy,/Users/vedantdwivedi/Desktop/IRIS/silent_speech_alignments/text_alignments/5-9/5-9_229_audio.TextGrid,12,TUMULTUOUSLY,4.64,5.57,0.9300000000000006,2784,3126
824,22,/Users/vedantdwivedi/Desktop/IRIS/emg_data/closed_vocab/silent/5-19_silent/22_emg.npy,/Users/vedantdwivedi/Desktop/IRIS/silent_speech_alignments/text_alignments/5-9/5-9_22_audio.TextGrid,0,AT,1.33,1.48,0.1499999999999999,798,888
825,22,/Users/vedantdwivedi/Desktop/IRIS/emg_data/closed_vocab/silent/5-19_silent/22_emg.npy,/Users/vedantdwivedi/Desktop/IRIS/silent_speech_alignments/text_alignments/5-9/5-9_22_audio.TextGrid,1,THE,1.48,1.58,0.10000000000000009,888,948
826,22,/Users/vedantdwivedi/Desktop/IRIS/emg_data/closed_vocab/silent/5-19_silent/22_emg.npy,/Users/vedantdwivedi/Desktop/IRIS/silent_speech_alignments/text_alignments/5-9/5-9_22_audio.TextGrid,2,CORNER,1.58,2.1,0.52,948,1260
827,22,/Users/vedantdwivedi/Desktop/IRIS/emg_data/closed_vocab/silent/5-19_silent/22_emg.npy,/Users/vedantdwivedi/Desktop/IRIS/silent_speech_alignments/text_alignments/5-9/5-9_22_audio.TextGrid,3,TURNING,2.26,2.59,0.33000000000000007,1356,1554
828,22,/Users/vedantdwivedi/Desktop/IRIS/emg_data/closed_vocab/silent/5-19_silent/22_emg.npy,/Users/vedantdwivedi/Desktop/IRIS/silent_speech_alignments/text_alignments/5-9/5-9_22_audio.TextGrid,4,UP,2.59,2.77,0.18000000000000016,1554,1662
829,22,/Users/vedantdwivedi/Desktop/IRIS/emg_data/closed_vocab/silent/5-19_silent/22_emg.npy,/Users/vedantdwivedi/Desktop/IRIS/silent_speech_alignments/text_alignments/5-9/5-9_22_audio.TextGrid,5,TOWARDS,2.77,3.1,0.33000000000000007,1662,1860
830,22,/Users/vedantdwivedi/Desktop/IRIS/emg_data/closed_vocab/silent/5-19_silent/22_emg.npy,/Users/vedantdwivedi/Desktop/IRIS/silent_speech_alignments/text_alignments/5-9/5-9_22_audio.TextGrid,6,THE,3.1,3.21,0.10999999999999988,1860,1926
831,22,/Users/vedantdwivedi/Desktop/IRIS/emg_data/closed_vocab/silent/5-19_silent/22_emg.npy,/Users/vedantdwivedi/Desktop/IRIS/silent_speech_alignments/text_alignments/5-9/5-9_22_audio.TextGrid,7,POST,3.21,3.53,0.31999999999999984,1926,2118
832,22,/Users/vedantdwivedi/Desktop/IRIS/emg_data/closed_vocab/silent/5-19_silent/22_emg.npy,/Users/vedantdwivedi/Desktop/IRIS/silent_speech_alignments/text_alignments/5-9/5-9_22_audio.TextGrid,8,OFFICE,3.53,4.12,0.5900000000000003,2118,2472
833,22,/Users/vedantdwivedi/Desktop/IRIS/emg_data/closed_vocab/silent/5-19_silent/22_emg.npy,/Users/vedantdwivedi/Desktop/IRIS/silent_speech_alignments/text_alignments/5-9/5-9_22_audio.TextGrid,9,A,4.24,4.35,0.10999999999999943,2544,2610
834,22,/Users/vedantdwivedi/Desktop/IRIS/emg_data/closed_vocab/silent/5-19_silent/22_emg.npy,/Users/vedantdwivedi/Desktop/IRIS/silent_speech_alignments/text_alignments/5-9/5-9_22_audio.TextGrid,10,LITTLE,4.35,4.57,0.22000000000000064,2610,2742
835,22,/Users/vedantdwivedi/Desktop/IRIS/emg_data/closed_vocab/silent/5-19_silent/22_emg.npy,/Users/vedantdwivedi/Desktop/IRIS/silent_speech_alignments/text_alignments/5-9/5-9_22_audio.TextGrid,11,CART,4.57,4.97,0.39999999999999947,2742,2982
836,232,/Users/vedantdwivedi/Desktop/IRIS/emg_data/closed_vocab/silent/5-19_silent/232_emg.npy,/Users/vedantdwivedi/Desktop/IRIS/silent_speech_alignments/text_alignments/5-9/5-9_232_audio.TextGrid,0,THE,0.83,0.92,0.09000000000000008,498,552
837,232,/Users/vedantdwivedi/Desktop/IRIS/emg_data/closed_vocab/silent/5-19_silent/232_emg.npy,/Users/vedantdwivedi/Desktop/IRIS/silent_speech_alignments/text_alignments/5-9/5-9_232_audio.TextGrid,1,TENTACLES,0.92,1.49,0.57,552,894
838,232,/Users/vedantdwivedi/Desktop/IRIS/emg_data/closed_vocab/silent/5-19_silent/232_emg.npy,/Users/vedantdwivedi/Desktop/IRIS/silent_speech_alignments/text_alignments/5-9/5-9_232_audio.TextGrid,2,SWAYED,1.52,1.99,0.47,912,1194
839,232,/Users/vedantdwivedi/Desktop/IRIS/emg_data/closed_vocab/silent/5-19_silent/232_emg.npy,/Users/vedantdwivedi/Desktop/IRIS/silent_speech_alignments/text_alignments/5-9/5-9_232_audio.TextGrid,3,AND,1.99,2.14,0.15000000000000013,1194,1284
840,232,/Users/vedantdwivedi/Desktop/IRIS/emg_data/closed_vocab/silent/5-19_silent/232_emg.npy,/Users/vedantdwivedi/Desktop/IRIS/silent_speech_alignments/text_alignments/5-9/5-9_232_audio.TextGrid,4,STRUCK,2.14,2.57,0.4299999999999997,1284,1542
841,232,/Users/vedantdwivedi/Desktop/IRIS/emg_data/closed_vocab/silent/5-19_silent/232_emg.npy,/Users/vedantdwivedi/Desktop/IRIS/silent_speech_alignments/text_alignments/5-9/5-9_232_audio.TextGrid,5,LIKE,2.77,3.0,0.22999999999999998,1662,1800
842,232,/Users/vedantdwivedi/Desktop/IRIS/emg_data/closed_vocab/silent/5-19_silent/232_emg.npy,/Users/vedantdwivedi/Desktop/IRIS/silent_speech_alignments/text_alignments/5-9/5-9_232_audio.TextGrid,6,LIVING,3.0,3.29,0.29000000000000004,1800,1974
843,232,/Users/vedantdwivedi/Desktop/IRIS/emg_data/closed_vocab/silent/5-19_silent/232_emg.npy,/Users/vedantdwivedi/Desktop/IRIS/silent_speech_alignments/text_alignments/5-9/5-9_232_audio.TextGrid,7,ARMS,3.29,3.88,0.5899999999999999,1974,2328
844,232,/Users/vedantdwivedi/Desktop/IRIS/emg_data/closed_vocab/silent/5-19_silent/232_emg.npy,/Users/vedantdwivedi/Desktop/IRIS/silent_speech_alignments/text_alignments/5-9/5-9_232_audio.TextGrid,8,AND,4.02,4.38,0.3600000000000003,2412,2628
845,232,/Users/vedantdwivedi/Desktop/IRIS/emg_data/closed_vocab/silent/5-19_silent/232_emg.npy,/Users/vedantdwivedi/Desktop/IRIS/silent_speech_alignments/text_alignments/5-9/5-9_232_audio.TextGrid,9,SAVE,4.71,5.12,0.41000000000000014,2826,3072
846,232,/Users/vedantdwivedi/Desktop/IRIS/emg_data/closed_vocab/silent/5-19_silent/232_emg.npy,/Users/vedantdwivedi/Desktop/IRIS/silent_speech_alignments/text_alignments/5-9/5-9_232_audio.TextGrid,10,FOR,5.16,5.29,0.1299999999999999,3096,3174
847,232,/Users/vedantdwivedi/Desktop/IRIS/emg_data/closed_vocab/silent/5-19_silent/232_emg.npy,/Users/vedantdwivedi/Desktop/IRIS/silent_speech_alignments/text_alignments/5-9/5-9_232_audio.TextGrid,11,THE,5.29,5.38,0.08999999999999986,3174,3228
848,232,/Users/vedantdwivedi/Desktop/IRIS/emg_data/closed_vocab/silent/5-19_silent/232_emg.npy,/Users/vedantdwivedi/Desktop/IRIS/silent_speech_alignments/text_alignments/5-9/5-9_232_audio.TextGrid,12,HELPLESS,5.38,5.99,0.6100000000000003,3228,3246
849,235,/Users/vedantdwivedi/Desktop/IRIS/emg_data/closed_vocab/silent/5-19_silent/235_emg.npy,/Users/vedantdwivedi/Desktop/IRIS/silent_speech_alignments/text_alignments/5-9/5-9_235_audio.TextGrid,0,A,1.11,1.22,0.10999999999999988,666,732
850,235,/Users/vedantdwivedi/Desktop/IRIS/emg_data/closed_vocab/silent/5-19_silent/235_emg.npy,/Users/vedantdwivedi/Desktop/IRIS/silent_speech_alignments/text_alignments/5-9/5-9_235_audio.TextGrid,1,MAN,1.22,1.73,0.51,732,1038
851,235,/Users/vedantdwivedi/Desktop/IRIS/emg_data/closed_vocab/silent/5-19_silent/235_emg.npy,/Users/vedantdwivedi/Desktop/IRIS/silent_speech_alignments/text_alignments/5-9/5-9_235_audio.TextGrid,2,KNEE,1.76,2.05,0.2899999999999998,1056,1230
852,235,/Users/vedantdwivedi/Desktop/IRIS/emg_data/closed_vocab/silent/5-19_silent/235_emg.npy,/Users/vedantdwivedi/Desktop/IRIS/silent_speech_alignments/text_alignments/5-9/5-9_235_audio.TextGrid,3,DEEP,2.05,2.4,0.3500000000000001,1230,1440
853,235,/Users/vedantdwivedi/Desktop/IRIS/emg_data/closed_vocab/silent/5-19_silent/235_emg.npy,/Users/vedantdwivedi/Desktop/IRIS/silent_speech_alignments/text_alignments/5-9/5-9_235_audio.TextGrid,4,NEAR,2.57,2.73,0.16000000000000014,1542,1638
854,235,/Users/vedantdwivedi/Desktop/IRIS/emg_data/closed_vocab/silent/5-19_silent/235_emg.npy,/Users/vedantdwivedi/Desktop/IRIS/silent_speech_alignments/text_alignments/5-9/5-9_235_audio.TextGrid,5,THE,2.73,2.85,0.1200000000000001,1638,1710
855,235,/Users/vedantdwivedi/Desktop/IRIS/emg_data/closed_vocab/silent/5-19_silent/235_emg.npy,/Users/vedantdwivedi/Desktop/IRIS/silent_speech_alignments/text_alignments/5-9/5-9_235_audio.TextGrid,6,TOWING,2.85,3.18,0.33000000000000007,1710,1908
856,235,/Users/vedantdwivedi/Desktop/IRIS/emg_data/closed_vocab/silent/5-19_silent/235_emg.npy,/Users/vedantdwivedi/Desktop/IRIS/silent_speech_alignments/text_alignments/5-9/5-9_235_audio.TextGrid,7,PATH,3.18,3.55,0.36999999999999966,1908,2130
857,235,/Users/vedantdwivedi/Desktop/IRIS/emg_data/closed_vocab/silent/5-19_silent/235_emg.npy,/Users/vedantdwivedi/Desktop/IRIS/silent_speech_alignments/text_alignments/5-9/5-9_235_audio.TextGrid,8,SHOUTED,3.92,4.34,0.41999999999999993,2352,2604
858,235,/Users/vedantdwivedi/Desktop/IRIS/emg_data/closed_vocab/silent/5-19_silent/235_emg.npy,/Users/vedantdwivedi/Desktop/IRIS/silent_speech_alignments/text_alignments/5-9/5-9_235_audio.TextGrid,9,INAUDIBLY,4.34,5.03,0.6900000000000004,2604,3018
859,235,/Users/vedantdwivedi/Desktop/IRIS/emg_data/closed_vocab/silent/5-19_silent/235_emg.npy,/Users/vedantdwivedi/Desktop/IRIS/silent_speech_alignments/text_alignments/5-9/5-9_235_audio.TextGrid,10,TO,5.06,5.19,0.13000000000000078,3036,3090
860,238,/Users/vedantdwivedi/Desktop/IRIS/emg_data/closed_vocab/silent/5-19_silent/238_emg.npy,/Users/vedantdwivedi/Desktop/IRIS/silent_speech_alignments/text_alignments/5-9/5-9_238_audio.TextGrid,0,LOOKING,0.77,1.09,0.32000000000000006,462,654
861,238,/Users/vedantdwivedi/Desktop/IRIS/emg_data/closed_vocab/silent/5-19_silent/238_emg.npy,/Users/vedantdwivedi/Desktop/IRIS/silent_speech_alignments/text_alignments/5-9/5-9_238_audio.TextGrid,1,BACK,1.09,1.45,0.3599999999999999,654,870
862,238,/Users/vedantdwivedi/Desktop/IRIS/emg_data/closed_vocab/silent/5-19_silent/238_emg.npy,/Users/vedantdwivedi/Desktop/IRIS/silent_speech_alignments/text_alignments/5-9/5-9_238_audio.TextGrid,2,I,1.73,1.84,0.1100000000000001,1038,1104
863,238,/Users/vedantdwivedi/Desktop/IRIS/emg_data/closed_vocab/silent/5-19_silent/238_emg.npy,/Users/vedantdwivedi/Desktop/IRIS/silent_speech_alignments/text_alignments/5-9/5-9_238_audio.TextGrid,3,SAW,1.84,1.98,0.1399999999999999,1104,1188
864,238,/Users/vedantdwivedi/Desktop/IRIS/emg_data/closed_vocab/silent/5-19_silent/238_emg.npy,/Users/vedantdwivedi/Desktop/IRIS/silent_speech_alignments/text_alignments/5-9/5-9_238_audio.TextGrid,4,THE,1.98,2.14,0.16000000000000014,1188,1284
865,238,/Users/vedantdwivedi/Desktop/IRIS/emg_data/closed_vocab/silent/5-19_silent/238_emg.npy,/Users/vedantdwivedi/Desktop/IRIS/silent_speech_alignments/text_alignments/5-9/5-9_238_audio.TextGrid,5,OTHER,2.14,2.33,0.18999999999999995,1284,1398
866,238,/Users/vedantdwivedi/Desktop/IRIS/emg_data/closed_vocab/silent/5-19_silent/238_emg.npy,/Users/vedantdwivedi/Desktop/IRIS/silent_speech_alignments/text_alignments/5-9/5-9_238_audio.TextGrid,6,MARTIANS,2.33,2.76,0.4299999999999997,1398,1656
867,238,/Users/vedantdwivedi/Desktop/IRIS/emg_data/closed_vocab/silent/5-19_silent/238_emg.npy,/Users/vedantdwivedi/Desktop/IRIS/silent_speech_alignments/text_alignments/5-9/5-9_238_audio.TextGrid,7,ADVANCING,2.76,3.41,0.6500000000000004,1656,2046
868,238,/Users/vedantdwivedi/Desktop/IRIS/emg_data/closed_vocab/silent/5-19_silent/238_emg.npy,/Users/vedantdwivedi/Desktop/IRIS/silent_speech_alignments/text_alignments/5-9/5-9_238_audio.TextGrid,8,WITH,3.74,3.89,0.1499999999999999,2244,2334
869,238,/Users/vedantdwivedi/Desktop/IRIS/emg_data/closed_vocab/silent/5-19_silent/238_emg.npy,/Users/vedantdwivedi/Desktop/IRIS/silent_speech_alignments/text_alignments/5-9/5-9_238_audio.TextGrid,9,GIGANTIC,3.89,4.41,0.52,2334,2646
870,238,/Users/vedantdwivedi/Desktop/IRIS/emg_data/closed_vocab/silent/5-19_silent/238_emg.npy,/Users/vedantdwivedi/Desktop/IRIS/silent_speech_alignments/text_alignments/5-9/5-9_238_audio.TextGrid,10,STRIDES,4.41,5.23,0.8200000000000003,2646,2718
871,239,/Users/vedantdwivedi/Desktop/IRIS/emg_data/closed_vocab/silent/5-19_silent/239_emg.npy,/Users/vedantdwivedi/Desktop/IRIS/silent_speech_alignments/text_alignments/5-9/5-9_239_audio.TextGrid,0,THE,0.97,1.05,0.08000000000000007,582,630
872,239,/Users/vedantdwivedi/Desktop/IRIS/emg_data/closed_vocab/silent/5-19_silent/239_emg.npy,/Users/vedantdwivedi/Desktop/IRIS/silent_speech_alignments/text_alignments/5-9/5-9_239_audio.TextGrid,1,SHEPPERTON,1.05,1.54,0.49,630,924
873,239,/Users/vedantdwivedi/Desktop/IRIS/emg_data/closed_vocab/silent/5-19_silent/239_emg.npy,/Users/vedantdwivedi/Desktop/IRIS/silent_speech_alignments/text_alignments/5-9/5-9_239_audio.TextGrid,2,GUNS,1.54,2.06,0.52,924,1236
874,239,/Users/vedantdwivedi/Desktop/IRIS/emg_data/closed_vocab/silent/5-19_silent/239_emg.npy,/Users/vedantdwivedi/Desktop/IRIS/silent_speech_alignments/text_alignments/5-9/5-9_239_audio.TextGrid,3,SPOKE,2.09,2.49,0.40000000000000036,1254,1494
875,239,/Users/vedantdwivedi/Desktop/IRIS/emg_data/closed_vocab/silent/5-19_silent/239_emg.npy,/Users/vedantdwivedi/Desktop/IRIS/silent_speech_alignments/text_alignments/5-9/5-9_239_audio.TextGrid,4,THIS,2.49,2.65,0.1599999999999997,1494,1590
876,239,/Users/vedantdwivedi/Desktop/IRIS/emg_data/closed_vocab/silent/5-19_silent/239_emg.npy,/Users/vedantdwivedi/Desktop/IRIS/silent_speech_alignments/text_alignments/5-9/5-9_239_audio.TextGrid,5,TIME,2.65,3.08,0.43000000000000016,1590,1848
877,239,/Users/vedantdwivedi/Desktop/IRIS/emg_data/closed_vocab/silent/5-19_silent/239_emg.npy,/Users/vedantdwivedi/Desktop/IRIS/silent_speech_alignments/text_alignments/5-9/5-9_239_audio.TextGrid,6,UNAVAILINGLY,3.6,4.44,0.8400000000000003,2160,2430
878,23,/Users/vedantdwivedi/Desktop/IRIS/emg_data/closed_vocab/silent/5-19_silent/23_emg.npy,/Users/vedantdwivedi/Desktop/IRIS/silent_speech_alignments/text_alignments/5-9/5-9_23_audio.TextGrid,0,A,1.23,1.35,0.1200000000000001,738,810
879,23,/Users/vedantdwivedi/Desktop/IRIS/emg_data/closed_vocab/silent/5-19_silent/23_emg.npy,/Users/vedantdwivedi/Desktop/IRIS/silent_speech_alignments/text_alignments/5-9/5-9_23_audio.TextGrid,1,CASH,1.35,1.7,0.34999999999999987,810,1020
880,23,/Users/vedantdwivedi/Desktop/IRIS/emg_data/closed_vocab/silent/5-19_silent/23_emg.npy,/Users/vedantdwivedi/Desktop/IRIS/silent_speech_alignments/text_alignments/5-9/5-9_23_audio.TextGrid,2,BOX,1.7,2.15,0.44999999999999996,1020,1290
881,23,/Users/vedantdwivedi/Desktop/IRIS/emg_data/closed_vocab/silent/5-19_silent/23_emg.npy,/Users/vedantdwivedi/Desktop/IRIS/silent_speech_alignments/text_alignments/5-9/5-9_23_audio.TextGrid,3,HAD,2.18,2.35,0.16999999999999993,1308,1410
882,23,/Users/vedantdwivedi/Desktop/IRIS/emg_data/closed_vocab/silent/5-19_silent/23_emg.npy,/Users/vedantdwivedi/Desktop/IRIS/silent_speech_alignments/text_alignments/5-9/5-9_23_audio.TextGrid,4,BEEN,2.35,2.5,0.1499999999999999,1410,1500
883,23,/Users/vedantdwivedi/Desktop/IRIS/emg_data/closed_vocab/silent/5-19_silent/23_emg.npy,/Users/vedantdwivedi/Desktop/IRIS/silent_speech_alignments/text_alignments/5-9/5-9_23_audio.TextGrid,5,HASTILY,2.5,2.97,0.4700000000000002,1500,1782
884,23,/Users/vedantdwivedi/Desktop/IRIS/emg_data/closed_vocab/silent/5-19_silent/23_emg.npy,/Users/vedantdwivedi/Desktop/IRIS/silent_speech_alignments/text_alignments/5-9/5-9_23_audio.TextGrid,6,SMASHED,2.97,3.42,0.44999999999999973,1782,2052
885,23,/Users/vedantdwivedi/Desktop/IRIS/emg_data/closed_vocab/silent/5-19_silent/23_emg.npy,/Users/vedantdwivedi/Desktop/IRIS/silent_speech_alignments/text_alignments/5-9/5-9_23_audio.TextGrid,7,OPEN,3.42,3.87,0.4500000000000002,2052,2322
886,23,/Users/vedantdwivedi/Desktop/IRIS/emg_data/closed_vocab/silent/5-19_silent/23_emg.npy,/Users/vedantdwivedi/Desktop/IRIS/silent_speech_alignments/text_alignments/5-9/5-9_23_audio.TextGrid,8,AND,4.26,4.43,0.16999999999999993,2556,2658
887,23,/Users/vedantdwivedi/Desktop/IRIS/emg_data/closed_vocab/silent/5-19_silent/23_emg.npy,/Users/vedantdwivedi/Desktop/IRIS/silent_speech_alignments/text_alignments/5-9/5-9_23_audio.TextGrid,9,THROWN,4.43,4.98,0.5500000000000007,2658,2862
888,240,/Users/vedantdwivedi/Desktop/IRIS/emg_data/closed_vocab/silent/5-19_silent/240_emg.npy,/Users/vedantdwivedi/Desktop/IRIS/silent_speech_alignments/text_alignments/5-9/5-9_240_audio.TextGrid,0,AT,1.26,1.45,0.18999999999999995,756,870
889,240,/Users/vedantdwivedi/Desktop/IRIS/emg_data/closed_vocab/silent/5-19_silent/240_emg.npy,/Users/vedantdwivedi/Desktop/IRIS/silent_speech_alignments/text_alignments/5-9/5-9_240_audio.TextGrid,1,THAT,1.45,1.74,0.29000000000000004,870,1044
890,240,/Users/vedantdwivedi/Desktop/IRIS/emg_data/closed_vocab/silent/5-19_silent/240_emg.npy,/Users/vedantdwivedi/Desktop/IRIS/silent_speech_alignments/text_alignments/5-9/5-9_240_audio.TextGrid,2,I,1.74,1.81,0.07000000000000006,1044,1086
891,240,/Users/vedantdwivedi/Desktop/IRIS/emg_data/closed_vocab/silent/5-19_silent/240_emg.npy,/Users/vedantdwivedi/Desktop/IRIS/silent_speech_alignments/text_alignments/5-9/5-9_240_audio.TextGrid,3,DUCKED,1.81,2.14,0.33000000000000007,1086,1284
892,240,/Users/vedantdwivedi/Desktop/IRIS/emg_data/closed_vocab/silent/5-19_silent/240_emg.npy,/Users/vedantdwivedi/Desktop/IRIS/silent_speech_alignments/text_alignments/5-9/5-9_240_audio.TextGrid,4,AT,2.14,2.3,0.1599999999999997,1284,1380
893,240,/Users/vedantdwivedi/Desktop/IRIS/emg_data/closed_vocab/silent/5-19_silent/240_emg.npy,/Users/vedantdwivedi/Desktop/IRIS/silent_speech_alignments/text_alignments/5-9/5-9_240_audio.TextGrid,5,ONCE,2.3,2.66,0.3600000000000003,1380,1596
894,240,/Users/vedantdwivedi/Desktop/IRIS/emg_data/closed_vocab/silent/5-19_silent/240_emg.npy,/Users/vedantdwivedi/Desktop/IRIS/silent_speech_alignments/text_alignments/5-9/5-9_240_audio.TextGrid,6,UNDER,2.66,2.87,0.20999999999999996,1596,1722
895,240,/Users/vedantdwivedi/Desktop/IRIS/emg_data/closed_vocab/silent/5-19_silent/240_emg.npy,/Users/vedantdwivedi/Desktop/IRIS/silent_speech_alignments/text_alignments/5-9/5-9_240_audio.TextGrid,7,WATER,2.87,3.3,0.4299999999999997,1722,1980
896,240,/Users/vedantdwivedi/Desktop/IRIS/emg_data/closed_vocab/silent/5-19_silent/240_emg.npy,/Users/vedantdwivedi/Desktop/IRIS/silent_speech_alignments/text_alignments/5-9/5-9_240_audio.TextGrid,8,AND,3.64,3.88,0.23999999999999977,2184,2328
897,240,/Users/vedantdwivedi/Desktop/IRIS/emg_data/closed_vocab/silent/5-19_silent/240_emg.npy,/Users/vedantdwivedi/Desktop/IRIS/silent_speech_alignments/text_alignments/5-9/5-9_240_audio.TextGrid,9,HOLDING,3.88,4.2,0.3200000000000003,2328,2520
898,240,/Users/vedantdwivedi/Desktop/IRIS/emg_data/closed_vocab/silent/5-19_silent/240_emg.npy,/Users/vedantdwivedi/Desktop/IRIS/silent_speech_alignments/text_alignments/5-9/5-9_240_audio.TextGrid,10,MY,4.2,4.32,0.1200000000000001,2520,2592
899,240,/Users/vedantdwivedi/Desktop/IRIS/emg_data/closed_vocab/silent/5-19_silent/240_emg.npy,/Users/vedantdwivedi/Desktop/IRIS/silent_speech_alignments/text_alignments/5-9/5-9_240_audio.TextGrid,11,BREATH,4.32,4.72,0.39999999999999947,2592,2616
900,241,/Users/vedantdwivedi/Desktop/IRIS/emg_data/closed_vocab/silent/5-19_silent/241_emg.npy,/Users/vedantdwivedi/Desktop/IRIS/silent_speech_alignments/text_alignments/5-9/5-9_241_audio.TextGrid,0,THE,1.05,1.15,0.09999999999999987,630,690
901,241,/Users/vedantdwivedi/Desktop/IRIS/emg_data/closed_vocab/silent/5-19_silent/241_emg.npy,/Users/vedantdwivedi/Desktop/IRIS/silent_speech_alignments/text_alignments/5-9/5-9_241_audio.TextGrid,1,WATER,1.15,1.63,0.48,690,978
902,241,/Users/vedantdwivedi/Desktop/IRIS/emg_data/closed_vocab/silent/5-19_silent/241_emg.npy,/Users/vedantdwivedi/Desktop/IRIS/silent_speech_alignments/text_alignments/5-9/5-9_241_audio.TextGrid,2,WAS,1.66,1.81,0.15000000000000013,996,1086
903,241,/Users/vedantdwivedi/Desktop/IRIS/emg_data/closed_vocab/silent/5-19_silent/241_emg.npy,/Users/vedantdwivedi/Desktop/IRIS/silent_speech_alignments/text_alignments/5-9/5-9_241_audio.TextGrid,3,IN,1.81,1.87,0.06000000000000005,1086,1122
904,241,/Users/vedantdwivedi/Desktop/IRIS/emg_data/closed_vocab/silent/5-19_silent/241_emg.npy,/Users/vedantdwivedi/Desktop/IRIS/silent_speech_alignments/text_alignments/5-9/5-9_241_audio.TextGrid,4,A,1.87,1.95,0.07999999999999985,1122,1170
905,241,/Users/vedantdwivedi/Desktop/IRIS/emg_data/closed_vocab/silent/5-19_silent/241_emg.npy,/Users/vedantdwivedi/Desktop/IRIS/silent_speech_alignments/text_alignments/5-9/5-9_241_audio.TextGrid,5,TUMULT,1.95,2.32,0.3699999999999999,1170,1392
906,241,/Users/vedantdwivedi/Desktop/IRIS/emg_data/closed_vocab/silent/5-19_silent/241_emg.npy,/Users/vedantdwivedi/Desktop/IRIS/silent_speech_alignments/text_alignments/5-9/5-9_241_audio.TextGrid,6,ABOUT,2.32,2.62,0.30000000000000027,1392,1572
907,241,/Users/vedantdwivedi/Desktop/IRIS/emg_data/closed_vocab/silent/5-19_silent/241_emg.npy,/Users/vedantdwivedi/Desktop/IRIS/silent_speech_alignments/text_alignments/5-9/5-9_241_audio.TextGrid,7,ME,2.62,2.88,0.2599999999999998,1572,1728
908,241,/Users/vedantdwivedi/Desktop/IRIS/emg_data/closed_vocab/silent/5-19_silent/241_emg.npy,/Users/vedantdwivedi/Desktop/IRIS/silent_speech_alignments/text_alignments/5-9/5-9_241_audio.TextGrid,8,AND,3.4,3.57,0.16999999999999993,2040,2142
909,241,/Users/vedantdwivedi/Desktop/IRIS/emg_data/closed_vocab/silent/5-19_silent/241_emg.npy,/Users/vedantdwivedi/Desktop/IRIS/silent_speech_alignments/text_alignments/5-9/5-9_241_audio.TextGrid,9,RAPIDLY,3.57,4.03,0.4600000000000004,2142,2286
910,242,/Users/vedantdwivedi/Desktop/IRIS/emg_data/closed_vocab/silent/5-19_silent/242_emg.npy,/Users/vedantdwivedi/Desktop/IRIS/silent_speech_alignments/text_alignments/5-9/5-9_242_audio.TextGrid,0,WHEN,1.22,1.43,0.20999999999999996,732,858
911,242,/Users/vedantdwivedi/Desktop/IRIS/emg_data/closed_vocab/silent/5-19_silent/242_emg.npy,/Users/vedantdwivedi/Desktop/IRIS/silent_speech_alignments/text_alignments/5-9/5-9_242_audio.TextGrid,1,FOR,1.43,1.58,0.15000000000000013,858,948
912,242,/Users/vedantdwivedi/Desktop/IRIS/emg_data/closed_vocab/silent/5-19_silent/242_emg.npy,/Users/vedantdwivedi/Desktop/IRIS/silent_speech_alignments/text_alignments/5-9/5-9_242_audio.TextGrid,2,A,1.58,1.65,0.06999999999999984,948,990
913,242,/Users/vedantdwivedi/Desktop/IRIS/emg_data/closed_vocab/silent/5-19_silent/242_emg.npy,/Users/vedantdwivedi/Desktop/IRIS/silent_speech_alignments/text_alignments/5-9/5-9_242_audio.TextGrid,3,MOMENT,1.65,2.0,0.3500000000000001,990,1200
914,242,/Users/vedantdwivedi/Desktop/IRIS/emg_data/closed_vocab/silent/5-19_silent/242_emg.npy,/Users/vedantdwivedi/Desktop/IRIS/silent_speech_alignments/text_alignments/5-9/5-9_242_audio.TextGrid,4,I,2.03,2.14,0.11000000000000032,1218,1284
915,242,/Users/vedantdwivedi/Desktop/IRIS/emg_data/closed_vocab/silent/5-19_silent/242_emg.npy,/Users/vedantdwivedi/Desktop/IRIS/silent_speech_alignments/text_alignments/5-9/5-9_242_audio.TextGrid,5,RAISED,2.14,2.46,0.31999999999999984,1284,1476
916,242,/Users/vedantdwivedi/Desktop/IRIS/emg_data/closed_vocab/silent/5-19_silent/242_emg.npy,/Users/vedantdwivedi/Desktop/IRIS/silent_speech_alignments/text_alignments/5-9/5-9_242_audio.TextGrid,6,MY,2.46,2.6,0.14000000000000012,1476,1560
917,242,/Users/vedantdwivedi/Desktop/IRIS/emg_data/closed_vocab/silent/5-19_silent/242_emg.npy,/Users/vedantdwivedi/Desktop/IRIS/silent_speech_alignments/text_alignments/5-9/5-9_242_audio.TextGrid,7,HEAD,2.6,2.96,0.3599999999999999,1560,1776
918,242,/Users/vedantdwivedi/Desktop/IRIS/emg_data/closed_vocab/silent/5-19_silent/242_emg.npy,/Users/vedantdwivedi/Desktop/IRIS/silent_speech_alignments/text_alignments/5-9/5-9_242_audio.TextGrid,8,TO,3.2,3.33,0.1299999999999999,1920,1998
919,242,/Users/vedantdwivedi/Desktop/IRIS/emg_data/closed_vocab/silent/5-19_silent/242_emg.npy,/Users/vedantdwivedi/Desktop/IRIS/silent_speech_alignments/text_alignments/5-9/5-9_242_audio.TextGrid,9,TAKE,3.33,3.57,0.23999999999999977,1998,2142
920,242,/Users/vedantdwivedi/Desktop/IRIS/emg_data/closed_vocab/silent/5-19_silent/242_emg.npy,/Users/vedantdwivedi/Desktop/IRIS/silent_speech_alignments/text_alignments/5-9/5-9_242_audio.TextGrid,10,BREATH,3.57,3.99,0.4200000000000004,2142,2394
921,242,/Users/vedantdwivedi/Desktop/IRIS/emg_data/closed_vocab/silent/5-19_silent/242_emg.npy,/Users/vedantdwivedi/Desktop/IRIS/silent_speech_alignments/text_alignments/5-9/5-9_242_audio.TextGrid,11,AND,4.24,4.36,0.1200000000000001,2544,2616
922,243,/Users/vedantdwivedi/Desktop/IRIS/emg_data/closed_vocab/silent/5-19_silent/243_emg.npy,/Users/vedantdwivedi/Desktop/IRIS/silent_speech_alignments/text_alignments/5-9/5-9_243_audio.TextGrid,0,THE,0.84,0.97,0.13,504,582
923,243,/Users/vedantdwivedi/Desktop/IRIS/emg_data/closed_vocab/silent/5-19_silent/243_emg.npy,/Users/vedantdwivedi/Desktop/IRIS/silent_speech_alignments/text_alignments/5-9/5-9_243_audio.TextGrid,1,NOISE,0.97,1.32,0.3500000000000001,582,792
924,243,/Users/vedantdwivedi/Desktop/IRIS/emg_data/closed_vocab/silent/5-19_silent/243_emg.npy,/Users/vedantdwivedi/Desktop/IRIS/silent_speech_alignments/text_alignments/5-9/5-9_243_audio.TextGrid,2,WAS,1.32,1.5,0.17999999999999994,792,900
925,243,/Users/vedantdwivedi/Desktop/IRIS/emg_data/closed_vocab/silent/5-19_silent/243_emg.npy,/Users/vedantdwivedi/Desktop/IRIS/silent_speech_alignments/text_alignments/5-9/5-9_243_audio.TextGrid,3,DEAFENING,1.5,2.09,0.5899999999999999,900,1254
926,244,/Users/vedantdwivedi/Desktop/IRIS/emg_data/closed_vocab/silent/5-19_silent/244_emg.npy,/Users/vedantdwivedi/Desktop/IRIS/silent_speech_alignments/text_alignments/5-9/5-9_244_audio.TextGrid,0,THEN,1.24,1.61,0.3700000000000001,744,966
927,244,/Users/vedantdwivedi/Desktop/IRIS/emg_data/closed_vocab/silent/5-19_silent/244_emg.npy,/Users/vedantdwivedi/Desktop/IRIS/silent_speech_alignments/text_alignments/5-9/5-9_244_audio.TextGrid,1,I,1.61,1.71,0.09999999999999987,966,1026
928,244,/Users/vedantdwivedi/Desktop/IRIS/emg_data/closed_vocab/silent/5-19_silent/244_emg.npy,/Users/vedantdwivedi/Desktop/IRIS/silent_speech_alignments/text_alignments/5-9/5-9_244_audio.TextGrid,2,SAW,1.71,2.03,0.31999999999999984,1026,1218
929,244,/Users/vedantdwivedi/Desktop/IRIS/emg_data/closed_vocab/silent/5-19_silent/244_emg.npy,/Users/vedantdwivedi/Desktop/IRIS/silent_speech_alignments/text_alignments/5-9/5-9_244_audio.TextGrid,3,THEM,2.03,2.23,0.20000000000000018,1218,1338
930,244,/Users/vedantdwivedi/Desktop/IRIS/emg_data/closed_vocab/silent/5-19_silent/244_emg.npy,/Users/vedantdwivedi/Desktop/IRIS/silent_speech_alignments/text_alignments/5-9/5-9_244_audio.TextGrid,4,DIMLY,2.23,2.76,0.5299999999999998,1338,1656
931,244,/Users/vedantdwivedi/Desktop/IRIS/emg_data/closed_vocab/silent/5-19_silent/244_emg.npy,/Users/vedantdwivedi/Desktop/IRIS/silent_speech_alignments/text_alignments/5-9/5-9_244_audio.TextGrid,5,COLOSSAL,2.95,3.47,0.52,1770,2082
932,244,/Users/vedantdwivedi/Desktop/IRIS/emg_data/closed_vocab/silent/5-19_silent/244_emg.npy,/Users/vedantdwivedi/Desktop/IRIS/silent_speech_alignments/text_alignments/5-9/5-9_244_audio.TextGrid,6,FIGURES,3.47,3.86,0.3899999999999997,2082,2316
933,244,/Users/vedantdwivedi/Desktop/IRIS/emg_data/closed_vocab/silent/5-19_silent/244_emg.npy,/Users/vedantdwivedi/Desktop/IRIS/silent_speech_alignments/text_alignments/5-9/5-9_244_audio.TextGrid,7,OF,3.86,3.97,0.11000000000000032,2316,2382
934,244,/Users/vedantdwivedi/Desktop/IRIS/emg_data/closed_vocab/silent/5-19_silent/244_emg.npy,/Users/vedantdwivedi/Desktop/IRIS/silent_speech_alignments/text_alignments/5-9/5-9_244_audio.TextGrid,8,GREY,3.97,4.44,0.4700000000000002,2382,2664
935,245,/Users/vedantdwivedi/Desktop/IRIS/emg_data/closed_vocab/silent/5-19_silent/245_emg.npy,/Users/vedantdwivedi/Desktop/IRIS/silent_speech_alignments/text_alignments/5-9/5-9_245_audio.TextGrid,0,THEY,0.86,0.99,0.13,516,594
936,245,/Users/vedantdwivedi/Desktop/IRIS/emg_data/closed_vocab/silent/5-19_silent/245_emg.npy,/Users/vedantdwivedi/Desktop/IRIS/silent_speech_alignments/text_alignments/5-9/5-9_245_audio.TextGrid,1,HAD,0.99,1.16,0.16999999999999993,594,696
937,245,/Users/vedantdwivedi/Desktop/IRIS/emg_data/closed_vocab/silent/5-19_silent/245_emg.npy,/Users/vedantdwivedi/Desktop/IRIS/silent_speech_alignments/text_alignments/5-9/5-9_245_audio.TextGrid,2,PASSED,1.16,1.47,0.31000000000000005,696,882
938,245,/Users/vedantdwivedi/Desktop/IRIS/emg_data/closed_vocab/silent/5-19_silent/245_emg.npy,/Users/vedantdwivedi/Desktop/IRIS/silent_speech_alignments/text_alignments/5-9/5-9_245_audio.TextGrid,3,BY,1.47,1.69,0.21999999999999997,882,1014
939,245,/Users/vedantdwivedi/Desktop/IRIS/emg_data/closed_vocab/silent/5-19_silent/245_emg.npy,/Users/vedantdwivedi/Desktop/IRIS/silent_speech_alignments/text_alignments/5-9/5-9_245_audio.TextGrid,4,ME,1.69,2.0,0.31000000000000005,1014,1200
940,245,/Users/vedantdwivedi/Desktop/IRIS/emg_data/closed_vocab/silent/5-19_silent/245_emg.npy,/Users/vedantdwivedi/Desktop/IRIS/silent_speech_alignments/text_alignments/5-9/5-9_245_audio.TextGrid,5,AND,2.35,2.58,0.22999999999999998,1410,1548
941,245,/Users/vedantdwivedi/Desktop/IRIS/emg_data/closed_vocab/silent/5-19_silent/245_emg.npy,/Users/vedantdwivedi/Desktop/IRIS/silent_speech_alignments/text_alignments/5-9/5-9_245_audio.TextGrid,6,TWO,2.61,2.91,0.30000000000000027,1566,1746
942,245,/Users/vedantdwivedi/Desktop/IRIS/emg_data/closed_vocab/silent/5-19_silent/245_emg.npy,/Users/vedantdwivedi/Desktop/IRIS/silent_speech_alignments/text_alignments/5-9/5-9_245_audio.TextGrid,7,WERE,2.91,3.06,0.1499999999999999,1746,1836
943,245,/Users/vedantdwivedi/Desktop/IRIS/emg_data/closed_vocab/silent/5-19_silent/245_emg.npy,/Users/vedantdwivedi/Desktop/IRIS/silent_speech_alignments/text_alignments/5-9/5-9_245_audio.TextGrid,8,STOOPING,3.06,3.6,0.54,1836,2160
944,245,/Users/vedantdwivedi/Desktop/IRIS/emg_data/closed_vocab/silent/5-19_silent/245_emg.npy,/Users/vedantdwivedi/Desktop/IRIS/silent_speech_alignments/text_alignments/5-9/5-9_245_audio.TextGrid,9,OVER,3.66,3.83,0.16999999999999993,2196,2298
945,245,/Users/vedantdwivedi/Desktop/IRIS/emg_data/closed_vocab/silent/5-19_silent/245_emg.npy,/Users/vedantdwivedi/Desktop/IRIS/silent_speech_alignments/text_alignments/5-9/5-9_245_audio.TextGrid,10,THE,3.83,3.96,0.1299999999999999,2298,2376
946,245,/Users/vedantdwivedi/Desktop/IRIS/emg_data/closed_vocab/silent/5-19_silent/245_emg.npy,/Users/vedantdwivedi/Desktop/IRIS/silent_speech_alignments/text_alignments/5-9/5-9_245_audio.TextGrid,11,FROTHING,3.96,4.49,0.5300000000000002,2376,2694
947,245,/Users/vedantdwivedi/Desktop/IRIS/emg_data/closed_vocab/silent/5-19_silent/245_emg.npy,/Users/vedantdwivedi/Desktop/IRIS/silent_speech_alignments/text_alignments/5-9/5-9_245_audio.TextGrid,12,TUMULTUOUS,4.52,5.06,0.54,2712,2952
948,249,/Users/vedantdwivedi/Desktop/IRIS/emg_data/closed_vocab/silent/5-19_silent/249_emg.npy,/Users/vedantdwivedi/Desktop/IRIS/silent_speech_alignments/text_alignments/5-9/5-9_249_audio.TextGrid,0,THE,1.13,1.25,0.1200000000000001,678,750
949,249,/Users/vedantdwivedi/Desktop/IRIS/emg_data/closed_vocab/silent/5-19_silent/249_emg.npy,/Users/vedantdwivedi/Desktop/IRIS/silent_speech_alignments/text_alignments/5-9/5-9_249_audio.TextGrid,1,GENERATORS,1.25,1.96,0.71,750,1176
950,249,/Users/vedantdwivedi/Desktop/IRIS/emg_data/closed_vocab/silent/5-19_silent/249_emg.npy,/Users/vedantdwivedi/Desktop/IRIS/silent_speech_alignments/text_alignments/5-9/5-9_249_audio.TextGrid,2,OF,1.96,2.07,0.10999999999999988,1176,1242
951,249,/Users/vedantdwivedi/Desktop/IRIS/emg_data/closed_vocab/silent/5-19_silent/249_emg.npy,/Users/vedantdwivedi/Desktop/IRIS/silent_speech_alignments/text_alignments/5-9/5-9_249_audio.TextGrid,3,THE,2.07,2.14,0.07000000000000028,1242,1284
952,249,/Users/vedantdwivedi/Desktop/IRIS/emg_data/closed_vocab/silent/5-19_silent/249_emg.npy,/Users/vedantdwivedi/Desktop/IRIS/silent_speech_alignments/text_alignments/5-9/5-9_249_audio.TextGrid,4,HEAT,2.14,2.4,0.2599999999999998,1284,1440
953,249,/Users/vedantdwivedi/Desktop/IRIS/emg_data/closed_vocab/silent/5-19_silent/249_emg.npy,/Users/vedantdwivedi/Desktop/IRIS/silent_speech_alignments/text_alignments/5-9/5-9_249_audio.TextGrid,5,RAYS,2.4,2.84,0.43999999999999995,1440,1704
954,249,/Users/vedantdwivedi/Desktop/IRIS/emg_data/closed_vocab/silent/5-19_silent/249_emg.npy,/Users/vedantdwivedi/Desktop/IRIS/silent_speech_alignments/text_alignments/5-9/5-9_249_audio.TextGrid,6,WAVED,2.87,3.17,0.2999999999999998,1722,1902
955,249,/Users/vedantdwivedi/Desktop/IRIS/emg_data/closed_vocab/silent/5-19_silent/249_emg.npy,/Users/vedantdwivedi/Desktop/IRIS/silent_speech_alignments/text_alignments/5-9/5-9_249_audio.TextGrid,7,HIGH,3.17,3.6,0.43000000000000016,1902,2160
956,249,/Users/vedantdwivedi/Desktop/IRIS/emg_data/closed_vocab/silent/5-19_silent/249_emg.npy,/Users/vedantdwivedi/Desktop/IRIS/silent_speech_alignments/text_alignments/5-9/5-9_249_audio.TextGrid,8,AND,4.09,4.21,0.1200000000000001,2454,2526
957,249,/Users/vedantdwivedi/Desktop/IRIS/emg_data/closed_vocab/silent/5-19_silent/249_emg.npy,/Users/vedantdwivedi/Desktop/IRIS/silent_speech_alignments/text_alignments/5-9/5-9_249_audio.TextGrid,9,THE,4.21,4.32,0.11000000000000032,2526,2592
958,24,/Users/vedantdwivedi/Desktop/IRIS/emg_data/closed_vocab/silent/5-19_silent/24_emg.npy,/Users/vedantdwivedi/Desktop/IRIS/silent_speech_alignments/text_alignments/5-9/5-9_24_audio.TextGrid,0,EXCEPT,1.08,1.37,0.29000000000000004,648,822
959,24,/Users/vedantdwivedi/Desktop/IRIS/emg_data/closed_vocab/silent/5-19_silent/24_emg.npy,/Users/vedantdwivedi/Desktop/IRIS/silent_speech_alignments/text_alignments/5-9/5-9_24_audio.TextGrid,1,THE,1.37,1.49,0.11999999999999988,822,894
960,24,/Users/vedantdwivedi/Desktop/IRIS/emg_data/closed_vocab/silent/5-19_silent/24_emg.npy,/Users/vedantdwivedi/Desktop/IRIS/silent_speech_alignments/text_alignments/5-9/5-9_24_audio.TextGrid,2,LODGE,1.49,1.9,0.4099999999999999,894,1140
961,24,/Users/vedantdwivedi/Desktop/IRIS/emg_data/closed_vocab/silent/5-19_silent/24_emg.npy,/Users/vedantdwivedi/Desktop/IRIS/silent_speech_alignments/text_alignments/5-9/5-9_24_audio.TextGrid,3,AT,1.9,2.03,0.1299999999999999,1140,1218
962,24,/Users/vedantdwivedi/Desktop/IRIS/emg_data/closed_vocab/silent/5-19_silent/24_emg.npy,/Users/vedantdwivedi/Desktop/IRIS/silent_speech_alignments/text_alignments/5-9/5-9_24_audio.TextGrid,4,THE,2.03,2.11,0.08000000000000007,1218,1266
963,24,/Users/vedantdwivedi/Desktop/IRIS/emg_data/closed_vocab/silent/5-19_silent/24_emg.npy,/Users/vedantdwivedi/Desktop/IRIS/silent_speech_alignments/text_alignments/5-9/5-9_24_audio.TextGrid,5,ORPHANAGE,2.11,2.78,0.6699999999999999,1266,1668
964,24,/Users/vedantdwivedi/Desktop/IRIS/emg_data/closed_vocab/silent/5-19_silent/24_emg.npy,/Users/vedantdwivedi/Desktop/IRIS/silent_speech_alignments/text_alignments/5-9/5-9_24_audio.TextGrid,6,WHICH,3.05,3.24,0.1900000000000004,1830,1944
965,24,/Users/vedantdwivedi/Desktop/IRIS/emg_data/closed_vocab/silent/5-19_silent/24_emg.npy,/Users/vedantdwivedi/Desktop/IRIS/silent_speech_alignments/text_alignments/5-9/5-9_24_audio.TextGrid,7,WAS,3.24,3.38,0.13999999999999968,1944,2028
966,24,/Users/vedantdwivedi/Desktop/IRIS/emg_data/closed_vocab/silent/5-19_silent/24_emg.npy,/Users/vedantdwivedi/Desktop/IRIS/silent_speech_alignments/text_alignments/5-9/5-9_24_audio.TextGrid,8,STILL,3.38,3.57,0.18999999999999995,2028,2142
967,24,/Users/vedantdwivedi/Desktop/IRIS/emg_data/closed_vocab/silent/5-19_silent/24_emg.npy,/Users/vedantdwivedi/Desktop/IRIS/silent_speech_alignments/text_alignments/5-9/5-9_24_audio.TextGrid,9,ON,3.57,3.75,0.18000000000000016,2142,2250
968,24,/Users/vedantdwivedi/Desktop/IRIS/emg_data/closed_vocab/silent/5-19_silent/24_emg.npy,/Users/vedantdwivedi/Desktop/IRIS/silent_speech_alignments/text_alignments/5-9/5-9_24_audio.TextGrid,10,FIRE,3.75,4.28,0.5300000000000002,2250,2568
969,24,/Users/vedantdwivedi/Desktop/IRIS/emg_data/closed_vocab/silent/5-19_silent/24_emg.npy,/Users/vedantdwivedi/Desktop/IRIS/silent_speech_alignments/text_alignments/5-9/5-9_24_audio.TextGrid,11,NONE,4.79,4.96,0.16999999999999993,2874,2976
970,24,/Users/vedantdwivedi/Desktop/IRIS/emg_data/closed_vocab/silent/5-19_silent/24_emg.npy,/Users/vedantdwivedi/Desktop/IRIS/silent_speech_alignments/text_alignments/5-9/5-9_24_audio.TextGrid,12,OF,4.96,5.07,0.11000000000000032,2976,3006
971,250,/Users/vedantdwivedi/Desktop/IRIS/emg_data/closed_vocab/silent/5-19_silent/250_emg.npy,/Users/vedantdwivedi/Desktop/IRIS/silent_speech_alignments/text_alignments/5-9/5-9_250_audio.TextGrid,0,THE,0.87,0.97,0.09999999999999998,522,582
972,250,/Users/vedantdwivedi/Desktop/IRIS/emg_data/closed_vocab/silent/5-19_silent/250_emg.npy,/Users/vedantdwivedi/Desktop/IRIS/silent_speech_alignments/text_alignments/5-9/5-9_250_audio.TextGrid,1,AIR,0.97,1.19,0.21999999999999997,582,714
973,250,/Users/vedantdwivedi/Desktop/IRIS/emg_data/closed_vocab/silent/5-19_silent/250_emg.npy,/Users/vedantdwivedi/Desktop/IRIS/silent_speech_alignments/text_alignments/5-9/5-9_250_audio.TextGrid,2,WAS,1.19,1.36,0.17000000000000015,714,816
974,250,/Users/vedantdwivedi/Desktop/IRIS/emg_data/closed_vocab/silent/5-19_silent/250_emg.npy,/Users/vedantdwivedi/Desktop/IRIS/silent_speech_alignments/text_alignments/5-9/5-9_250_audio.TextGrid,3,FULL,1.36,1.6,0.24,816,960
975,250,/Users/vedantdwivedi/Desktop/IRIS/emg_data/closed_vocab/silent/5-19_silent/250_emg.npy,/Users/vedantdwivedi/Desktop/IRIS/silent_speech_alignments/text_alignments/5-9/5-9_250_audio.TextGrid,4,OF,1.6,1.7,0.09999999999999987,960,1020
976,250,/Users/vedantdwivedi/Desktop/IRIS/emg_data/closed_vocab/silent/5-19_silent/250_emg.npy,/Users/vedantdwivedi/Desktop/IRIS/silent_speech_alignments/text_alignments/5-9/5-9_250_audio.TextGrid,5,SOUND,1.7,2.21,0.51,1020,1326
977,250,/Users/vedantdwivedi/Desktop/IRIS/emg_data/closed_vocab/silent/5-19_silent/250_emg.npy,/Users/vedantdwivedi/Desktop/IRIS/silent_speech_alignments/text_alignments/5-9/5-9_250_audio.TextGrid,6,A,2.53,2.68,0.15000000000000036,1518,1608
978,250,/Users/vedantdwivedi/Desktop/IRIS/emg_data/closed_vocab/silent/5-19_silent/250_emg.npy,/Users/vedantdwivedi/Desktop/IRIS/silent_speech_alignments/text_alignments/5-9/5-9_250_audio.TextGrid,7,DEAFENING,2.68,3.18,0.5,1608,1908
979,250,/Users/vedantdwivedi/Desktop/IRIS/emg_data/closed_vocab/silent/5-19_silent/250_emg.npy,/Users/vedantdwivedi/Desktop/IRIS/silent_speech_alignments/text_alignments/5-9/5-9_250_audio.TextGrid,8,AND,3.18,3.33,0.1499999999999999,1908,1998
980,250,/Users/vedantdwivedi/Desktop/IRIS/emg_data/closed_vocab/silent/5-19_silent/250_emg.npy,/Users/vedantdwivedi/Desktop/IRIS/silent_speech_alignments/text_alignments/5-9/5-9_250_audio.TextGrid,9,CONFUSING,3.33,3.84,0.5099999999999998,1998,2304
981,250,/Users/vedantdwivedi/Desktop/IRIS/emg_data/closed_vocab/silent/5-19_silent/250_emg.npy,/Users/vedantdwivedi/Desktop/IRIS/silent_speech_alignments/text_alignments/5-9/5-9_250_audio.TextGrid,10,CONFLICT,3.84,4.31,0.46999999999999975,2304,2586
982,250,/Users/vedantdwivedi/Desktop/IRIS/emg_data/closed_vocab/silent/5-19_silent/250_emg.npy,/Users/vedantdwivedi/Desktop/IRIS/silent_speech_alignments/text_alignments/5-9/5-9_250_audio.TextGrid,11,OF,4.31,4.44,0.13000000000000078,2586,2664
983,250,/Users/vedantdwivedi/Desktop/IRIS/emg_data/closed_vocab/silent/5-19_silent/250_emg.npy,/Users/vedantdwivedi/Desktop/IRIS/silent_speech_alignments/text_alignments/5-9/5-9_250_audio.TextGrid,12,NOISES,4.44,5.18,0.7399999999999993,2664,2826
984,251,/Users/vedantdwivedi/Desktop/IRIS/emg_data/closed_vocab/silent/5-19_silent/251_emg.npy,/Users/vedantdwivedi/Desktop/IRIS/silent_speech_alignments/text_alignments/5-9/5-9_251_audio.TextGrid,0,DENSE,1.18,1.58,0.40000000000000013,708,948
985,251,/Users/vedantdwivedi/Desktop/IRIS/emg_data/closed_vocab/silent/5-19_silent/251_emg.npy,/Users/vedantdwivedi/Desktop/IRIS/silent_speech_alignments/text_alignments/5-9/5-9_251_audio.TextGrid,1,BLACK,1.58,1.86,0.28,948,1116
986,251,/Users/vedantdwivedi/Desktop/IRIS/emg_data/closed_vocab/silent/5-19_silent/251_emg.npy,/Users/vedantdwivedi/Desktop/IRIS/silent_speech_alignments/text_alignments/5-9/5-9_251_audio.TextGrid,2,SMOKE,1.86,2.35,0.49,1116,1410
987,251,/Users/vedantdwivedi/Desktop/IRIS/emg_data/closed_vocab/silent/5-19_silent/251_emg.npy,/Users/vedantdwivedi/Desktop/IRIS/silent_speech_alignments/text_alignments/5-9/5-9_251_audio.TextGrid,3,WAS,2.54,2.74,0.20000000000000018,1524,1644
988,251,/Users/vedantdwivedi/Desktop/IRIS/emg_data/closed_vocab/silent/5-19_silent/251_emg.npy,/Users/vedantdwivedi/Desktop/IRIS/silent_speech_alignments/text_alignments/5-9/5-9_251_audio.TextGrid,4,LEAPING,2.74,3.07,0.3299999999999996,1644,1842
989,251,/Users/vedantdwivedi/Desktop/IRIS/emg_data/closed_vocab/silent/5-19_silent/251_emg.npy,/Users/vedantdwivedi/Desktop/IRIS/silent_speech_alignments/text_alignments/5-9/5-9_251_audio.TextGrid,5,UP,3.07,3.34,0.27,1842,2004
990,251,/Users/vedantdwivedi/Desktop/IRIS/emg_data/closed_vocab/silent/5-19_silent/251_emg.npy,/Users/vedantdwivedi/Desktop/IRIS/silent_speech_alignments/text_alignments/5-9/5-9_251_audio.TextGrid,6,TO,3.39,3.52,0.1299999999999999,2034,2112
991,251,/Users/vedantdwivedi/Desktop/IRIS/emg_data/closed_vocab/silent/5-19_silent/251_emg.npy,/Users/vedantdwivedi/Desktop/IRIS/silent_speech_alignments/text_alignments/5-9/5-9_251_audio.TextGrid,7,MINGLE,3.52,4.04,0.52,2112,2424
992,251,/Users/vedantdwivedi/Desktop/IRIS/emg_data/closed_vocab/silent/5-19_silent/251_emg.npy,/Users/vedantdwivedi/Desktop/IRIS/silent_speech_alignments/text_alignments/5-9/5-9_251_audio.TextGrid,8,WITH,4.2,4.37,0.16999999999999993,2520,2622
993,251,/Users/vedantdwivedi/Desktop/IRIS/emg_data/closed_vocab/silent/5-19_silent/251_emg.npy,/Users/vedantdwivedi/Desktop/IRIS/silent_speech_alignments/text_alignments/5-9/5-9_251_audio.TextGrid,9,THE,4.37,4.47,0.09999999999999964,2622,2682
994,251,/Users/vedantdwivedi/Desktop/IRIS/emg_data/closed_vocab/silent/5-19_silent/251_emg.npy,/Users/vedantdwivedi/Desktop/IRIS/silent_speech_alignments/text_alignments/5-9/5-9_251_audio.TextGrid,10,STEAM,4.47,4.89,0.41999999999999993,2682,2934
995,251,/Users/vedantdwivedi/Desktop/IRIS/emg_data/closed_vocab/silent/5-19_silent/251_emg.npy,/Users/vedantdwivedi/Desktop/IRIS/silent_speech_alignments/text_alignments/5-9/5-9_251_audio.TextGrid,11,FROM,4.89,4.99,0.10000000000000053,2934,2994
996,251,/Users/vedantdwivedi/Desktop/IRIS/emg_data/closed_vocab/silent/5-19_silent/251_emg.npy,/Users/vedantdwivedi/Desktop/IRIS/silent_speech_alignments/text_alignments/5-9/5-9_251_audio.TextGrid,12,THE,4.99,5.06,0.0699999999999994,2994,3036
997,251,/Users/vedantdwivedi/Desktop/IRIS/emg_data/closed_vocab/silent/5-19_silent/251_emg.npy,/Users/vedantdwivedi/Desktop/IRIS/silent_speech_alignments/text_alignments/5-9/5-9_251_audio.TextGrid,13,RIVER,5.06,5.49,0.4300000000000006,3036,3294
998,252,/Users/vedantdwivedi/Desktop/IRIS/emg_data/closed_vocab/silent/5-19_silent/252_emg.npy,/Users/vedantdwivedi/Desktop/IRIS/silent_speech_alignments/text_alignments/5-9/5-9_252_audio.TextGrid,0,THE,0.96,1.07,0.1100000000000001,576,642
999,252,/Users/vedantdwivedi/Desktop/IRIS/emg_data/closed_vocab/silent/5-19_silent/252_emg.npy,/Users/vedantdwivedi/Desktop/IRIS/silent_speech_alignments/text_alignments/5-9/5-9_252_audio.TextGrid,1,NEARER,1.07,1.39,0.31999999999999984,642,834
1000,252,/Users/vedantdwivedi/Desktop/IRIS/emg_data/closed_vocab/silent/5-19_silent/252_emg.npy,/Users/vedantdwivedi/Desktop/IRIS/silent_speech_alignments/text_alignments/5-9/5-9_252_audio.TextGrid,2,HOUSES,1.39,2.05,0.6599999999999999,834,1230
1001,252,/Users/vedantdwivedi/Desktop/IRIS/emg_data/closed_vocab/silent/5-19_silent/252_emg.npy,/Users/vedantdwivedi/Desktop/IRIS/silent_speech_alignments/text_alignments/5-9/5-9_252_audio.TextGrid,3,STILL,2.45,2.83,0.3799999999999999,1470,1698
1002,252,/Users/vedantdwivedi/Desktop/IRIS/emg_data/closed_vocab/silent/5-19_silent/252_emg.npy,/Users/vedantdwivedi/Desktop/IRIS/silent_speech_alignments/text_alignments/5-9/5-9_252_audio.TextGrid,4,STOOD,2.83,3.1,0.27,1698,1860
1003,252,/Users/vedantdwivedi/Desktop/IRIS/emg_data/closed_vocab/silent/5-19_silent/252_emg.npy,/Users/vedantdwivedi/Desktop/IRIS/silent_speech_alignments/text_alignments/5-9/5-9_252_audio.TextGrid,5,INTACT,3.1,3.68,0.5800000000000001,1860,2208
1004,252,/Users/vedantdwivedi/Desktop/IRIS/emg_data/closed_vocab/silent/5-19_silent/252_emg.npy,/Users/vedantdwivedi/Desktop/IRIS/silent_speech_alignments/text_alignments/5-9/5-9_252_audio.TextGrid,6,AWAITING,4.21,4.6,0.3899999999999997,2526,2724
1005,253,/Users/vedantdwivedi/Desktop/IRIS/emg_data/closed_vocab/silent/5-19_silent/253_emg.npy,/Users/vedantdwivedi/Desktop/IRIS/silent_speech_alignments/text_alignments/5-9/5-9_253_audio.TextGrid,0,FOR,0.77,0.93,0.16000000000000003,462,500
1006,255,/Users/vedantdwivedi/Desktop/IRIS/emg_data/closed_vocab/silent/5-19_silent/255_emg.npy,/Users/vedantdwivedi/Desktop/IRIS/silent_speech_alignments/text_alignments/5-9/5-9_255_audio.TextGrid,0,THEN,1.07,1.31,0.24,642,786
1007,255,/Users/vedantdwivedi/Desktop/IRIS/emg_data/closed_vocab/silent/5-19_silent/255_emg.npy,/Users/vedantdwivedi/Desktop/IRIS/silent_speech_alignments/text_alignments/5-9/5-9_255_audio.TextGrid,1,SUDDENLY,1.31,1.75,0.43999999999999995,786,1050
1008,255,/Users/vedantdwivedi/Desktop/IRIS/emg_data/closed_vocab/silent/5-19_silent/255_emg.npy,/Users/vedantdwivedi/Desktop/IRIS/silent_speech_alignments/text_alignments/5-9/5-9_255_audio.TextGrid,2,THE,1.75,1.88,0.1299999999999999,1050,1128
1009,255,/Users/vedantdwivedi/Desktop/IRIS/emg_data/closed_vocab/silent/5-19_silent/255_emg.npy,/Users/vedantdwivedi/Desktop/IRIS/silent_speech_alignments/text_alignments/5-9/5-9_255_audio.TextGrid,3,WHITE,1.88,2.17,0.29000000000000004,1128,1302
1010,255,/Users/vedantdwivedi/Desktop/IRIS/emg_data/closed_vocab/silent/5-19_silent/255_emg.npy,/Users/vedantdwivedi/Desktop/IRIS/silent_speech_alignments/text_alignments/5-9/5-9_255_audio.TextGrid,4,FLASHES,2.17,2.58,0.41000000000000014,1302,1548
1011,255,/Users/vedantdwivedi/Desktop/IRIS/emg_data/closed_vocab/silent/5-19_silent/255_emg.npy,/Users/vedantdwivedi/Desktop/IRIS/silent_speech_alignments/text_alignments/5-9/5-9_255_audio.TextGrid,5,OF,2.58,2.67,0.08999999999999986,1548,1602
1012,255,/Users/vedantdwivedi/Desktop/IRIS/emg_data/closed_vocab/silent/5-19_silent/255_emg.npy,/Users/vedantdwivedi/Desktop/IRIS/silent_speech_alignments/text_alignments/5-9/5-9_255_audio.TextGrid,6,THE,2.67,2.74,0.07000000000000028,1602,1644
1013,255,/Users/vedantdwivedi/Desktop/IRIS/emg_data/closed_vocab/silent/5-19_silent/255_emg.npy,/Users/vedantdwivedi/Desktop/IRIS/silent_speech_alignments/text_alignments/5-9/5-9_255_audio.TextGrid,7,HEAT,2.74,2.99,0.25,1644,1794
1014,255,/Users/vedantdwivedi/Desktop/IRIS/emg_data/closed_vocab/silent/5-19_silent/255_emg.npy,/Users/vedantdwivedi/Desktop/IRIS/silent_speech_alignments/text_alignments/5-9/5-9_255_audio.TextGrid,8,RAY,2.99,3.28,0.2899999999999996,1794,1968
1015,255,/Users/vedantdwivedi/Desktop/IRIS/emg_data/closed_vocab/silent/5-19_silent/255_emg.npy,/Users/vedantdwivedi/Desktop/IRIS/silent_speech_alignments/text_alignments/5-9/5-9_255_audio.TextGrid,9,CAME,3.66,4.09,0.4299999999999997,2196,2454
1016,255,/Users/vedantdwivedi/Desktop/IRIS/emg_data/closed_vocab/silent/5-19_silent/255_emg.npy,/Users/vedantdwivedi/Desktop/IRIS/silent_speech_alignments/text_alignments/5-9/5-9_255_audio.TextGrid,10,LEAPING,4.12,4.47,0.34999999999999964,2472,2682
1017,255,/Users/vedantdwivedi/Desktop/IRIS/emg_data/closed_vocab/silent/5-19_silent/255_emg.npy,/Users/vedantdwivedi/Desktop/IRIS/silent_speech_alignments/text_alignments/5-9/5-9_255_audio.TextGrid,11,TOWARDS,4.47,4.83,0.3600000000000003,2682,2874
1018,258,/Users/vedantdwivedi/Desktop/IRIS/emg_data/closed_vocab/silent/5-19_silent/258_emg.npy,/Users/vedantdwivedi/Desktop/IRIS/silent_speech_alignments/text_alignments/5-9/5-9_258_audio.TextGrid,0,THE,1.07,1.2,0.1299999999999999,642,720
1019,258,/Users/vedantdwivedi/Desktop/IRIS/emg_data/closed_vocab/silent/5-19_silent/258_emg.npy,/Users/vedantdwivedi/Desktop/IRIS/silent_speech_alignments/text_alignments/5-9/5-9_258_audio.TextGrid,1,HOUSES,1.2,1.63,0.42999999999999994,720,978
1020,258,/Users/vedantdwivedi/Desktop/IRIS/emg_data/closed_vocab/silent/5-19_silent/258_emg.npy,/Users/vedantdwivedi/Desktop/IRIS/silent_speech_alignments/text_alignments/5-9/5-9_258_audio.TextGrid,2,CAVED,1.63,1.98,0.3500000000000001,978,1188
1021,258,/Users/vedantdwivedi/Desktop/IRIS/emg_data/closed_vocab/silent/5-19_silent/258_emg.npy,/Users/vedantdwivedi/Desktop/IRIS/silent_speech_alignments/text_alignments/5-9/5-9_258_audio.TextGrid,3,IN,1.98,2.35,0.3700000000000001,1188,1410
1022,258,/Users/vedantdwivedi/Desktop/IRIS/emg_data/closed_vocab/silent/5-19_silent/258_emg.npy,/Users/vedantdwivedi/Desktop/IRIS/silent_speech_alignments/text_alignments/5-9/5-9_258_audio.TextGrid,4,AS,2.5,2.65,0.1499999999999999,1500,1590
1023,258,/Users/vedantdwivedi/Desktop/IRIS/emg_data/closed_vocab/silent/5-19_silent/258_emg.npy,/Users/vedantdwivedi/Desktop/IRIS/silent_speech_alignments/text_alignments/5-9/5-9_258_audio.TextGrid,5,THEY,2.65,2.72,0.07000000000000028,1590,1632
1024,258,/Users/vedantdwivedi/Desktop/IRIS/emg_data/closed_vocab/silent/5-19_silent/258_emg.npy,/Users/vedantdwivedi/Desktop/IRIS/silent_speech_alignments/text_alignments/5-9/5-9_258_audio.TextGrid,6,DISSOLVED,2.72,3.27,0.5499999999999998,1632,1962
1025,258,/Users/vedantdwivedi/Desktop/IRIS/emg_data/closed_vocab/silent/5-19_silent/258_emg.npy,/Users/vedantdwivedi/Desktop/IRIS/silent_speech_alignments/text_alignments/5-9/5-9_258_audio.TextGrid,7,AT,3.27,3.38,0.10999999999999988,1962,2028
1026,258,/Users/vedantdwivedi/Desktop/IRIS/emg_data/closed_vocab/silent/5-19_silent/258_emg.npy,/Users/vedantdwivedi/Desktop/IRIS/silent_speech_alignments/text_alignments/5-9/5-9_258_audio.TextGrid,8,ITS,3.38,3.56,0.18000000000000016,2028,2136
1027,258,/Users/vedantdwivedi/Desktop/IRIS/emg_data/closed_vocab/silent/5-19_silent/258_emg.npy,/Users/vedantdwivedi/Desktop/IRIS/silent_speech_alignments/text_alignments/5-9/5-9_258_audio.TextGrid,9,TOUCH,3.56,4.06,0.49999999999999956,2136,2436
1028,258,/Users/vedantdwivedi/Desktop/IRIS/emg_data/closed_vocab/silent/5-19_silent/258_emg.npy,/Users/vedantdwivedi/Desktop/IRIS/silent_speech_alignments/text_alignments/5-9/5-9_258_audio.TextGrid,10,AND,4.38,4.55,0.16999999999999993,2628,2730
1029,258,/Users/vedantdwivedi/Desktop/IRIS/emg_data/closed_vocab/silent/5-19_silent/258_emg.npy,/Users/vedantdwivedi/Desktop/IRIS/silent_speech_alignments/text_alignments/5-9/5-9_258_audio.TextGrid,11,DARTED,4.58,4.92,0.33999999999999986,2748,2856
1030,259,/Users/vedantdwivedi/Desktop/IRIS/emg_data/closed_vocab/silent/5-19_silent/259_emg.npy,/Users/vedantdwivedi/Desktop/IRIS/silent_speech_alignments/text_alignments/5-9/5-9_259_audio.TextGrid,0,THE,0.81,0.96,0.1499999999999999,486,576
1031,259,/Users/vedantdwivedi/Desktop/IRIS/emg_data/closed_vocab/silent/5-19_silent/259_emg.npy,/Users/vedantdwivedi/Desktop/IRIS/silent_speech_alignments/text_alignments/5-9/5-9_259_audio.TextGrid,1,RAY,0.96,1.38,0.41999999999999993,576,828
1032,259,/Users/vedantdwivedi/Desktop/IRIS/emg_data/closed_vocab/silent/5-19_silent/259_emg.npy,/Users/vedantdwivedi/Desktop/IRIS/silent_speech_alignments/text_alignments/5-9/5-9_259_audio.TextGrid,2,FLICKERED,1.42,1.8,0.3800000000000001,852,1080
1033,259,/Users/vedantdwivedi/Desktop/IRIS/emg_data/closed_vocab/silent/5-19_silent/259_emg.npy,/Users/vedantdwivedi/Desktop/IRIS/silent_speech_alignments/text_alignments/5-9/5-9_259_audio.TextGrid,3,UP,1.83,2.17,0.33999999999999986,1098,1302
1034,259,/Users/vedantdwivedi/Desktop/IRIS/emg_data/closed_vocab/silent/5-19_silent/259_emg.npy,/Users/vedantdwivedi/Desktop/IRIS/silent_speech_alignments/text_alignments/5-9/5-9_259_audio.TextGrid,4,AND,2.49,2.69,0.19999999999999973,1494,1614
1035,259,/Users/vedantdwivedi/Desktop/IRIS/emg_data/closed_vocab/silent/5-19_silent/259_emg.npy,/Users/vedantdwivedi/Desktop/IRIS/silent_speech_alignments/text_alignments/5-9/5-9_259_audio.TextGrid,5,DOWN,2.69,3.0,0.31000000000000005,1614,1800
1036,259,/Users/vedantdwivedi/Desktop/IRIS/emg_data/closed_vocab/silent/5-19_silent/259_emg.npy,/Users/vedantdwivedi/Desktop/IRIS/silent_speech_alignments/text_alignments/5-9/5-9_259_audio.TextGrid,6,THE,3.0,3.1,0.10000000000000009,1800,1860
1037,259,/Users/vedantdwivedi/Desktop/IRIS/emg_data/closed_vocab/silent/5-19_silent/259_emg.npy,/Users/vedantdwivedi/Desktop/IRIS/silent_speech_alignments/text_alignments/5-9/5-9_259_audio.TextGrid,7,TOWING,3.1,3.46,0.3599999999999999,1860,2076
1038,259,/Users/vedantdwivedi/Desktop/IRIS/emg_data/closed_vocab/silent/5-19_silent/259_emg.npy,/Users/vedantdwivedi/Desktop/IRIS/silent_speech_alignments/text_alignments/5-9/5-9_259_audio.TextGrid,8,PATH,3.46,3.84,0.3799999999999999,2076,2304
1039,259,/Users/vedantdwivedi/Desktop/IRIS/emg_data/closed_vocab/silent/5-19_silent/259_emg.npy,/Users/vedantdwivedi/Desktop/IRIS/silent_speech_alignments/text_alignments/5-9/5-9_259_audio.TextGrid,9,LICKING,4.32,4.64,0.3199999999999994,2592,2784
1040,259,/Users/vedantdwivedi/Desktop/IRIS/emg_data/closed_vocab/silent/5-19_silent/259_emg.npy,/Users/vedantdwivedi/Desktop/IRIS/silent_speech_alignments/text_alignments/5-9/5-9_259_audio.TextGrid,10,OFF,4.64,4.81,0.16999999999999993,2784,2886
1041,259,/Users/vedantdwivedi/Desktop/IRIS/emg_data/closed_vocab/silent/5-19_silent/259_emg.npy,/Users/vedantdwivedi/Desktop/IRIS/silent_speech_alignments/text_alignments/5-9/5-9_259_audio.TextGrid,11,THE,4.81,4.89,0.08000000000000007,2886,2934
1042,259,/Users/vedantdwivedi/Desktop/IRIS/emg_data/closed_vocab/silent/5-19_silent/259_emg.npy,/Users/vedantdwivedi/Desktop/IRIS/silent_speech_alignments/text_alignments/5-9/5-9_259_audio.TextGrid,12,PEOPLE,4.89,5.46,0.5700000000000003,2934,3276
1043,259,/Users/vedantdwivedi/Desktop/IRIS/emg_data/closed_vocab/silent/5-19_silent/259_emg.npy,/Users/vedantdwivedi/Desktop/IRIS/silent_speech_alignments/text_alignments/5-9/5-9_259_audio.TextGrid,13,WHO,5.63,5.76,0.1299999999999999,3378,3456
1044,259,/Users/vedantdwivedi/Desktop/IRIS/emg_data/closed_vocab/silent/5-19_silent/259_emg.npy,/Users/vedantdwivedi/Desktop/IRIS/silent_speech_alignments/text_alignments/5-9/5-9_259_audio.TextGrid,14,RAN,5.76,6.02,0.2599999999999998,3456,3612
1045,259,/Users/vedantdwivedi/Desktop/IRIS/emg_data/closed_vocab/silent/5-19_silent/259_emg.npy,/Users/vedantdwivedi/Desktop/IRIS/silent_speech_alignments/text_alignments/5-9/5-9_259_audio.TextGrid,15,THIS,6.02,6.22,0.20000000000000018,3612,3630
1046,25,/Users/vedantdwivedi/Desktop/IRIS/emg_data/closed_vocab/silent/5-19_silent/25_emg.npy,/Users/vedantdwivedi/Desktop/IRIS/silent_speech_alignments/text_alignments/5-9/5-9_25_audio.TextGrid,0,THE,0.88,0.98,0.09999999999999998,528,588
1047,25,/Users/vedantdwivedi/Desktop/IRIS/emg_data/closed_vocab/silent/5-19_silent/25_emg.npy,/Users/vedantdwivedi/Desktop/IRIS/silent_speech_alignments/text_alignments/5-9/5-9_25_audio.TextGrid,1,HEAT,0.98,1.23,0.25,588,738
1048,25,/Users/vedantdwivedi/Desktop/IRIS/emg_data/closed_vocab/silent/5-19_silent/25_emg.npy,/Users/vedantdwivedi/Desktop/IRIS/silent_speech_alignments/text_alignments/5-9/5-9_25_audio.TextGrid,2,RAY,1.23,1.61,0.3800000000000001,738,966
1049,25,/Users/vedantdwivedi/Desktop/IRIS/emg_data/closed_vocab/silent/5-19_silent/25_emg.npy,/Users/vedantdwivedi/Desktop/IRIS/silent_speech_alignments/text_alignments/5-9/5-9_25_audio.TextGrid,3,HAD,1.76,1.95,0.18999999999999995,1056,1170
1050,25,/Users/vedantdwivedi/Desktop/IRIS/emg_data/closed_vocab/silent/5-19_silent/25_emg.npy,/Users/vedantdwivedi/Desktop/IRIS/silent_speech_alignments/text_alignments/5-9/5-9_25_audio.TextGrid,4,SHAVED,1.95,2.41,0.4600000000000002,1170,1446
1051,25,/Users/vedantdwivedi/Desktop/IRIS/emg_data/closed_vocab/silent/5-19_silent/25_emg.npy,/Users/vedantdwivedi/Desktop/IRIS/silent_speech_alignments/text_alignments/5-9/5-9_25_audio.TextGrid,5,THE,2.41,2.5,0.08999999999999986,1446,1500
1052,25,/Users/vedantdwivedi/Desktop/IRIS/emg_data/closed_vocab/silent/5-19_silent/25_emg.npy,/Users/vedantdwivedi/Desktop/IRIS/silent_speech_alignments/text_alignments/5-9/5-9_25_audio.TextGrid,6,CHIMNEY,2.5,2.78,0.2799999999999998,1500,1668
1053,25,/Users/vedantdwivedi/Desktop/IRIS/emg_data/closed_vocab/silent/5-19_silent/25_emg.npy,/Users/vedantdwivedi/Desktop/IRIS/silent_speech_alignments/text_alignments/5-9/5-9_25_audio.TextGrid,7,TOPS,2.78,3.35,0.5700000000000003,1668,2010
1054,25,/Users/vedantdwivedi/Desktop/IRIS/emg_data/closed_vocab/silent/5-19_silent/25_emg.npy,/Users/vedantdwivedi/Desktop/IRIS/silent_speech_alignments/text_alignments/5-9/5-9_25_audio.TextGrid,8,AND,3.4,3.59,0.18999999999999995,2040,2154
1055,25,/Users/vedantdwivedi/Desktop/IRIS/emg_data/closed_vocab/silent/5-19_silent/25_emg.npy,/Users/vedantdwivedi/Desktop/IRIS/silent_speech_alignments/text_alignments/5-9/5-9_25_audio.TextGrid,9,PASSED,3.62,4.15,0.5300000000000002,2172,2490
1056,260,/Users/vedantdwivedi/Desktop/IRIS/emg_data/closed_vocab/silent/5-19_silent/260_emg.npy,/Users/vedantdwivedi/Desktop/IRIS/silent_speech_alignments/text_alignments/5-9/5-9_260_audio.TextGrid,0,IT,0.99,1.13,0.1399999999999999,594,678
1057,260,/Users/vedantdwivedi/Desktop/IRIS/emg_data/closed_vocab/silent/5-19_silent/260_emg.npy,/Users/vedantdwivedi/Desktop/IRIS/silent_speech_alignments/text_alignments/5-9/5-9_260_audio.TextGrid,1,SWEPT,1.13,1.4,0.27,678,840
1058,260,/Users/vedantdwivedi/Desktop/IRIS/emg_data/closed_vocab/silent/5-19_silent/260_emg.npy,/Users/vedantdwivedi/Desktop/IRIS/silent_speech_alignments/text_alignments/5-9/5-9_260_audio.TextGrid,2,ACROSS,1.4,1.76,0.3600000000000001,840,1056
1059,260,/Users/vedantdwivedi/Desktop/IRIS/emg_data/closed_vocab/silent/5-19_silent/260_emg.npy,/Users/vedantdwivedi/Desktop/IRIS/silent_speech_alignments/text_alignments/5-9/5-9_260_audio.TextGrid,3,THE,1.76,1.84,0.08000000000000007,1056,1104
1060,260,/Users/vedantdwivedi/Desktop/IRIS/emg_data/closed_vocab/silent/5-19_silent/260_emg.npy,/Users/vedantdwivedi/Desktop/IRIS/silent_speech_alignments/text_alignments/5-9/5-9_260_audio.TextGrid,4,RIVER,1.84,2.25,0.4099999999999999,1104,1350
1061,260,/Users/vedantdwivedi/Desktop/IRIS/emg_data/closed_vocab/silent/5-19_silent/260_emg.npy,/Users/vedantdwivedi/Desktop/IRIS/silent_speech_alignments/text_alignments/5-9/5-9_260_audio.TextGrid,5,TO,2.28,2.41,0.13000000000000034,1368,1446
1062,260,/Users/vedantdwivedi/Desktop/IRIS/emg_data/closed_vocab/silent/5-19_silent/260_emg.npy,/Users/vedantdwivedi/Desktop/IRIS/silent_speech_alignments/text_alignments/5-9/5-9_260_audio.TextGrid,6,SHEPPERTON,2.41,3.06,0.6499999999999999,1446,1836
1063,260,/Users/vedantdwivedi/Desktop/IRIS/emg_data/closed_vocab/silent/5-19_silent/260_emg.npy,/Users/vedantdwivedi/Desktop/IRIS/silent_speech_alignments/text_alignments/5-9/5-9_260_audio.TextGrid,7,AND,3.58,3.71,0.1299999999999999,2148,2226
1064,260,/Users/vedantdwivedi/Desktop/IRIS/emg_data/closed_vocab/silent/5-19_silent/260_emg.npy,/Users/vedantdwivedi/Desktop/IRIS/silent_speech_alignments/text_alignments/5-9/5-9_260_audio.TextGrid,8,THE,3.71,3.82,0.10999999999999988,2226,2292
1065,260,/Users/vedantdwivedi/Desktop/IRIS/emg_data/closed_vocab/silent/5-19_silent/260_emg.npy,/Users/vedantdwivedi/Desktop/IRIS/silent_speech_alignments/text_alignments/5-9/5-9_260_audio.TextGrid,9,WATER,3.82,4.12,0.30000000000000027,2292,2472
1066,260,/Users/vedantdwivedi/Desktop/IRIS/emg_data/closed_vocab/silent/5-19_silent/260_emg.npy,/Users/vedantdwivedi/Desktop/IRIS/silent_speech_alignments/text_alignments/5-9/5-9_260_audio.TextGrid,10,IN,4.12,4.26,0.13999999999999968,2472,2556
1067,260,/Users/vedantdwivedi/Desktop/IRIS/emg_data/closed_vocab/silent/5-19_silent/260_emg.npy,/Users/vedantdwivedi/Desktop/IRIS/silent_speech_alignments/text_alignments/5-9/5-9_260_audio.TextGrid,11,ITS,4.26,4.43,0.16999999999999993,2556,2658
1068,260,/Users/vedantdwivedi/Desktop/IRIS/emg_data/closed_vocab/silent/5-19_silent/260_emg.npy,/Users/vedantdwivedi/Desktop/IRIS/silent_speech_alignments/text_alignments/5-9/5-9_260_audio.TextGrid,12,TRACK,4.43,4.84,0.41000000000000014,2658,2904
1069,260,/Users/vedantdwivedi/Desktop/IRIS/emg_data/closed_vocab/silent/5-19_silent/260_emg.npy,/Users/vedantdwivedi/Desktop/IRIS/silent_speech_alignments/text_alignments/5-9/5-9_260_audio.TextGrid,13,ROSE,5.17,5.8,0.6299999999999999,3102,3138
1070,261,/Users/vedantdwivedi/Desktop/IRIS/emg_data/closed_vocab/silent/5-19_silent/261_emg.npy,/Users/vedantdwivedi/Desktop/IRIS/silent_speech_alignments/text_alignments/5-9/5-9_261_audio.TextGrid,0,I,0.88,1.02,0.14,528,612
1071,261,/Users/vedantdwivedi/Desktop/IRIS/emg_data/closed_vocab/silent/5-19_silent/261_emg.npy,/Users/vedantdwivedi/Desktop/IRIS/silent_speech_alignments/text_alignments/5-9/5-9_261_audio.TextGrid,1,TURNED,1.02,1.45,0.42999999999999994,612,870
1072,261,/Users/vedantdwivedi/Desktop/IRIS/emg_data/closed_vocab/silent/5-19_silent/261_emg.npy,/Users/vedantdwivedi/Desktop/IRIS/silent_speech_alignments/text_alignments/5-9/5-9_261_audio.TextGrid,2,SHOREWARD,1.45,1.99,0.54,870,1194
1073,262,/Users/vedantdwivedi/Desktop/IRIS/emg_data/closed_vocab/silent/5-19_silent/262_emg.npy,/Users/vedantdwivedi/Desktop/IRIS/silent_speech_alignments/text_alignments/5-9/5-9_262_audio.TextGrid,0,IN,0.03,0.09,0.06,18,54
1074,264,/Users/vedantdwivedi/Desktop/IRIS/emg_data/closed_vocab/silent/5-19_silent/264_emg.npy,/Users/vedantdwivedi/Desktop/IRIS/silent_speech_alignments/text_alignments/5-9/5-9_264_audio.TextGrid,0,HAD,1.02,1.2,0.17999999999999994,612,720
1075,264,/Users/vedantdwivedi/Desktop/IRIS/emg_data/closed_vocab/silent/5-19_silent/264_emg.npy,/Users/vedantdwivedi/Desktop/IRIS/silent_speech_alignments/text_alignments/5-9/5-9_264_audio.TextGrid,1,MY,1.2,1.32,0.1200000000000001,720,792
1076,264,/Users/vedantdwivedi/Desktop/IRIS/emg_data/closed_vocab/silent/5-19_silent/264_emg.npy,/Users/vedantdwivedi/Desktop/IRIS/silent_speech_alignments/text_alignments/5-9/5-9_264_audio.TextGrid,2,FOOT,1.32,1.59,0.27,792,954
1077,264,/Users/vedantdwivedi/Desktop/IRIS/emg_data/closed_vocab/silent/5-19_silent/264_emg.npy,/Users/vedantdwivedi/Desktop/IRIS/silent_speech_alignments/text_alignments/5-9/5-9_264_audio.TextGrid,3,STUMBLED,1.59,2.08,0.49,954,1248
1078,264,/Users/vedantdwivedi/Desktop/IRIS/emg_data/closed_vocab/silent/5-19_silent/264_emg.npy,/Users/vedantdwivedi/Desktop/IRIS/silent_speech_alignments/text_alignments/5-9/5-9_264_audio.TextGrid,4,IT,2.53,2.75,0.2200000000000002,1518,1650
1079,264,/Users/vedantdwivedi/Desktop/IRIS/emg_data/closed_vocab/silent/5-19_silent/264_emg.npy,/Users/vedantdwivedi/Desktop/IRIS/silent_speech_alignments/text_alignments/5-9/5-9_264_audio.TextGrid,5,WOULD,2.75,2.98,0.22999999999999998,1650,1788
1080,264,/Users/vedantdwivedi/Desktop/IRIS/emg_data/closed_vocab/silent/5-19_silent/264_emg.npy,/Users/vedantdwivedi/Desktop/IRIS/silent_speech_alignments/text_alignments/5-9/5-9_264_audio.TextGrid,6,HAVE,2.98,3.14,0.16000000000000014,1788,1884
1081,264,/Users/vedantdwivedi/Desktop/IRIS/emg_data/closed_vocab/silent/5-19_silent/264_emg.npy,/Users/vedantdwivedi/Desktop/IRIS/silent_speech_alignments/text_alignments/5-9/5-9_264_audio.TextGrid,7,BEEN,3.14,3.43,0.29000000000000004,1884,2058
1082,264,/Users/vedantdwivedi/Desktop/IRIS/emg_data/closed_vocab/silent/5-19_silent/264_emg.npy,/Users/vedantdwivedi/Desktop/IRIS/silent_speech_alignments/text_alignments/5-9/5-9_264_audio.TextGrid,8,THE,3.43,3.6,0.16999999999999993,2058,2160
1083,264,/Users/vedantdwivedi/Desktop/IRIS/emg_data/closed_vocab/silent/5-19_silent/264_emg.npy,/Users/vedantdwivedi/Desktop/IRIS/silent_speech_alignments/text_alignments/5-9/5-9_264_audio.TextGrid,9,END,3.6,3.9,0.2999999999999998,2160,2340
1084,265,/Users/vedantdwivedi/Desktop/IRIS/emg_data/closed_vocab/silent/5-19_silent/265_emg.npy,/Users/vedantdwivedi/Desktop/IRIS/silent_speech_alignments/text_alignments/5-9/5-9_265_audio.TextGrid,0,I,1.08,1.21,0.1299999999999999,648,726
1085,265,/Users/vedantdwivedi/Desktop/IRIS/emg_data/closed_vocab/silent/5-19_silent/265_emg.npy,/Users/vedantdwivedi/Desktop/IRIS/silent_speech_alignments/text_alignments/5-9/5-9_265_audio.TextGrid,1,FELL,1.21,1.51,0.30000000000000004,726,906
1086,265,/Users/vedantdwivedi/Desktop/IRIS/emg_data/closed_vocab/silent/5-19_silent/265_emg.npy,/Users/vedantdwivedi/Desktop/IRIS/silent_speech_alignments/text_alignments/5-9/5-9_265_audio.TextGrid,2,HELPLESSLY,1.51,2.17,0.6599999999999999,906,1302
1087,265,/Users/vedantdwivedi/Desktop/IRIS/emg_data/closed_vocab/silent/5-19_silent/265_emg.npy,/Users/vedantdwivedi/Desktop/IRIS/silent_speech_alignments/text_alignments/5-9/5-9_265_audio.TextGrid,3,IN,2.58,2.74,0.16000000000000014,1548,1644
1088,265,/Users/vedantdwivedi/Desktop/IRIS/emg_data/closed_vocab/silent/5-19_silent/265_emg.npy,/Users/vedantdwivedi/Desktop/IRIS/silent_speech_alignments/text_alignments/5-9/5-9_265_audio.TextGrid,4,FULL,2.74,3.0,0.2599999999999998,1644,1800
1089,265,/Users/vedantdwivedi/Desktop/IRIS/emg_data/closed_vocab/silent/5-19_silent/265_emg.npy,/Users/vedantdwivedi/Desktop/IRIS/silent_speech_alignments/text_alignments/5-9/5-9_265_audio.TextGrid,5,SIGHT,3.0,3.33,0.33000000000000007,1800,1998
1090,265,/Users/vedantdwivedi/Desktop/IRIS/emg_data/closed_vocab/silent/5-19_silent/265_emg.npy,/Users/vedantdwivedi/Desktop/IRIS/silent_speech_alignments/text_alignments/5-9/5-9_265_audio.TextGrid,6,OF,3.33,3.44,0.10999999999999988,1998,2064
1091,265,/Users/vedantdwivedi/Desktop/IRIS/emg_data/closed_vocab/silent/5-19_silent/265_emg.npy,/Users/vedantdwivedi/Desktop/IRIS/silent_speech_alignments/text_alignments/5-9/5-9_265_audio.TextGrid,7,THE,3.44,3.51,0.06999999999999984,2064,2106
1092,265,/Users/vedantdwivedi/Desktop/IRIS/emg_data/closed_vocab/silent/5-19_silent/265_emg.npy,/Users/vedantdwivedi/Desktop/IRIS/silent_speech_alignments/text_alignments/5-9/5-9_265_audio.TextGrid,8,MARTIANS,3.51,4.25,0.7400000000000002,2106,2550
1093,266,/Users/vedantdwivedi/Desktop/IRIS/emg_data/closed_vocab/silent/5-19_silent/266_emg.npy,/Users/vedantdwivedi/Desktop/IRIS/silent_speech_alignments/text_alignments/5-9/5-9_266_audio.TextGrid,0,I,0.87,0.96,0.08999999999999997,522,576
1094,266,/Users/vedantdwivedi/Desktop/IRIS/emg_data/closed_vocab/silent/5-19_silent/266_emg.npy,/Users/vedantdwivedi/Desktop/IRIS/silent_speech_alignments/text_alignments/5-9/5-9_266_audio.TextGrid,1,EXPECTED,0.96,1.48,0.52,576,888
1095,266,/Users/vedantdwivedi/Desktop/IRIS/emg_data/closed_vocab/silent/5-19_silent/266_emg.npy,/Users/vedantdwivedi/Desktop/IRIS/silent_speech_alignments/text_alignments/5-9/5-9_266_audio.TextGrid,2,NOTHING,1.48,1.84,0.3600000000000001,888,1104
1096,266,/Users/vedantdwivedi/Desktop/IRIS/emg_data/closed_vocab/silent/5-19_silent/266_emg.npy,/Users/vedantdwivedi/Desktop/IRIS/silent_speech_alignments/text_alignments/5-9/5-9_266_audio.TextGrid,3,BUT,1.84,2.09,0.24999999999999978,1104,1254
1097,266,/Users/vedantdwivedi/Desktop/IRIS/emg_data/closed_vocab/silent/5-19_silent/266_emg.npy,/Users/vedantdwivedi/Desktop/IRIS/silent_speech_alignments/text_alignments/5-9/5-9_266_audio.TextGrid,4,DEATH,2.09,2.5,0.41000000000000014,1254,1500
1098,267,/Users/vedantdwivedi/Desktop/IRIS/emg_data/closed_vocab/silent/5-19_silent/267_emg.npy,/Users/vedantdwivedi/Desktop/IRIS/silent_speech_alignments/text_alignments/5-9/5-9_267_audio.TextGrid,0,I,1.05,1.13,0.07999999999999985,630,678
1099,267,/Users/vedantdwivedi/Desktop/IRIS/emg_data/closed_vocab/silent/5-19_silent/267_emg.npy,/Users/vedantdwivedi/Desktop/IRIS/silent_speech_alignments/text_alignments/5-9/5-9_267_audio.TextGrid,1,HAVE,1.13,1.25,0.1200000000000001,678,750
1100,267,/Users/vedantdwivedi/Desktop/IRIS/emg_data/closed_vocab/silent/5-19_silent/267_emg.npy,/Users/vedantdwivedi/Desktop/IRIS/silent_speech_alignments/text_alignments/5-9/5-9_267_audio.TextGrid,2,A,1.25,1.38,0.1299999999999999,750,828
1101,267,/Users/vedantdwivedi/Desktop/IRIS/emg_data/closed_vocab/silent/5-19_silent/267_emg.npy,/Users/vedantdwivedi/Desktop/IRIS/silent_speech_alignments/text_alignments/5-9/5-9_267_audio.TextGrid,3,DIM,1.38,1.71,0.33000000000000007,828,1026
1102,267,/Users/vedantdwivedi/Desktop/IRIS/emg_data/closed_vocab/silent/5-19_silent/267_emg.npy,/Users/vedantdwivedi/Desktop/IRIS/silent_speech_alignments/text_alignments/5-9/5-9_267_audio.TextGrid,4,MEMORY,1.71,2.29,0.5800000000000001,1026,1374
1103,267,/Users/vedantdwivedi/Desktop/IRIS/emg_data/closed_vocab/silent/5-19_silent/267_emg.npy,/Users/vedantdwivedi/Desktop/IRIS/silent_speech_alignments/text_alignments/5-9/5-9_267_audio.TextGrid,5,OF,2.39,2.52,0.1299999999999999,1434,1512
1104,267,/Users/vedantdwivedi/Desktop/IRIS/emg_data/closed_vocab/silent/5-19_silent/267_emg.npy,/Users/vedantdwivedi/Desktop/IRIS/silent_speech_alignments/text_alignments/5-9/5-9_267_audio.TextGrid,6,THE,2.52,2.63,0.10999999999999988,1512,1578
1105,267,/Users/vedantdwivedi/Desktop/IRIS/emg_data/closed_vocab/silent/5-19_silent/267_emg.npy,/Users/vedantdwivedi/Desktop/IRIS/silent_speech_alignments/text_alignments/5-9/5-9_267_audio.TextGrid,7,FOOT,2.63,2.89,0.26000000000000023,1578,1734
1106,267,/Users/vedantdwivedi/Desktop/IRIS/emg_data/closed_vocab/silent/5-19_silent/267_emg.npy,/Users/vedantdwivedi/Desktop/IRIS/silent_speech_alignments/text_alignments/5-9/5-9_267_audio.TextGrid,8,OF,2.89,3.02,0.1299999999999999,1734,1812
1107,267,/Users/vedantdwivedi/Desktop/IRIS/emg_data/closed_vocab/silent/5-19_silent/267_emg.npy,/Users/vedantdwivedi/Desktop/IRIS/silent_speech_alignments/text_alignments/5-9/5-9_267_audio.TextGrid,9,A,3.02,3.06,0.040000000000000036,1812,1836
1108,267,/Users/vedantdwivedi/Desktop/IRIS/emg_data/closed_vocab/silent/5-19_silent/267_emg.npy,/Users/vedantdwivedi/Desktop/IRIS/silent_speech_alignments/text_alignments/5-9/5-9_267_audio.TextGrid,10,MARTIAN,3.06,3.65,0.5899999999999999,1836,2190
1109,267,/Users/vedantdwivedi/Desktop/IRIS/emg_data/closed_vocab/silent/5-19_silent/267_emg.npy,/Users/vedantdwivedi/Desktop/IRIS/silent_speech_alignments/text_alignments/5-9/5-9_267_audio.TextGrid,11,COMING,3.89,4.21,0.31999999999999984,2334,2526
1110,267,/Users/vedantdwivedi/Desktop/IRIS/emg_data/closed_vocab/silent/5-19_silent/267_emg.npy,/Users/vedantdwivedi/Desktop/IRIS/silent_speech_alignments/text_alignments/5-9/5-9_267_audio.TextGrid,12,DOWN,4.21,4.51,0.2999999999999998,2526,2628
1111,26,/Users/vedantdwivedi/Desktop/IRIS/emg_data/closed_vocab/silent/5-19_silent/26_emg.npy,/Users/vedantdwivedi/Desktop/IRIS/silent_speech_alignments/text_alignments/5-9/5-9_26_audio.TextGrid,0,YET,0.92,1.32,0.4,552,792
1112,26,/Users/vedantdwivedi/Desktop/IRIS/emg_data/closed_vocab/silent/5-19_silent/26_emg.npy,/Users/vedantdwivedi/Desktop/IRIS/silent_speech_alignments/text_alignments/5-9/5-9_26_audio.TextGrid,1,SAVE,1.44,1.71,0.27,864,1026
1113,26,/Users/vedantdwivedi/Desktop/IRIS/emg_data/closed_vocab/silent/5-19_silent/26_emg.npy,/Users/vedantdwivedi/Desktop/IRIS/silent_speech_alignments/text_alignments/5-9/5-9_26_audio.TextGrid,2,OURSELVES,1.71,2.45,0.7400000000000002,1026,1470
1114,26,/Users/vedantdwivedi/Desktop/IRIS/emg_data/closed_vocab/silent/5-19_silent/26_emg.npy,/Users/vedantdwivedi/Desktop/IRIS/silent_speech_alignments/text_alignments/5-9/5-9_26_audio.TextGrid,3,THERE,2.87,2.98,0.10999999999999988,1722,1788
1115,26,/Users/vedantdwivedi/Desktop/IRIS/emg_data/closed_vocab/silent/5-19_silent/26_emg.npy,/Users/vedantdwivedi/Desktop/IRIS/silent_speech_alignments/text_alignments/5-9/5-9_26_audio.TextGrid,4,DID,2.98,3.14,0.16000000000000014,1788,1884
1116,26,/Users/vedantdwivedi/Desktop/IRIS/emg_data/closed_vocab/silent/5-19_silent/26_emg.npy,/Users/vedantdwivedi/Desktop/IRIS/silent_speech_alignments/text_alignments/5-9/5-9_26_audio.TextGrid,5,NOT,3.14,3.41,0.27,1884,2046
1117,26,/Users/vedantdwivedi/Desktop/IRIS/emg_data/closed_vocab/silent/5-19_silent/26_emg.npy,/Users/vedantdwivedi/Desktop/IRIS/silent_speech_alignments/text_alignments/5-9/5-9_26_audio.TextGrid,6,SEEM,3.41,3.56,0.1499999999999999,2046,2136
1118,26,/Users/vedantdwivedi/Desktop/IRIS/emg_data/closed_vocab/silent/5-19_silent/26_emg.npy,/Users/vedantdwivedi/Desktop/IRIS/silent_speech_alignments/text_alignments/5-9/5-9_26_audio.TextGrid,7,TO,3.56,3.66,0.10000000000000009,2136,2196
1119,26,/Users/vedantdwivedi/Desktop/IRIS/emg_data/closed_vocab/silent/5-19_silent/26_emg.npy,/Users/vedantdwivedi/Desktop/IRIS/silent_speech_alignments/text_alignments/5-9/5-9_26_audio.TextGrid,8,BE,3.66,4.05,0.3899999999999997,2196,2430
1120,26,/Users/vedantdwivedi/Desktop/IRIS/emg_data/closed_vocab/silent/5-19_silent/26_emg.npy,/Users/vedantdwivedi/Desktop/IRIS/silent_speech_alignments/text_alignments/5-9/5-9_26_audio.TextGrid,9,A,4.08,4.19,0.11000000000000032,2448,2514
1121,26,/Users/vedantdwivedi/Desktop/IRIS/emg_data/closed_vocab/silent/5-19_silent/26_emg.npy,/Users/vedantdwivedi/Desktop/IRIS/silent_speech_alignments/text_alignments/5-9/5-9_26_audio.TextGrid,10,LIVING,4.19,4.49,0.2999999999999998,2514,2694
1122,26,/Users/vedantdwivedi/Desktop/IRIS/emg_data/closed_vocab/silent/5-19_silent/26_emg.npy,/Users/vedantdwivedi/Desktop/IRIS/silent_speech_alignments/text_alignments/5-9/5-9_26_audio.TextGrid,11,SOUL,4.49,5.06,0.5699999999999994,2694,3036
1123,26,/Users/vedantdwivedi/Desktop/IRIS/emg_data/closed_vocab/silent/5-19_silent/26_emg.npy,/Users/vedantdwivedi/Desktop/IRIS/silent_speech_alignments/text_alignments/5-9/5-9_26_audio.TextGrid,12,ON,5.14,5.33,0.1900000000000004,3084,3198
1124,26,/Users/vedantdwivedi/Desktop/IRIS/emg_data/closed_vocab/silent/5-19_silent/26_emg.npy,/Users/vedantdwivedi/Desktop/IRIS/silent_speech_alignments/text_alignments/5-9/5-9_26_audio.TextGrid,13,MAYBURY,5.33,5.71,0.3799999999999999,3198,3222
1125,270,/Users/vedantdwivedi/Desktop/IRIS/emg_data/closed_vocab/silent/5-19_silent/270_emg.npy,/Users/vedantdwivedi/Desktop/IRIS/silent_speech_alignments/text_alignments/5-9/5-9_270_audio.TextGrid,0,AND,0.91,1.13,0.21999999999999986,546,678
1126,270,/Users/vedantdwivedi/Desktop/IRIS/emg_data/closed_vocab/silent/5-19_silent/270_emg.npy,/Users/vedantdwivedi/Desktop/IRIS/silent_speech_alignments/text_alignments/5-9/5-9_270_audio.TextGrid,1,THEN,1.13,1.51,0.3800000000000001,678,906
1127,270,/Users/vedantdwivedi/Desktop/IRIS/emg_data/closed_vocab/silent/5-19_silent/270_emg.npy,/Users/vedantdwivedi/Desktop/IRIS/silent_speech_alignments/text_alignments/5-9/5-9_270_audio.TextGrid,2,VERY,1.54,1.77,0.22999999999999998,924,1062
1128,270,/Users/vedantdwivedi/Desktop/IRIS/emg_data/closed_vocab/silent/5-19_silent/270_emg.npy,/Users/vedantdwivedi/Desktop/IRIS/silent_speech_alignments/text_alignments/5-9/5-9_270_audio.TextGrid,3,SLOWLY,1.77,2.33,0.56,1062,1398
1129,270,/Users/vedantdwivedi/Desktop/IRIS/emg_data/closed_vocab/silent/5-19_silent/270_emg.npy,/Users/vedantdwivedi/Desktop/IRIS/silent_speech_alignments/text_alignments/5-9/5-9_270_audio.TextGrid,4,I,2.56,2.64,0.08000000000000007,1536,1584
1130,270,/Users/vedantdwivedi/Desktop/IRIS/emg_data/closed_vocab/silent/5-19_silent/270_emg.npy,/Users/vedantdwivedi/Desktop/IRIS/silent_speech_alignments/text_alignments/5-9/5-9_270_audio.TextGrid,5,REALISED,2.64,3.34,0.6999999999999997,1584,2004
1131,270,/Users/vedantdwivedi/Desktop/IRIS/emg_data/closed_vocab/silent/5-19_silent/270_emg.npy,/Users/vedantdwivedi/Desktop/IRIS/silent_speech_alignments/text_alignments/5-9/5-9_270_audio.TextGrid,6,THAT,3.38,3.56,0.18000000000000016,2028,2136
1132,270,/Users/vedantdwivedi/Desktop/IRIS/emg_data/closed_vocab/silent/5-19_silent/270_emg.npy,/Users/vedantdwivedi/Desktop/IRIS/silent_speech_alignments/text_alignments/5-9/5-9_270_audio.TextGrid,7,BY,3.56,3.71,0.1499999999999999,2136,2226
1133,270,/Users/vedantdwivedi/Desktop/IRIS/emg_data/closed_vocab/silent/5-19_silent/270_emg.npy,/Users/vedantdwivedi/Desktop/IRIS/silent_speech_alignments/text_alignments/5-9/5-9_270_audio.TextGrid,8,A,3.71,3.78,0.06999999999999984,2226,2268
1134,270,/Users/vedantdwivedi/Desktop/IRIS/emg_data/closed_vocab/silent/5-19_silent/270_emg.npy,/Users/vedantdwivedi/Desktop/IRIS/silent_speech_alignments/text_alignments/5-9/5-9_270_audio.TextGrid,9,MIRACLE,3.78,4.39,0.6099999999999999,2268,2634
1135,29,/Users/vedantdwivedi/Desktop/IRIS/emg_data/closed_vocab/silent/5-19_silent/29_emg.npy,/Users/vedantdwivedi/Desktop/IRIS/silent_speech_alignments/text_alignments/5-9/5-9_29_audio.TextGrid,0,THE,0.79,0.92,0.13,474,552
1136,29,/Users/vedantdwivedi/Desktop/IRIS/emg_data/closed_vocab/silent/5-19_silent/29_emg.npy,/Users/vedantdwivedi/Desktop/IRIS/silent_speech_alignments/text_alignments/5-9/5-9_29_audio.TextGrid,1,MAJORITY,0.92,1.42,0.4999999999999999,552,852
1137,29,/Users/vedantdwivedi/Desktop/IRIS/emg_data/closed_vocab/silent/5-19_silent/29_emg.npy,/Users/vedantdwivedi/Desktop/IRIS/silent_speech_alignments/text_alignments/5-9/5-9_29_audio.TextGrid,2,OF,1.48,1.63,0.1499999999999999,888,978
1138,29,/Users/vedantdwivedi/Desktop/IRIS/emg_data/closed_vocab/silent/5-19_silent/29_emg.npy,/Users/vedantdwivedi/Desktop/IRIS/silent_speech_alignments/text_alignments/5-9/5-9_29_audio.TextGrid,3,THE,1.63,1.71,0.08000000000000007,978,1026
1139,29,/Users/vedantdwivedi/Desktop/IRIS/emg_data/closed_vocab/silent/5-19_silent/29_emg.npy,/Users/vedantdwivedi/Desktop/IRIS/silent_speech_alignments/text_alignments/5-9/5-9_29_audio.TextGrid,4,INHABITANTS,1.71,2.3,0.5899999999999999,1026,1380
1140,29,/Users/vedantdwivedi/Desktop/IRIS/emg_data/closed_vocab/silent/5-19_silent/29_emg.npy,/Users/vedantdwivedi/Desktop/IRIS/silent_speech_alignments/text_alignments/5-9/5-9_29_audio.TextGrid,5,HAD,2.3,2.42,0.1200000000000001,1380,1452
1141,29,/Users/vedantdwivedi/Desktop/IRIS/emg_data/closed_vocab/silent/5-19_silent/29_emg.npy,/Users/vedantdwivedi/Desktop/IRIS/silent_speech_alignments/text_alignments/5-9/5-9_29_audio.TextGrid,6,ESCAPED,2.42,2.86,0.43999999999999995,1452,1716
1142,29,/Users/vedantdwivedi/Desktop/IRIS/emg_data/closed_vocab/silent/5-19_silent/29_emg.npy,/Users/vedantdwivedi/Desktop/IRIS/silent_speech_alignments/text_alignments/5-9/5-9_29_audio.TextGrid,7,I,2.89,2.96,0.06999999999999984,1734,1776
1143,29,/Users/vedantdwivedi/Desktop/IRIS/emg_data/closed_vocab/silent/5-19_silent/29_emg.npy,/Users/vedantdwivedi/Desktop/IRIS/silent_speech_alignments/text_alignments/5-9/5-9_29_audio.TextGrid,8,SUPPOSE,2.96,3.65,0.69,1776,2190
1144,29,/Users/vedantdwivedi/Desktop/IRIS/emg_data/closed_vocab/silent/5-19_silent/29_emg.npy,/Users/vedantdwivedi/Desktop/IRIS/silent_speech_alignments/text_alignments/5-9/5-9_29_audio.TextGrid,9,BY,3.97,4.16,0.18999999999999995,2382,2496
1145,29,/Users/vedantdwivedi/Desktop/IRIS/emg_data/closed_vocab/silent/5-19_silent/29_emg.npy,/Users/vedantdwivedi/Desktop/IRIS/silent_speech_alignments/text_alignments/5-9/5-9_29_audio.TextGrid,10,WAY,4.16,4.49,0.33000000000000007,2496,2694
1146,29,/Users/vedantdwivedi/Desktop/IRIS/emg_data/closed_vocab/silent/5-19_silent/29_emg.npy,/Users/vedantdwivedi/Desktop/IRIS/silent_speech_alignments/text_alignments/5-9/5-9_29_audio.TextGrid,11,OF,4.49,4.59,0.09999999999999964,2694,2754
1147,29,/Users/vedantdwivedi/Desktop/IRIS/emg_data/closed_vocab/silent/5-19_silent/29_emg.npy,/Users/vedantdwivedi/Desktop/IRIS/silent_speech_alignments/text_alignments/5-9/5-9_29_audio.TextGrid,12,THE,4.59,4.76,0.16999999999999993,2754,2856
1148,29,/Users/vedantdwivedi/Desktop/IRIS/emg_data/closed_vocab/silent/5-19_silent/29_emg.npy,/Users/vedantdwivedi/Desktop/IRIS/silent_speech_alignments/text_alignments/5-9/5-9_29_audio.TextGrid,13,OLD,4.76,4.99,0.23000000000000043,2856,2916
1149,30,/Users/vedantdwivedi/Desktop/IRIS/emg_data/closed_vocab/silent/5-19_silent/30_emg.npy,/Users/vedantdwivedi/Desktop/IRIS/silent_speech_alignments/text_alignments/5-9/5-9_30_audio.TextGrid,0,WE,0.97,1.07,0.10000000000000009,582,642
1150,30,/Users/vedantdwivedi/Desktop/IRIS/emg_data/closed_vocab/silent/5-19_silent/30_emg.npy,/Users/vedantdwivedi/Desktop/IRIS/silent_speech_alignments/text_alignments/5-9/5-9_30_audio.TextGrid,1,WENT,1.07,1.24,0.16999999999999993,642,744
1151,30,/Users/vedantdwivedi/Desktop/IRIS/emg_data/closed_vocab/silent/5-19_silent/30_emg.npy,/Users/vedantdwivedi/Desktop/IRIS/silent_speech_alignments/text_alignments/5-9/5-9_30_audio.TextGrid,2,DOWN,1.24,1.51,0.27,744,906
1152,30,/Users/vedantdwivedi/Desktop/IRIS/emg_data/closed_vocab/silent/5-19_silent/30_emg.npy,/Users/vedantdwivedi/Desktop/IRIS/silent_speech_alignments/text_alignments/5-9/5-9_30_audio.TextGrid,3,THE,1.51,1.59,0.08000000000000007,906,954
1153,30,/Users/vedantdwivedi/Desktop/IRIS/emg_data/closed_vocab/silent/5-19_silent/30_emg.npy,/Users/vedantdwivedi/Desktop/IRIS/silent_speech_alignments/text_alignments/5-9/5-9_30_audio.TextGrid,4,LANE,1.59,1.98,0.3899999999999999,954,1188
1154,30,/Users/vedantdwivedi/Desktop/IRIS/emg_data/closed_vocab/silent/5-19_silent/30_emg.npy,/Users/vedantdwivedi/Desktop/IRIS/silent_speech_alignments/text_alignments/5-9/5-9_30_audio.TextGrid,5,BY,2.32,2.45,0.13000000000000034,1392,1470
1155,30,/Users/vedantdwivedi/Desktop/IRIS/emg_data/closed_vocab/silent/5-19_silent/30_emg.npy,/Users/vedantdwivedi/Desktop/IRIS/silent_speech_alignments/text_alignments/5-9/5-9_30_audio.TextGrid,6,THE,2.45,2.56,0.10999999999999988,1470,1536
1156,30,/Users/vedantdwivedi/Desktop/IRIS/emg_data/closed_vocab/silent/5-19_silent/30_emg.npy,/Users/vedantdwivedi/Desktop/IRIS/silent_speech_alignments/text_alignments/5-9/5-9_30_audio.TextGrid,7,BODY,2.56,2.84,0.2799999999999998,1536,1704
1157,30,/Users/vedantdwivedi/Desktop/IRIS/emg_data/closed_vocab/silent/5-19_silent/30_emg.npy,/Users/vedantdwivedi/Desktop/IRIS/silent_speech_alignments/text_alignments/5-9/5-9_30_audio.TextGrid,8,OF,2.84,2.93,0.0900000000000003,1704,1758
1158,30,/Users/vedantdwivedi/Desktop/IRIS/emg_data/closed_vocab/silent/5-19_silent/30_emg.npy,/Users/vedantdwivedi/Desktop/IRIS/silent_speech_alignments/text_alignments/5-9/5-9_30_audio.TextGrid,9,THE,2.93,3.03,0.09999999999999964,1758,1818
1159,30,/Users/vedantdwivedi/Desktop/IRIS/emg_data/closed_vocab/silent/5-19_silent/30_emg.npy,/Users/vedantdwivedi/Desktop/IRIS/silent_speech_alignments/text_alignments/5-9/5-9_30_audio.TextGrid,10,MAN,3.03,3.29,0.26000000000000023,1818,1974
1160,30,/Users/vedantdwivedi/Desktop/IRIS/emg_data/closed_vocab/silent/5-19_silent/30_emg.npy,/Users/vedantdwivedi/Desktop/IRIS/silent_speech_alignments/text_alignments/5-9/5-9_30_audio.TextGrid,11,IN,3.29,3.43,0.14000000000000012,1974,2058
1161,30,/Users/vedantdwivedi/Desktop/IRIS/emg_data/closed_vocab/silent/5-19_silent/30_emg.npy,/Users/vedantdwivedi/Desktop/IRIS/silent_speech_alignments/text_alignments/5-9/5-9_30_audio.TextGrid,12,BLACK,3.43,3.84,0.4099999999999997,2058,2304
1162,30,/Users/vedantdwivedi/Desktop/IRIS/emg_data/closed_vocab/silent/5-19_silent/30_emg.npy,/Users/vedantdwivedi/Desktop/IRIS/silent_speech_alignments/text_alignments/5-9/5-9_30_audio.TextGrid,13,SODDEN,4.26,4.68,0.41999999999999993,2556,2664
1163,31,/Users/vedantdwivedi/Desktop/IRIS/emg_data/closed_vocab/silent/5-19_silent/31_emg.npy,/Users/vedantdwivedi/Desktop/IRIS/silent_speech_alignments/text_alignments/5-9/5-9_31_audio.TextGrid,0,WE,0.8,0.92,0.12,480,552
1164,31,/Users/vedantdwivedi/Desktop/IRIS/emg_data/closed_vocab/silent/5-19_silent/31_emg.npy,/Users/vedantdwivedi/Desktop/IRIS/silent_speech_alignments/text_alignments/5-9/5-9_31_audio.TextGrid,1,PUSHED,0.92,1.24,0.31999999999999995,552,744
1165,31,/Users/vedantdwivedi/Desktop/IRIS/emg_data/closed_vocab/silent/5-19_silent/31_emg.npy,/Users/vedantdwivedi/Desktop/IRIS/silent_speech_alignments/text_alignments/5-9/5-9_31_audio.TextGrid,2,THROUGH,1.24,1.48,0.24,744,888
1166,31,/Users/vedantdwivedi/Desktop/IRIS/emg_data/closed_vocab/silent/5-19_silent/31_emg.npy,/Users/vedantdwivedi/Desktop/IRIS/silent_speech_alignments/text_alignments/5-9/5-9_31_audio.TextGrid,3,THESE,1.48,1.75,0.27,888,1050
1167,31,/Users/vedantdwivedi/Desktop/IRIS/emg_data/closed_vocab/silent/5-19_silent/31_emg.npy,/Users/vedantdwivedi/Desktop/IRIS/silent_speech_alignments/text_alignments/5-9/5-9_31_audio.TextGrid,4,TOWARDS,1.75,2.26,0.5099999999999998,1050,1356
1168,31,/Users/vedantdwivedi/Desktop/IRIS/emg_data/closed_vocab/silent/5-19_silent/31_emg.npy,/Users/vedantdwivedi/Desktop/IRIS/silent_speech_alignments/text_alignments/5-9/5-9_31_audio.TextGrid,5,THE,2.29,2.4,0.10999999999999988,1374,1440
1169,31,/Users/vedantdwivedi/Desktop/IRIS/emg_data/closed_vocab/silent/5-19_silent/31_emg.npy,/Users/vedantdwivedi/Desktop/IRIS/silent_speech_alignments/text_alignments/5-9/5-9_31_audio.TextGrid,6,RAILWAY,2.4,2.98,0.5800000000000001,1440,1788
1170,31,/Users/vedantdwivedi/Desktop/IRIS/emg_data/closed_vocab/silent/5-19_silent/31_emg.npy,/Users/vedantdwivedi/Desktop/IRIS/silent_speech_alignments/text_alignments/5-9/5-9_31_audio.TextGrid,7,WITHOUT,3.19,3.62,0.43000000000000016,1914,2172
1171,31,/Users/vedantdwivedi/Desktop/IRIS/emg_data/closed_vocab/silent/5-19_silent/31_emg.npy,/Users/vedantdwivedi/Desktop/IRIS/silent_speech_alignments/text_alignments/5-9/5-9_31_audio.TextGrid,8,MEETING,3.62,3.95,0.33000000000000007,2172,2370
1172,31,/Users/vedantdwivedi/Desktop/IRIS/emg_data/closed_vocab/silent/5-19_silent/31_emg.npy,/Users/vedantdwivedi/Desktop/IRIS/silent_speech_alignments/text_alignments/5-9/5-9_31_audio.TextGrid,9,A,3.95,4.04,0.08999999999999986,2370,2424
1173,31,/Users/vedantdwivedi/Desktop/IRIS/emg_data/closed_vocab/silent/5-19_silent/31_emg.npy,/Users/vedantdwivedi/Desktop/IRIS/silent_speech_alignments/text_alignments/5-9/5-9_31_audio.TextGrid,10,SOUL,4.04,4.5,0.45999999999999996,2424,2700
1174,32,/Users/vedantdwivedi/Desktop/IRIS/emg_data/closed_vocab/silent/5-19_silent/32_emg.npy,/Users/vedantdwivedi/Desktop/IRIS/silent_speech_alignments/text_alignments/5-9/5-9_32_audio.TextGrid,0,THE,0.89,1.02,0.13,534,612
1175,32,/Users/vedantdwivedi/Desktop/IRIS/emg_data/closed_vocab/silent/5-19_silent/32_emg.npy,/Users/vedantdwivedi/Desktop/IRIS/silent_speech_alignments/text_alignments/5-9/5-9_32_audio.TextGrid,1,WOODS,1.02,1.23,0.20999999999999996,612,738
1176,32,/Users/vedantdwivedi/Desktop/IRIS/emg_data/closed_vocab/silent/5-19_silent/32_emg.npy,/Users/vedantdwivedi/Desktop/IRIS/silent_speech_alignments/text_alignments/5-9/5-9_32_audio.TextGrid,2,ACROSS,1.23,1.59,0.3600000000000001,738,954
1177,32,/Users/vedantdwivedi/Desktop/IRIS/emg_data/closed_vocab/silent/5-19_silent/32_emg.npy,/Users/vedantdwivedi/Desktop/IRIS/silent_speech_alignments/text_alignments/5-9/5-9_32_audio.TextGrid,3,THE,1.59,1.66,0.06999999999999984,954,996
1178,32,/Users/vedantdwivedi/Desktop/IRIS/emg_data/closed_vocab/silent/5-19_silent/32_emg.npy,/Users/vedantdwivedi/Desktop/IRIS/silent_speech_alignments/text_alignments/5-9/5-9_32_audio.TextGrid,4,LINE,1.66,2.18,0.5200000000000002,996,1308
1179,32,/Users/vedantdwivedi/Desktop/IRIS/emg_data/closed_vocab/silent/5-19_silent/32_emg.npy,/Users/vedantdwivedi/Desktop/IRIS/silent_speech_alignments/text_alignments/5-9/5-9_32_audio.TextGrid,5,WERE,2.52,2.66,0.14000000000000012,1512,1596
1180,32,/Users/vedantdwivedi/Desktop/IRIS/emg_data/closed_vocab/silent/5-19_silent/32_emg.npy,/Users/vedantdwivedi/Desktop/IRIS/silent_speech_alignments/text_alignments/5-9/5-9_32_audio.TextGrid,6,BUT,2.66,2.99,0.33000000000000007,1596,1794
1181,32,/Users/vedantdwivedi/Desktop/IRIS/emg_data/closed_vocab/silent/5-19_silent/32_emg.npy,/Users/vedantdwivedi/Desktop/IRIS/silent_speech_alignments/text_alignments/5-9/5-9_32_audio.TextGrid,7,THE,2.99,3.1,0.10999999999999988,1794,1860
1182,32,/Users/vedantdwivedi/Desktop/IRIS/emg_data/closed_vocab/silent/5-19_silent/32_emg.npy,/Users/vedantdwivedi/Desktop/IRIS/silent_speech_alignments/text_alignments/5-9/5-9_32_audio.TextGrid,8,SCARRED,3.1,3.57,0.46999999999999975,1860,2142
1183,32,/Users/vedantdwivedi/Desktop/IRIS/emg_data/closed_vocab/silent/5-19_silent/32_emg.npy,/Users/vedantdwivedi/Desktop/IRIS/silent_speech_alignments/text_alignments/5-9/5-9_32_audio.TextGrid,9,AND,3.57,3.74,0.17000000000000037,2142,2244
1184,32,/Users/vedantdwivedi/Desktop/IRIS/emg_data/closed_vocab/silent/5-19_silent/32_emg.npy,/Users/vedantdwivedi/Desktop/IRIS/silent_speech_alignments/text_alignments/5-9/5-9_32_audio.TextGrid,10,BLACKENED,3.74,4.23,0.4900000000000002,2244,2538
1185,32,/Users/vedantdwivedi/Desktop/IRIS/emg_data/closed_vocab/silent/5-19_silent/32_emg.npy,/Users/vedantdwivedi/Desktop/IRIS/silent_speech_alignments/text_alignments/5-9/5-9_32_audio.TextGrid,11,RUINS,4.23,4.65,0.41999999999999993,2538,2790
1186,32,/Users/vedantdwivedi/Desktop/IRIS/emg_data/closed_vocab/silent/5-19_silent/32_emg.npy,/Users/vedantdwivedi/Desktop/IRIS/silent_speech_alignments/text_alignments/5-9/5-9_32_audio.TextGrid,12,OF,4.65,4.78,0.1299999999999999,2790,2868
1187,32,/Users/vedantdwivedi/Desktop/IRIS/emg_data/closed_vocab/silent/5-19_silent/32_emg.npy,/Users/vedantdwivedi/Desktop/IRIS/silent_speech_alignments/text_alignments/5-9/5-9_32_audio.TextGrid,13,WOODS,4.78,5.4,0.6200000000000001,2868,3240
1188,32,/Users/vedantdwivedi/Desktop/IRIS/emg_data/closed_vocab/silent/5-19_silent/32_emg.npy,/Users/vedantdwivedi/Desktop/IRIS/silent_speech_alignments/text_alignments/5-9/5-9_32_audio.TextGrid,14,FOR,5.9,6.02,0.11999999999999922,3540,3612
1189,32,/Users/vedantdwivedi/Desktop/IRIS/emg_data/closed_vocab/silent/5-19_silent/32_emg.npy,/Users/vedantdwivedi/Desktop/IRIS/silent_speech_alignments/text_alignments/5-9/5-9_32_audio.TextGrid,15,THE,6.02,6.11,0.09000000000000075,3612,3666
1190,32,/Users/vedantdwivedi/Desktop/IRIS/emg_data/closed_vocab/silent/5-19_silent/32_emg.npy,/Users/vedantdwivedi/Desktop/IRIS/silent_speech_alignments/text_alignments/5-9/5-9_32_audio.TextGrid,16,MOST,6.11,6.37,0.2599999999999998,3666,3822
1191,32,/Users/vedantdwivedi/Desktop/IRIS/emg_data/closed_vocab/silent/5-19_silent/32_emg.npy,/Users/vedantdwivedi/Desktop/IRIS/silent_speech_alignments/text_alignments/5-9/5-9_32_audio.TextGrid,17,PART,6.37,6.66,0.29000000000000004,3822,3954
1192,37,/Users/vedantdwivedi/Desktop/IRIS/emg_data/closed_vocab/silent/5-19_silent/37_emg.npy,/Users/vedantdwivedi/Desktop/IRIS/silent_speech_alignments/text_alignments/5-9/5-9_37_audio.TextGrid,0,HARD,1.11,1.46,0.34999999999999987,666,876
1193,37,/Users/vedantdwivedi/Desktop/IRIS/emg_data/closed_vocab/silent/5-19_silent/37_emg.npy,/Users/vedantdwivedi/Desktop/IRIS/silent_speech_alignments/text_alignments/5-9/5-9_37_audio.TextGrid,1,BY,1.46,1.85,0.3900000000000001,876,1110
1194,37,/Users/vedantdwivedi/Desktop/IRIS/emg_data/closed_vocab/silent/5-19_silent/37_emg.npy,/Users/vedantdwivedi/Desktop/IRIS/silent_speech_alignments/text_alignments/5-9/5-9_37_audio.TextGrid,2,WAS,1.95,2.13,0.17999999999999994,1170,1278
1195,37,/Users/vedantdwivedi/Desktop/IRIS/emg_data/closed_vocab/silent/5-19_silent/37_emg.npy,/Users/vedantdwivedi/Desktop/IRIS/silent_speech_alignments/text_alignments/5-9/5-9_37_audio.TextGrid,3,A,2.13,2.18,0.050000000000000266,1278,1308
1196,37,/Users/vedantdwivedi/Desktop/IRIS/emg_data/closed_vocab/silent/5-19_silent/37_emg.npy,/Users/vedantdwivedi/Desktop/IRIS/silent_speech_alignments/text_alignments/5-9/5-9_37_audio.TextGrid,4,TEMPORARY,2.18,2.69,0.5099999999999998,1308,1614
1197,37,/Users/vedantdwivedi/Desktop/IRIS/emg_data/closed_vocab/silent/5-19_silent/37_emg.npy,/Users/vedantdwivedi/Desktop/IRIS/silent_speech_alignments/text_alignments/5-9/5-9_37_audio.TextGrid,5,HUT,2.69,3.07,0.3799999999999999,1614,1842
1198,37,/Users/vedantdwivedi/Desktop/IRIS/emg_data/closed_vocab/silent/5-19_silent/37_emg.npy,/Users/vedantdwivedi/Desktop/IRIS/silent_speech_alignments/text_alignments/5-9/5-9_37_audio.TextGrid,6,DESERTED,3.4,3.97,0.5700000000000003,2040,2382
1199,38,/Users/vedantdwivedi/Desktop/IRIS/emg_data/closed_vocab/silent/5-19_silent/38_emg.npy,/Users/vedantdwivedi/Desktop/IRIS/silent_speech_alignments/text_alignments/5-9/5-9_38_audio.TextGrid,0,THERE,0.95,1.07,0.1200000000000001,570,642
1200,38,/Users/vedantdwivedi/Desktop/IRIS/emg_data/closed_vocab/silent/5-19_silent/38_emg.npy,/Users/vedantdwivedi/Desktop/IRIS/silent_speech_alignments/text_alignments/5-9/5-9_38_audio.TextGrid,1,WAS,1.07,1.17,0.09999999999999987,642,702
1201,38,/Users/vedantdwivedi/Desktop/IRIS/emg_data/closed_vocab/silent/5-19_silent/38_emg.npy,/Users/vedantdwivedi/Desktop/IRIS/silent_speech_alignments/text_alignments/5-9/5-9_38_audio.TextGrid,2,NOT,1.17,1.5,0.33000000000000007,702,900
1202,38,/Users/vedantdwivedi/Desktop/IRIS/emg_data/closed_vocab/silent/5-19_silent/38_emg.npy,/Users/vedantdwivedi/Desktop/IRIS/silent_speech_alignments/text_alignments/5-9/5-9_38_audio.TextGrid,3,A,1.65,1.76,0.1100000000000001,990,1056
1203,38,/Users/vedantdwivedi/Desktop/IRIS/emg_data/closed_vocab/silent/5-19_silent/38_emg.npy,/Users/vedantdwivedi/Desktop/IRIS/silent_speech_alignments/text_alignments/5-9/5-9_38_audio.TextGrid,4,BREATH,1.76,2.06,0.30000000000000004,1056,1236
1204,38,/Users/vedantdwivedi/Desktop/IRIS/emg_data/closed_vocab/silent/5-19_silent/38_emg.npy,/Users/vedantdwivedi/Desktop/IRIS/silent_speech_alignments/text_alignments/5-9/5-9_38_audio.TextGrid,5,OF,2.06,2.14,0.08000000000000007,1236,1284
1205,38,/Users/vedantdwivedi/Desktop/IRIS/emg_data/closed_vocab/silent/5-19_silent/38_emg.npy,/Users/vedantdwivedi/Desktop/IRIS/silent_speech_alignments/text_alignments/5-9/5-9_38_audio.TextGrid,6,WIND,2.14,2.42,0.2799999999999998,1284,1452
1206,38,/Users/vedantdwivedi/Desktop/IRIS/emg_data/closed_vocab/silent/5-19_silent/38_emg.npy,/Users/vedantdwivedi/Desktop/IRIS/silent_speech_alignments/text_alignments/5-9/5-9_38_audio.TextGrid,7,THIS,2.42,2.7,0.28000000000000025,1452,1620
1207,38,/Users/vedantdwivedi/Desktop/IRIS/emg_data/closed_vocab/silent/5-19_silent/38_emg.npy,/Users/vedantdwivedi/Desktop/IRIS/silent_speech_alignments/text_alignments/5-9/5-9_38_audio.TextGrid,8,MORNING,2.7,3.1,0.3999999999999999,1620,1860
1208,38,/Users/vedantdwivedi/Desktop/IRIS/emg_data/closed_vocab/silent/5-19_silent/38_emg.npy,/Users/vedantdwivedi/Desktop/IRIS/silent_speech_alignments/text_alignments/5-9/5-9_38_audio.TextGrid,9,AND,3.46,3.63,0.16999999999999993,2076,2178
1209,38,/Users/vedantdwivedi/Desktop/IRIS/emg_data/closed_vocab/silent/5-19_silent/38_emg.npy,/Users/vedantdwivedi/Desktop/IRIS/silent_speech_alignments/text_alignments/5-9/5-9_38_audio.TextGrid,10,EVERYTHING,3.63,4.08,0.4500000000000002,2178,2448
1210,38,/Users/vedantdwivedi/Desktop/IRIS/emg_data/closed_vocab/silent/5-19_silent/38_emg.npy,/Users/vedantdwivedi/Desktop/IRIS/silent_speech_alignments/text_alignments/5-9/5-9_38_audio.TextGrid,11,WAS,4.08,4.25,0.16999999999999993,2448,2550
1211,38,/Users/vedantdwivedi/Desktop/IRIS/emg_data/closed_vocab/silent/5-19_silent/38_emg.npy,/Users/vedantdwivedi/Desktop/IRIS/silent_speech_alignments/text_alignments/5-9/5-9_38_audio.TextGrid,12,STRANGELY,4.25,4.76,0.5099999999999998,2550,2856
1212,38,/Users/vedantdwivedi/Desktop/IRIS/emg_data/closed_vocab/silent/5-19_silent/38_emg.npy,/Users/vedantdwivedi/Desktop/IRIS/silent_speech_alignments/text_alignments/5-9/5-9_38_audio.TextGrid,13,STILL,4.76,5.31,0.5499999999999998,2856,3186
1213,39,/Users/vedantdwivedi/Desktop/IRIS/emg_data/closed_vocab/silent/5-19_silent/39_emg.npy,/Users/vedantdwivedi/Desktop/IRIS/silent_speech_alignments/text_alignments/5-9/5-9_39_audio.TextGrid,0,EVEN,0.94,1.17,0.22999999999999998,564,702
1214,39,/Users/vedantdwivedi/Desktop/IRIS/emg_data/closed_vocab/silent/5-19_silent/39_emg.npy,/Users/vedantdwivedi/Desktop/IRIS/silent_speech_alignments/text_alignments/5-9/5-9_39_audio.TextGrid,1,THE,1.17,1.28,0.1100000000000001,702,768
1215,39,/Users/vedantdwivedi/Desktop/IRIS/emg_data/closed_vocab/silent/5-19_silent/39_emg.npy,/Users/vedantdwivedi/Desktop/IRIS/silent_speech_alignments/text_alignments/5-9/5-9_39_audio.TextGrid,2,BIRDS,1.28,1.68,0.3999999999999999,768,1008
1216,39,/Users/vedantdwivedi/Desktop/IRIS/emg_data/closed_vocab/silent/5-19_silent/39_emg.npy,/Users/vedantdwivedi/Desktop/IRIS/silent_speech_alignments/text_alignments/5-9/5-9_39_audio.TextGrid,3,WERE,1.68,1.78,0.10000000000000009,1008,1068
1217,39,/Users/vedantdwivedi/Desktop/IRIS/emg_data/closed_vocab/silent/5-19_silent/39_emg.npy,/Users/vedantdwivedi/Desktop/IRIS/silent_speech_alignments/text_alignments/5-9/5-9_39_audio.TextGrid,4,HUSHED,1.78,2.28,0.4999999999999998,1068,1368
1218,39,/Users/vedantdwivedi/Desktop/IRIS/emg_data/closed_vocab/silent/5-19_silent/39_emg.npy,/Users/vedantdwivedi/Desktop/IRIS/silent_speech_alignments/text_alignments/5-9/5-9_39_audio.TextGrid,5,AND,2.73,2.91,0.18000000000000016,1638,1746
1219,39,/Users/vedantdwivedi/Desktop/IRIS/emg_data/closed_vocab/silent/5-19_silent/39_emg.npy,/Users/vedantdwivedi/Desktop/IRIS/silent_speech_alignments/text_alignments/5-9/5-9_39_audio.TextGrid,6,AS,2.91,3.03,0.11999999999999966,1746,1818
1220,39,/Users/vedantdwivedi/Desktop/IRIS/emg_data/closed_vocab/silent/5-19_silent/39_emg.npy,/Users/vedantdwivedi/Desktop/IRIS/silent_speech_alignments/text_alignments/5-9/5-9_39_audio.TextGrid,7,WE,3.03,3.12,0.0900000000000003,1818,1872
1221,39,/Users/vedantdwivedi/Desktop/IRIS/emg_data/closed_vocab/silent/5-19_silent/39_emg.npy,/Users/vedantdwivedi/Desktop/IRIS/silent_speech_alignments/text_alignments/5-9/5-9_39_audio.TextGrid,8,HURRIED,3.12,3.36,0.23999999999999977,1872,2016
1222,39,/Users/vedantdwivedi/Desktop/IRIS/emg_data/closed_vocab/silent/5-19_silent/39_emg.npy,/Users/vedantdwivedi/Desktop/IRIS/silent_speech_alignments/text_alignments/5-9/5-9_39_audio.TextGrid,9,ALONG,3.36,3.78,0.41999999999999993,2016,2268
1223,39,/Users/vedantdwivedi/Desktop/IRIS/emg_data/closed_vocab/silent/5-19_silent/39_emg.npy,/Users/vedantdwivedi/Desktop/IRIS/silent_speech_alignments/text_alignments/5-9/5-9_39_audio.TextGrid,10,I,4.13,4.34,0.20999999999999996,2478,2604
1224,39,/Users/vedantdwivedi/Desktop/IRIS/emg_data/closed_vocab/silent/5-19_silent/39_emg.npy,/Users/vedantdwivedi/Desktop/IRIS/silent_speech_alignments/text_alignments/5-9/5-9_39_audio.TextGrid,11,AND,4.34,4.43,0.08999999999999986,2604,2658
1225,39,/Users/vedantdwivedi/Desktop/IRIS/emg_data/closed_vocab/silent/5-19_silent/39_emg.npy,/Users/vedantdwivedi/Desktop/IRIS/silent_speech_alignments/text_alignments/5-9/5-9_39_audio.TextGrid,12,THE,4.43,4.5,0.07000000000000028,2658,2700
1226,39,/Users/vedantdwivedi/Desktop/IRIS/emg_data/closed_vocab/silent/5-19_silent/39_emg.npy,/Users/vedantdwivedi/Desktop/IRIS/silent_speech_alignments/text_alignments/5-9/5-9_39_audio.TextGrid,13,ARTILLERYMAN,4.5,5.29,0.79,2700,3174
1227,39,/Users/vedantdwivedi/Desktop/IRIS/emg_data/closed_vocab/silent/5-19_silent/39_emg.npy,/Users/vedantdwivedi/Desktop/IRIS/silent_speech_alignments/text_alignments/5-9/5-9_39_audio.TextGrid,14,TALKED,5.66,6.0,0.33999999999999986,3396,3462
1228,3,/Users/vedantdwivedi/Desktop/IRIS/emg_data/closed_vocab/silent/5-19_silent/3_emg.npy,/Users/vedantdwivedi/Desktop/IRIS/silent_speech_alignments/text_alignments/5-9/5-9_3_audio.TextGrid,0,AS,1.31,1.49,0.17999999999999994,786,894
1229,3,/Users/vedantdwivedi/Desktop/IRIS/emg_data/closed_vocab/silent/5-19_silent/3_emg.npy,/Users/vedantdwivedi/Desktop/IRIS/silent_speech_alignments/text_alignments/5-9/5-9_3_audio.TextGrid,1,THE,1.49,1.63,0.1399999999999999,894,978
1230,3,/Users/vedantdwivedi/Desktop/IRIS/emg_data/closed_vocab/silent/5-19_silent/3_emg.npy,/Users/vedantdwivedi/Desktop/IRIS/silent_speech_alignments/text_alignments/5-9/5-9_3_audio.TextGrid,2,DAWN,1.63,2.01,0.3799999999999999,978,1206
1231,3,/Users/vedantdwivedi/Desktop/IRIS/emg_data/closed_vocab/silent/5-19_silent/3_emg.npy,/Users/vedantdwivedi/Desktop/IRIS/silent_speech_alignments/text_alignments/5-9/5-9_3_audio.TextGrid,3,GREW,2.01,2.16,0.15000000000000036,1206,1296
1232,3,/Users/vedantdwivedi/Desktop/IRIS/emg_data/closed_vocab/silent/5-19_silent/3_emg.npy,/Users/vedantdwivedi/Desktop/IRIS/silent_speech_alignments/text_alignments/5-9/5-9_3_audio.TextGrid,4,BRIGHTER,2.16,2.7,0.54,1296,1620
1233,3,/Users/vedantdwivedi/Desktop/IRIS/emg_data/closed_vocab/silent/5-19_silent/3_emg.npy,/Users/vedantdwivedi/Desktop/IRIS/silent_speech_alignments/text_alignments/5-9/5-9_3_audio.TextGrid,5,WE,2.84,2.94,0.10000000000000009,1704,1764
1234,3,/Users/vedantdwivedi/Desktop/IRIS/emg_data/closed_vocab/silent/5-19_silent/3_emg.npy,/Users/vedantdwivedi/Desktop/IRIS/silent_speech_alignments/text_alignments/5-9/5-9_3_audio.TextGrid,6,WITHDREW,2.94,3.54,0.6000000000000001,1764,2124
1235,3,/Users/vedantdwivedi/Desktop/IRIS/emg_data/closed_vocab/silent/5-19_silent/3_emg.npy,/Users/vedantdwivedi/Desktop/IRIS/silent_speech_alignments/text_alignments/5-9/5-9_3_audio.TextGrid,7,FROM,3.54,3.68,0.14000000000000012,2124,2208
1236,3,/Users/vedantdwivedi/Desktop/IRIS/emg_data/closed_vocab/silent/5-19_silent/3_emg.npy,/Users/vedantdwivedi/Desktop/IRIS/silent_speech_alignments/text_alignments/5-9/5-9_3_audio.TextGrid,8,THE,3.68,3.74,0.06000000000000005,2208,2244
1237,3,/Users/vedantdwivedi/Desktop/IRIS/emg_data/closed_vocab/silent/5-19_silent/3_emg.npy,/Users/vedantdwivedi/Desktop/IRIS/silent_speech_alignments/text_alignments/5-9/5-9_3_audio.TextGrid,9,WINDOW,3.74,4.3,0.5599999999999996,2244,2580
1238,3,/Users/vedantdwivedi/Desktop/IRIS/emg_data/closed_vocab/silent/5-19_silent/3_emg.npy,/Users/vedantdwivedi/Desktop/IRIS/silent_speech_alignments/text_alignments/5-9/5-9_3_audio.TextGrid,10,FROM,4.33,4.5,0.16999999999999993,2598,2700
1239,3,/Users/vedantdwivedi/Desktop/IRIS/emg_data/closed_vocab/silent/5-19_silent/3_emg.npy,/Users/vedantdwivedi/Desktop/IRIS/silent_speech_alignments/text_alignments/5-9/5-9_3_audio.TextGrid,11,WHICH,4.5,4.8,0.2999999999999998,2700,2880
1240,3,/Users/vedantdwivedi/Desktop/IRIS/emg_data/closed_vocab/silent/5-19_silent/3_emg.npy,/Users/vedantdwivedi/Desktop/IRIS/silent_speech_alignments/text_alignments/5-9/5-9_3_audio.TextGrid,12,WE,4.8,4.88,0.08000000000000007,2880,2928
1241,3,/Users/vedantdwivedi/Desktop/IRIS/emg_data/closed_vocab/silent/5-19_silent/3_emg.npy,/Users/vedantdwivedi/Desktop/IRIS/silent_speech_alignments/text_alignments/5-9/5-9_3_audio.TextGrid,13,HAD,4.88,5.03,0.15000000000000036,2928,3018
1242,3,/Users/vedantdwivedi/Desktop/IRIS/emg_data/closed_vocab/silent/5-19_silent/3_emg.npy,/Users/vedantdwivedi/Desktop/IRIS/silent_speech_alignments/text_alignments/5-9/5-9_3_audio.TextGrid,14,WATCHED,5.03,5.52,0.4899999999999993,3018,3312
1243,3,/Users/vedantdwivedi/Desktop/IRIS/emg_data/closed_vocab/silent/5-19_silent/3_emg.npy,/Users/vedantdwivedi/Desktop/IRIS/silent_speech_alignments/text_alignments/5-9/5-9_3_audio.TextGrid,15,THE,5.52,5.61,0.09000000000000075,3312,3366
1244,3,/Users/vedantdwivedi/Desktop/IRIS/emg_data/closed_vocab/silent/5-19_silent/3_emg.npy,/Users/vedantdwivedi/Desktop/IRIS/silent_speech_alignments/text_alignments/5-9/5-9_3_audio.TextGrid,16,MARTIANS,5.61,6.36,0.75,3366,3420
1245,40,/Users/vedantdwivedi/Desktop/IRIS/emg_data/closed_vocab/silent/5-19_silent/40_emg.npy,/Users/vedantdwivedi/Desktop/IRIS/silent_speech_alignments/text_alignments/5-9/5-9_40_audio.TextGrid,0,ONCE,0.97,1.19,0.21999999999999997,582,714
1246,40,/Users/vedantdwivedi/Desktop/IRIS/emg_data/closed_vocab/silent/5-19_silent/40_emg.npy,/Users/vedantdwivedi/Desktop/IRIS/silent_speech_alignments/text_alignments/5-9/5-9_40_audio.TextGrid,1,OR,1.19,1.23,0.040000000000000036,714,738
1247,40,/Users/vedantdwivedi/Desktop/IRIS/emg_data/closed_vocab/silent/5-19_silent/40_emg.npy,/Users/vedantdwivedi/Desktop/IRIS/silent_speech_alignments/text_alignments/5-9/5-9_40_audio.TextGrid,2,TWICE,1.23,1.74,0.51,738,1044
1248,40,/Users/vedantdwivedi/Desktop/IRIS/emg_data/closed_vocab/silent/5-19_silent/40_emg.npy,/Users/vedantdwivedi/Desktop/IRIS/silent_speech_alignments/text_alignments/5-9/5-9_40_audio.TextGrid,3,WE,1.74,1.91,0.16999999999999993,1044,1146
1249,40,/Users/vedantdwivedi/Desktop/IRIS/emg_data/closed_vocab/silent/5-19_silent/40_emg.npy,/Users/vedantdwivedi/Desktop/IRIS/silent_speech_alignments/text_alignments/5-9/5-9_40_audio.TextGrid,4,STOPPED,1.91,2.22,0.3100000000000003,1146,1332
1250,40,/Users/vedantdwivedi/Desktop/IRIS/emg_data/closed_vocab/silent/5-19_silent/40_emg.npy,/Users/vedantdwivedi/Desktop/IRIS/silent_speech_alignments/text_alignments/5-9/5-9_40_audio.TextGrid,5,TO,2.29,2.41,0.1200000000000001,1374,1446
1251,40,/Users/vedantdwivedi/Desktop/IRIS/emg_data/closed_vocab/silent/5-19_silent/40_emg.npy,/Users/vedantdwivedi/Desktop/IRIS/silent_speech_alignments/text_alignments/5-9/5-9_40_audio.TextGrid,6,LISTEN,2.41,2.87,0.45999999999999996,1446,1722
1252,45,/Users/vedantdwivedi/Desktop/IRIS/emg_data/closed_vocab/silent/5-19_silent/45_emg.npy,/Users/vedantdwivedi/Desktop/IRIS/silent_speech_alignments/text_alignments/5-9/5-9_45_audio.TextGrid,0,AFTER,1.2,1.53,0.33000000000000007,720,918
1253,45,/Users/vedantdwivedi/Desktop/IRIS/emg_data/closed_vocab/silent/5-19_silent/45_emg.npy,/Users/vedantdwivedi/Desktop/IRIS/silent_speech_alignments/text_alignments/5-9/5-9_45_audio.TextGrid,1,A,1.53,1.6,0.07000000000000006,918,960
1254,45,/Users/vedantdwivedi/Desktop/IRIS/emg_data/closed_vocab/silent/5-19_silent/45_emg.npy,/Users/vedantdwivedi/Desktop/IRIS/silent_speech_alignments/text_alignments/5-9/5-9_45_audio.TextGrid,2,TIME,1.6,2.06,0.45999999999999996,960,1236
1255,45,/Users/vedantdwivedi/Desktop/IRIS/emg_data/closed_vocab/silent/5-19_silent/45_emg.npy,/Users/vedantdwivedi/Desktop/IRIS/silent_speech_alignments/text_alignments/5-9/5-9_45_audio.TextGrid,3,WE,2.09,2.26,0.16999999999999993,1254,1356
1256,45,/Users/vedantdwivedi/Desktop/IRIS/emg_data/closed_vocab/silent/5-19_silent/45_emg.npy,/Users/vedantdwivedi/Desktop/IRIS/silent_speech_alignments/text_alignments/5-9/5-9_45_audio.TextGrid,4,DREW,2.26,2.56,0.30000000000000027,1356,1536
1257,45,/Users/vedantdwivedi/Desktop/IRIS/emg_data/closed_vocab/silent/5-19_silent/45_emg.npy,/Users/vedantdwivedi/Desktop/IRIS/silent_speech_alignments/text_alignments/5-9/5-9_45_audio.TextGrid,5,NEAR,2.56,2.71,0.1499999999999999,1536,1626
1258,45,/Users/vedantdwivedi/Desktop/IRIS/emg_data/closed_vocab/silent/5-19_silent/45_emg.npy,/Users/vedantdwivedi/Desktop/IRIS/silent_speech_alignments/text_alignments/5-9/5-9_45_audio.TextGrid,6,THE,2.71,2.83,0.1200000000000001,1626,1698
1259,45,/Users/vedantdwivedi/Desktop/IRIS/emg_data/closed_vocab/silent/5-19_silent/45_emg.npy,/Users/vedantdwivedi/Desktop/IRIS/silent_speech_alignments/text_alignments/5-9/5-9_45_audio.TextGrid,7,ROAD,2.83,3.21,0.3799999999999999,1698,1926
1260,45,/Users/vedantdwivedi/Desktop/IRIS/emg_data/closed_vocab/silent/5-19_silent/45_emg.npy,/Users/vedantdwivedi/Desktop/IRIS/silent_speech_alignments/text_alignments/5-9/5-9_45_audio.TextGrid,8,AND,3.83,4.02,0.1899999999999995,2298,2412
1261,45,/Users/vedantdwivedi/Desktop/IRIS/emg_data/closed_vocab/silent/5-19_silent/45_emg.npy,/Users/vedantdwivedi/Desktop/IRIS/silent_speech_alignments/text_alignments/5-9/5-9_45_audio.TextGrid,9,AS,4.02,4.23,0.21000000000000085,2412,2538
1262,45,/Users/vedantdwivedi/Desktop/IRIS/emg_data/closed_vocab/silent/5-19_silent/45_emg.npy,/Users/vedantdwivedi/Desktop/IRIS/silent_speech_alignments/text_alignments/5-9/5-9_45_audio.TextGrid,10,WE,4.23,4.35,0.11999999999999922,2538,2610
1263,45,/Users/vedantdwivedi/Desktop/IRIS/emg_data/closed_vocab/silent/5-19_silent/45_emg.npy,/Users/vedantdwivedi/Desktop/IRIS/silent_speech_alignments/text_alignments/5-9/5-9_45_audio.TextGrid,11,DID,4.35,4.55,0.20000000000000018,2610,2718
1264,46,/Users/vedantdwivedi/Desktop/IRIS/emg_data/closed_vocab/silent/5-19_silent/46_emg.npy,/Users/vedantdwivedi/Desktop/IRIS/silent_speech_alignments/text_alignments/5-9/5-9_46_audio.TextGrid,0,WE,1.01,1.13,0.11999999999999988,606,678
1265,46,/Users/vedantdwivedi/Desktop/IRIS/emg_data/closed_vocab/silent/5-19_silent/46_emg.npy,/Users/vedantdwivedi/Desktop/IRIS/silent_speech_alignments/text_alignments/5-9/5-9_46_audio.TextGrid,1,HAILED,1.13,1.45,0.32000000000000006,678,870
1266,46,/Users/vedantdwivedi/Desktop/IRIS/emg_data/closed_vocab/silent/5-19_silent/46_emg.npy,/Users/vedantdwivedi/Desktop/IRIS/silent_speech_alignments/text_alignments/5-9/5-9_46_audio.TextGrid,2,THEM,1.45,1.77,0.32000000000000006,870,1062
1267,46,/Users/vedantdwivedi/Desktop/IRIS/emg_data/closed_vocab/silent/5-19_silent/46_emg.npy,/Users/vedantdwivedi/Desktop/IRIS/silent_speech_alignments/text_alignments/5-9/5-9_46_audio.TextGrid,3,AND,2.17,2.33,0.16000000000000014,1302,1398
1268,46,/Users/vedantdwivedi/Desktop/IRIS/emg_data/closed_vocab/silent/5-19_silent/46_emg.npy,/Users/vedantdwivedi/Desktop/IRIS/silent_speech_alignments/text_alignments/5-9/5-9_46_audio.TextGrid,4,THEY,2.33,2.45,0.1200000000000001,1398,1470
1269,46,/Users/vedantdwivedi/Desktop/IRIS/emg_data/closed_vocab/silent/5-19_silent/46_emg.npy,/Users/vedantdwivedi/Desktop/IRIS/silent_speech_alignments/text_alignments/5-9/5-9_46_audio.TextGrid,5,HALTED,2.45,2.93,0.48,1470,1758
1270,46,/Users/vedantdwivedi/Desktop/IRIS/emg_data/closed_vocab/silent/5-19_silent/46_emg.npy,/Users/vedantdwivedi/Desktop/IRIS/silent_speech_alignments/text_alignments/5-9/5-9_46_audio.TextGrid,6,WHILE,3.13,3.26,0.1299999999999999,1878,1956
1271,46,/Users/vedantdwivedi/Desktop/IRIS/emg_data/closed_vocab/silent/5-19_silent/46_emg.npy,/Users/vedantdwivedi/Desktop/IRIS/silent_speech_alignments/text_alignments/5-9/5-9_46_audio.TextGrid,7,WE,3.26,3.37,0.11000000000000032,1956,2022
1272,46,/Users/vedantdwivedi/Desktop/IRIS/emg_data/closed_vocab/silent/5-19_silent/46_emg.npy,/Users/vedantdwivedi/Desktop/IRIS/silent_speech_alignments/text_alignments/5-9/5-9_46_audio.TextGrid,8,HURRIED,3.37,3.8,0.4299999999999997,2022,2280
1273,46,/Users/vedantdwivedi/Desktop/IRIS/emg_data/closed_vocab/silent/5-19_silent/46_emg.npy,/Users/vedantdwivedi/Desktop/IRIS/silent_speech_alignments/text_alignments/5-9/5-9_46_audio.TextGrid,9,TOWARDS,3.8,4.11,0.3100000000000005,2280,2466
1274,46,/Users/vedantdwivedi/Desktop/IRIS/emg_data/closed_vocab/silent/5-19_silent/46_emg.npy,/Users/vedantdwivedi/Desktop/IRIS/silent_speech_alignments/text_alignments/5-9/5-9_46_audio.TextGrid,10,THEM,4.11,4.4,0.29000000000000004,2466,2640
1275,49,/Users/vedantdwivedi/Desktop/IRIS/emg_data/closed_vocab/silent/5-19_silent/49_emg.npy,/Users/vedantdwivedi/Desktop/IRIS/silent_speech_alignments/text_alignments/5-9/5-9_49_audio.TextGrid,0,IT,0.83,0.96,0.13,498,576
1276,49,/Users/vedantdwivedi/Desktop/IRIS/emg_data/closed_vocab/silent/5-19_silent/49_emg.npy,/Users/vedantdwivedi/Desktop/IRIS/silent_speech_alignments/text_alignments/5-9/5-9_49_audio.TextGrid,1,WAS,0.96,1.07,0.1100000000000001,576,642
1277,49,/Users/vedantdwivedi/Desktop/IRIS/emg_data/closed_vocab/silent/5-19_silent/49_emg.npy,/Users/vedantdwivedi/Desktop/IRIS/silent_speech_alignments/text_alignments/5-9/5-9_49_audio.TextGrid,2,A,1.07,1.11,0.040000000000000036,642,666
1278,49,/Users/vedantdwivedi/Desktop/IRIS/emg_data/closed_vocab/silent/5-19_silent/49_emg.npy,/Users/vedantdwivedi/Desktop/IRIS/silent_speech_alignments/text_alignments/5-9/5-9_49_audio.TextGrid,3,LIEUTENANT,1.11,1.69,0.5799999999999998,666,1014
1279,49,/Users/vedantdwivedi/Desktop/IRIS/emg_data/closed_vocab/silent/5-19_silent/49_emg.npy,/Users/vedantdwivedi/Desktop/IRIS/silent_speech_alignments/text_alignments/5-9/5-9_49_audio.TextGrid,4,AND,1.8,1.93,0.1299999999999999,1080,1158
1280,49,/Users/vedantdwivedi/Desktop/IRIS/emg_data/closed_vocab/silent/5-19_silent/49_emg.npy,/Users/vedantdwivedi/Desktop/IRIS/silent_speech_alignments/text_alignments/5-9/5-9_49_audio.TextGrid,5,A,1.93,2.0,0.07000000000000006,1158,1200
1281,49,/Users/vedantdwivedi/Desktop/IRIS/emg_data/closed_vocab/silent/5-19_silent/49_emg.npy,/Users/vedantdwivedi/Desktop/IRIS/silent_speech_alignments/text_alignments/5-9/5-9_49_audio.TextGrid,6,COUPLE,2.0,2.29,0.29000000000000004,1200,1374
1282,49,/Users/vedantdwivedi/Desktop/IRIS/emg_data/closed_vocab/silent/5-19_silent/49_emg.npy,/Users/vedantdwivedi/Desktop/IRIS/silent_speech_alignments/text_alignments/5-9/5-9_49_audio.TextGrid,7,OF,2.29,2.45,0.16000000000000014,1374,1470
1283,49,/Users/vedantdwivedi/Desktop/IRIS/emg_data/closed_vocab/silent/5-19_silent/49_emg.npy,/Users/vedantdwivedi/Desktop/IRIS/silent_speech_alignments/text_alignments/5-9/5-9_49_audio.TextGrid,8,PRIVATES,2.45,3.09,0.6399999999999997,1470,1854
1284,49,/Users/vedantdwivedi/Desktop/IRIS/emg_data/closed_vocab/silent/5-19_silent/49_emg.npy,/Users/vedantdwivedi/Desktop/IRIS/silent_speech_alignments/text_alignments/5-9/5-9_49_audio.TextGrid,9,OF,3.12,3.22,0.10000000000000009,1872,1932
1285,49,/Users/vedantdwivedi/Desktop/IRIS/emg_data/closed_vocab/silent/5-19_silent/49_emg.npy,/Users/vedantdwivedi/Desktop/IRIS/silent_speech_alignments/text_alignments/5-9/5-9_49_audio.TextGrid,10,THE,3.22,3.39,0.16999999999999993,1932,2034
1286,49,/Users/vedantdwivedi/Desktop/IRIS/emg_data/closed_vocab/silent/5-19_silent/49_emg.npy,/Users/vedantdwivedi/Desktop/IRIS/silent_speech_alignments/text_alignments/5-9/5-9_49_audio.TextGrid,11,<UNK>,3.43,3.69,0.2599999999999998,2058,2214
1287,49,/Users/vedantdwivedi/Desktop/IRIS/emg_data/closed_vocab/silent/5-19_silent/49_emg.npy,/Users/vedantdwivedi/Desktop/IRIS/silent_speech_alignments/text_alignments/5-9/5-9_49_audio.TextGrid,12,HUSSARS,3.85,4.61,0.7600000000000002,2310,2766
1288,49,/Users/vedantdwivedi/Desktop/IRIS/emg_data/closed_vocab/silent/5-19_silent/49_emg.npy,/Users/vedantdwivedi/Desktop/IRIS/silent_speech_alignments/text_alignments/5-9/5-9_49_audio.TextGrid,13,WITH,5.27,5.41,0.14000000000000057,3162,3246
1289,49,/Users/vedantdwivedi/Desktop/IRIS/emg_data/closed_vocab/silent/5-19_silent/49_emg.npy,/Users/vedantdwivedi/Desktop/IRIS/silent_speech_alignments/text_alignments/5-9/5-9_49_audio.TextGrid,14,A,5.41,5.5,0.08999999999999986,3246,3300
1290,49,/Users/vedantdwivedi/Desktop/IRIS/emg_data/closed_vocab/silent/5-19_silent/49_emg.npy,/Users/vedantdwivedi/Desktop/IRIS/silent_speech_alignments/text_alignments/5-9/5-9_49_audio.TextGrid,15,STAND,5.5,6.25,0.75,3300,3498
1291,50,/Users/vedantdwivedi/Desktop/IRIS/emg_data/closed_vocab/silent/5-19_silent/50_emg.npy,/Users/vedantdwivedi/Desktop/IRIS/silent_speech_alignments/text_alignments/5-9/5-9_50_audio.TextGrid,0,YOU,1.12,1.23,0.10999999999999988,672,738
1292,50,/Users/vedantdwivedi/Desktop/IRIS/emg_data/closed_vocab/silent/5-19_silent/50_emg.npy,/Users/vedantdwivedi/Desktop/IRIS/silent_speech_alignments/text_alignments/5-9/5-9_50_audio.TextGrid,1,ARE,1.23,1.29,0.06000000000000005,738,774
1293,50,/Users/vedantdwivedi/Desktop/IRIS/emg_data/closed_vocab/silent/5-19_silent/50_emg.npy,/Users/vedantdwivedi/Desktop/IRIS/silent_speech_alignments/text_alignments/5-9/5-9_50_audio.TextGrid,2,THE,1.29,1.4,0.10999999999999988,774,840
1294,50,/Users/vedantdwivedi/Desktop/IRIS/emg_data/closed_vocab/silent/5-19_silent/50_emg.npy,/Users/vedantdwivedi/Desktop/IRIS/silent_speech_alignments/text_alignments/5-9/5-9_50_audio.TextGrid,3,FIRST,1.4,1.79,0.3900000000000001,840,1074
1295,50,/Users/vedantdwivedi/Desktop/IRIS/emg_data/closed_vocab/silent/5-19_silent/50_emg.npy,/Users/vedantdwivedi/Desktop/IRIS/silent_speech_alignments/text_alignments/5-9/5-9_50_audio.TextGrid,4,MEN,1.79,2.14,0.3500000000000001,1074,1284
1296,50,/Users/vedantdwivedi/Desktop/IRIS/emg_data/closed_vocab/silent/5-19_silent/50_emg.npy,/Users/vedantdwivedi/Desktop/IRIS/silent_speech_alignments/text_alignments/5-9/5-9_50_audio.TextGrid,5,I'VE,2.25,2.47,0.2200000000000002,1350,1482
1297,50,/Users/vedantdwivedi/Desktop/IRIS/emg_data/closed_vocab/silent/5-19_silent/50_emg.npy,/Users/vedantdwivedi/Desktop/IRIS/silent_speech_alignments/text_alignments/5-9/5-9_50_audio.TextGrid,6,SEEN,2.47,2.73,0.2599999999999998,1482,1638
1298,50,/Users/vedantdwivedi/Desktop/IRIS/emg_data/closed_vocab/silent/5-19_silent/50_emg.npy,/Users/vedantdwivedi/Desktop/IRIS/silent_speech_alignments/text_alignments/5-9/5-9_50_audio.TextGrid,7,COMING,2.73,3.01,0.2799999999999998,1638,1806
1299,50,/Users/vedantdwivedi/Desktop/IRIS/emg_data/closed_vocab/silent/5-19_silent/50_emg.npy,/Users/vedantdwivedi/Desktop/IRIS/silent_speech_alignments/text_alignments/5-9/5-9_50_audio.TextGrid,8,THIS,3.01,3.17,0.16000000000000014,1806,1902
1300,50,/Users/vedantdwivedi/Desktop/IRIS/emg_data/closed_vocab/silent/5-19_silent/50_emg.npy,/Users/vedantdwivedi/Desktop/IRIS/silent_speech_alignments/text_alignments/5-9/5-9_50_audio.TextGrid,9,WAY,3.17,3.35,0.18000000000000016,1902,2010
1301,50,/Users/vedantdwivedi/Desktop/IRIS/emg_data/closed_vocab/silent/5-19_silent/50_emg.npy,/Users/vedantdwivedi/Desktop/IRIS/silent_speech_alignments/text_alignments/5-9/5-9_50_audio.TextGrid,10,THIS,3.35,3.54,0.18999999999999995,2010,2124
1302,50,/Users/vedantdwivedi/Desktop/IRIS/emg_data/closed_vocab/silent/5-19_silent/50_emg.npy,/Users/vedantdwivedi/Desktop/IRIS/silent_speech_alignments/text_alignments/5-9/5-9_50_audio.TextGrid,11,MORNING,3.54,3.97,0.43000000000000016,2124,2382
1303,50,/Users/vedantdwivedi/Desktop/IRIS/emg_data/closed_vocab/silent/5-19_silent/50_emg.npy,/Users/vedantdwivedi/Desktop/IRIS/silent_speech_alignments/text_alignments/5-9/5-9_50_audio.TextGrid,12,SAID,4.45,4.63,0.17999999999999972,2670,2778
1304,50,/Users/vedantdwivedi/Desktop/IRIS/emg_data/closed_vocab/silent/5-19_silent/50_emg.npy,/Users/vedantdwivedi/Desktop/IRIS/silent_speech_alignments/text_alignments/5-9/5-9_50_audio.TextGrid,13,THE,4.63,4.69,0.0600000000000005,2778,2814
1305,51,/Users/vedantdwivedi/Desktop/IRIS/emg_data/closed_vocab/silent/5-19_silent/51_emg.npy,/Users/vedantdwivedi/Desktop/IRIS/silent_speech_alignments/text_alignments/5-9/5-9_51_audio.TextGrid,0,WHAT'S,0.8,1.12,0.32000000000000006,480,672
1306,51,/Users/vedantdwivedi/Desktop/IRIS/emg_data/closed_vocab/silent/5-19_silent/51_emg.npy,/Users/vedantdwivedi/Desktop/IRIS/silent_speech_alignments/text_alignments/5-9/5-9_51_audio.TextGrid,1,BREWING,1.12,1.66,0.5399999999999998,672,996
1307,52,/Users/vedantdwivedi/Desktop/IRIS/emg_data/closed_vocab/silent/5-19_silent/52_emg.npy,/Users/vedantdwivedi/Desktop/IRIS/silent_speech_alignments/text_alignments/5-9/5-9_52_audio.TextGrid,0,HIS,0.83,1.03,0.20000000000000007,498,618
1308,52,/Users/vedantdwivedi/Desktop/IRIS/emg_data/closed_vocab/silent/5-19_silent/52_emg.npy,/Users/vedantdwivedi/Desktop/IRIS/silent_speech_alignments/text_alignments/5-9/5-9_52_audio.TextGrid,1,VOICE,1.03,1.5,0.47,618,900
1309,52,/Users/vedantdwivedi/Desktop/IRIS/emg_data/closed_vocab/silent/5-19_silent/52_emg.npy,/Users/vedantdwivedi/Desktop/IRIS/silent_speech_alignments/text_alignments/5-9/5-9_52_audio.TextGrid,2,AND,1.57,1.79,0.21999999999999997,942,1074
1310,52,/Users/vedantdwivedi/Desktop/IRIS/emg_data/closed_vocab/silent/5-19_silent/52_emg.npy,/Users/vedantdwivedi/Desktop/IRIS/silent_speech_alignments/text_alignments/5-9/5-9_52_audio.TextGrid,3,FACE,1.79,2.19,0.3999999999999999,1074,1314
1311,52,/Users/vedantdwivedi/Desktop/IRIS/emg_data/closed_vocab/silent/5-19_silent/52_emg.npy,/Users/vedantdwivedi/Desktop/IRIS/silent_speech_alignments/text_alignments/5-9/5-9_52_audio.TextGrid,4,WERE,2.19,2.39,0.20000000000000018,1314,1434
1312,52,/Users/vedantdwivedi/Desktop/IRIS/emg_data/closed_vocab/silent/5-19_silent/52_emg.npy,/Users/vedantdwivedi/Desktop/IRIS/silent_speech_alignments/text_alignments/5-9/5-9_52_audio.TextGrid,5,EAGER,2.39,2.8,0.4099999999999997,1434,1680
1313,53,/Users/vedantdwivedi/Desktop/IRIS/emg_data/closed_vocab/silent/5-19_silent/53_emg.npy,/Users/vedantdwivedi/Desktop/IRIS/silent_speech_alignments/text_alignments/5-9/5-9_53_audio.TextGrid,0,THE,0.98,1.09,0.1100000000000001,588,654
1314,53,/Users/vedantdwivedi/Desktop/IRIS/emg_data/closed_vocab/silent/5-19_silent/53_emg.npy,/Users/vedantdwivedi/Desktop/IRIS/silent_speech_alignments/text_alignments/5-9/5-9_53_audio.TextGrid,1,MEN,1.09,1.3,0.20999999999999996,654,780
1315,53,/Users/vedantdwivedi/Desktop/IRIS/emg_data/closed_vocab/silent/5-19_silent/53_emg.npy,/Users/vedantdwivedi/Desktop/IRIS/silent_speech_alignments/text_alignments/5-9/5-9_53_audio.TextGrid,2,BEHIND,1.3,1.64,0.33999999999999986,780,984
1316,53,/Users/vedantdwivedi/Desktop/IRIS/emg_data/closed_vocab/silent/5-19_silent/53_emg.npy,/Users/vedantdwivedi/Desktop/IRIS/silent_speech_alignments/text_alignments/5-9/5-9_53_audio.TextGrid,3,HIM,1.64,1.99,0.3500000000000001,984,1194
1317,53,/Users/vedantdwivedi/Desktop/IRIS/emg_data/closed_vocab/silent/5-19_silent/53_emg.npy,/Users/vedantdwivedi/Desktop/IRIS/silent_speech_alignments/text_alignments/5-9/5-9_53_audio.TextGrid,4,STARED,2.02,2.44,0.41999999999999993,1212,1464
1318,53,/Users/vedantdwivedi/Desktop/IRIS/emg_data/closed_vocab/silent/5-19_silent/53_emg.npy,/Users/vedantdwivedi/Desktop/IRIS/silent_speech_alignments/text_alignments/5-9/5-9_53_audio.TextGrid,5,CURIOUSLY,2.44,3.2,0.7600000000000002,1464,1920
1319,54,/Users/vedantdwivedi/Desktop/IRIS/emg_data/closed_vocab/silent/5-19_silent/54_emg.npy,/Users/vedantdwivedi/Desktop/IRIS/silent_speech_alignments/text_alignments/5-9/5-9_54_audio.TextGrid,0,THE,1.0,1.1,0.10000000000000009,600,660
1320,54,/Users/vedantdwivedi/Desktop/IRIS/emg_data/closed_vocab/silent/5-19_silent/54_emg.npy,/Users/vedantdwivedi/Desktop/IRIS/silent_speech_alignments/text_alignments/5-9/5-9_54_audio.TextGrid,1,ARTILLERYMAN,1.1,1.88,0.7799999999999998,660,1128
1321,54,/Users/vedantdwivedi/Desktop/IRIS/emg_data/closed_vocab/silent/5-19_silent/54_emg.npy,/Users/vedantdwivedi/Desktop/IRIS/silent_speech_alignments/text_alignments/5-9/5-9_54_audio.TextGrid,2,JUMPED,1.91,2.27,0.3600000000000001,1146,1362
1322,54,/Users/vedantdwivedi/Desktop/IRIS/emg_data/closed_vocab/silent/5-19_silent/54_emg.npy,/Users/vedantdwivedi/Desktop/IRIS/silent_speech_alignments/text_alignments/5-9/5-9_54_audio.TextGrid,3,DOWN,2.27,2.56,0.29000000000000004,1362,1536
1323,54,/Users/vedantdwivedi/Desktop/IRIS/emg_data/closed_vocab/silent/5-19_silent/54_emg.npy,/Users/vedantdwivedi/Desktop/IRIS/silent_speech_alignments/text_alignments/5-9/5-9_54_audio.TextGrid,4,THE,2.56,2.64,0.08000000000000007,1536,1584
1324,54,/Users/vedantdwivedi/Desktop/IRIS/emg_data/closed_vocab/silent/5-19_silent/54_emg.npy,/Users/vedantdwivedi/Desktop/IRIS/silent_speech_alignments/text_alignments/5-9/5-9_54_audio.TextGrid,5,BANK,2.64,3.05,0.4099999999999997,1584,1830
1325,54,/Users/vedantdwivedi/Desktop/IRIS/emg_data/closed_vocab/silent/5-19_silent/54_emg.npy,/Users/vedantdwivedi/Desktop/IRIS/silent_speech_alignments/text_alignments/5-9/5-9_54_audio.TextGrid,6,INTO,3.29,3.47,0.18000000000000016,1974,2082
1326,54,/Users/vedantdwivedi/Desktop/IRIS/emg_data/closed_vocab/silent/5-19_silent/54_emg.npy,/Users/vedantdwivedi/Desktop/IRIS/silent_speech_alignments/text_alignments/5-9/5-9_54_audio.TextGrid,7,THE,3.47,3.59,0.11999999999999966,2082,2154
1327,54,/Users/vedantdwivedi/Desktop/IRIS/emg_data/closed_vocab/silent/5-19_silent/54_emg.npy,/Users/vedantdwivedi/Desktop/IRIS/silent_speech_alignments/text_alignments/5-9/5-9_54_audio.TextGrid,8,ROAD,3.59,3.97,0.38000000000000034,2154,2382
1328,54,/Users/vedantdwivedi/Desktop/IRIS/emg_data/closed_vocab/silent/5-19_silent/54_emg.npy,/Users/vedantdwivedi/Desktop/IRIS/silent_speech_alignments/text_alignments/5-9/5-9_54_audio.TextGrid,9,AND,3.97,4.08,0.10999999999999988,2382,2448
1329,54,/Users/vedantdwivedi/Desktop/IRIS/emg_data/closed_vocab/silent/5-19_silent/54_emg.npy,/Users/vedantdwivedi/Desktop/IRIS/silent_speech_alignments/text_alignments/5-9/5-9_54_audio.TextGrid,10,SALUTED,4.08,4.62,0.54,2448,2604
1330,55,/Users/vedantdwivedi/Desktop/IRIS/emg_data/closed_vocab/silent/5-19_silent/55_emg.npy,/Users/vedantdwivedi/Desktop/IRIS/silent_speech_alignments/text_alignments/5-9/5-9_55_audio.TextGrid,0,GUN,0.85,1.11,0.2600000000000001,510,666
1331,55,/Users/vedantdwivedi/Desktop/IRIS/emg_data/closed_vocab/silent/5-19_silent/55_emg.npy,/Users/vedantdwivedi/Desktop/IRIS/silent_speech_alignments/text_alignments/5-9/5-9_55_audio.TextGrid,1,DESTROYED,1.11,1.56,0.44999999999999996,666,936
1332,55,/Users/vedantdwivedi/Desktop/IRIS/emg_data/closed_vocab/silent/5-19_silent/55_emg.npy,/Users/vedantdwivedi/Desktop/IRIS/silent_speech_alignments/text_alignments/5-9/5-9_55_audio.TextGrid,2,LAST,1.56,1.86,0.30000000000000004,936,1116
1333,55,/Users/vedantdwivedi/Desktop/IRIS/emg_data/closed_vocab/silent/5-19_silent/55_emg.npy,/Users/vedantdwivedi/Desktop/IRIS/silent_speech_alignments/text_alignments/5-9/5-9_55_audio.TextGrid,3,NIGHT,1.86,2.08,0.21999999999999997,1116,1248
1334,55,/Users/vedantdwivedi/Desktop/IRIS/emg_data/closed_vocab/silent/5-19_silent/55_emg.npy,/Users/vedantdwivedi/Desktop/IRIS/silent_speech_alignments/text_alignments/5-9/5-9_55_audio.TextGrid,4,SIR,2.08,2.42,0.33999999999999986,1248,1452
1335,56,/Users/vedantdwivedi/Desktop/IRIS/emg_data/closed_vocab/silent/5-19_silent/56_emg.npy,/Users/vedantdwivedi/Desktop/IRIS/silent_speech_alignments/text_alignments/5-9/5-9_56_audio.TextGrid,0,HAVE,1.02,1.25,0.22999999999999998,612,750
1336,56,/Users/vedantdwivedi/Desktop/IRIS/emg_data/closed_vocab/silent/5-19_silent/56_emg.npy,/Users/vedantdwivedi/Desktop/IRIS/silent_speech_alignments/text_alignments/5-9/5-9_56_audio.TextGrid,1,BEEN,1.25,1.38,0.1299999999999999,750,828
1337,56,/Users/vedantdwivedi/Desktop/IRIS/emg_data/closed_vocab/silent/5-19_silent/56_emg.npy,/Users/vedantdwivedi/Desktop/IRIS/silent_speech_alignments/text_alignments/5-9/5-9_56_audio.TextGrid,2,HIDING,1.38,1.94,0.56,828,1164
1338,57,/Users/vedantdwivedi/Desktop/IRIS/emg_data/closed_vocab/silent/5-19_silent/57_emg.npy,/Users/vedantdwivedi/Desktop/IRIS/silent_speech_alignments/text_alignments/5-9/5-9_57_audio.TextGrid,0,TRYING,0.86,1.2,0.33999999999999997,516,720
1339,57,/Users/vedantdwivedi/Desktop/IRIS/emg_data/closed_vocab/silent/5-19_silent/57_emg.npy,/Users/vedantdwivedi/Desktop/IRIS/silent_speech_alignments/text_alignments/5-9/5-9_57_audio.TextGrid,1,TO,1.2,1.31,0.1100000000000001,720,786
1340,57,/Users/vedantdwivedi/Desktop/IRIS/emg_data/closed_vocab/silent/5-19_silent/57_emg.npy,/Users/vedantdwivedi/Desktop/IRIS/silent_speech_alignments/text_alignments/5-9/5-9_57_audio.TextGrid,2,REJOIN,1.31,1.71,0.3999999999999999,786,1026
1341,57,/Users/vedantdwivedi/Desktop/IRIS/emg_data/closed_vocab/silent/5-19_silent/57_emg.npy,/Users/vedantdwivedi/Desktop/IRIS/silent_speech_alignments/text_alignments/5-9/5-9_57_audio.TextGrid,3,BATTERY,1.71,2.13,0.41999999999999993,1026,1278
1342,57,/Users/vedantdwivedi/Desktop/IRIS/emg_data/closed_vocab/silent/5-19_silent/57_emg.npy,/Users/vedantdwivedi/Desktop/IRIS/silent_speech_alignments/text_alignments/5-9/5-9_57_audio.TextGrid,4,SIR,2.13,2.49,0.3600000000000003,1278,1494
1343,58,/Users/vedantdwivedi/Desktop/IRIS/emg_data/closed_vocab/silent/5-19_silent/58_emg.npy,/Users/vedantdwivedi/Desktop/IRIS/silent_speech_alignments/text_alignments/5-9/5-9_58_audio.TextGrid,0,YOU'LL,0.91,1.08,0.17000000000000004,546,648
1344,58,/Users/vedantdwivedi/Desktop/IRIS/emg_data/closed_vocab/silent/5-19_silent/58_emg.npy,/Users/vedantdwivedi/Desktop/IRIS/silent_speech_alignments/text_alignments/5-9/5-9_58_audio.TextGrid,1,COME,1.08,1.32,0.24,648,792
1345,58,/Users/vedantdwivedi/Desktop/IRIS/emg_data/closed_vocab/silent/5-19_silent/58_emg.npy,/Users/vedantdwivedi/Desktop/IRIS/silent_speech_alignments/text_alignments/5-9/5-9_58_audio.TextGrid,2,IN,1.32,1.42,0.09999999999999987,792,852
1346,58,/Users/vedantdwivedi/Desktop/IRIS/emg_data/closed_vocab/silent/5-19_silent/58_emg.npy,/Users/vedantdwivedi/Desktop/IRIS/silent_speech_alignments/text_alignments/5-9/5-9_58_audio.TextGrid,3,SIGHT,1.42,1.78,0.3600000000000001,852,1068
1347,58,/Users/vedantdwivedi/Desktop/IRIS/emg_data/closed_vocab/silent/5-19_silent/58_emg.npy,/Users/vedantdwivedi/Desktop/IRIS/silent_speech_alignments/text_alignments/5-9/5-9_58_audio.TextGrid,4,OF,1.78,1.86,0.08000000000000007,1068,1116
1348,58,/Users/vedantdwivedi/Desktop/IRIS/emg_data/closed_vocab/silent/5-19_silent/58_emg.npy,/Users/vedantdwivedi/Desktop/IRIS/silent_speech_alignments/text_alignments/5-9/5-9_58_audio.TextGrid,5,THE,1.86,1.95,0.08999999999999986,1116,1170
1349,58,/Users/vedantdwivedi/Desktop/IRIS/emg_data/closed_vocab/silent/5-19_silent/58_emg.npy,/Users/vedantdwivedi/Desktop/IRIS/silent_speech_alignments/text_alignments/5-9/5-9_58_audio.TextGrid,6,MARTIANS,1.95,2.38,0.42999999999999994,1170,1428
1350,58,/Users/vedantdwivedi/Desktop/IRIS/emg_data/closed_vocab/silent/5-19_silent/58_emg.npy,/Users/vedantdwivedi/Desktop/IRIS/silent_speech_alignments/text_alignments/5-9/5-9_58_audio.TextGrid,7,I,2.38,2.48,0.10000000000000009,1428,1488
1351,58,/Users/vedantdwivedi/Desktop/IRIS/emg_data/closed_vocab/silent/5-19_silent/58_emg.npy,/Users/vedantdwivedi/Desktop/IRIS/silent_speech_alignments/text_alignments/5-9/5-9_58_audio.TextGrid,8,EXPECT,2.48,2.95,0.4700000000000002,1488,1770
1352,58,/Users/vedantdwivedi/Desktop/IRIS/emg_data/closed_vocab/silent/5-19_silent/58_emg.npy,/Users/vedantdwivedi/Desktop/IRIS/silent_speech_alignments/text_alignments/5-9/5-9_58_audio.TextGrid,9,ABOUT,3.29,3.52,0.22999999999999998,1974,2112
1353,58,/Users/vedantdwivedi/Desktop/IRIS/emg_data/closed_vocab/silent/5-19_silent/58_emg.npy,/Users/vedantdwivedi/Desktop/IRIS/silent_speech_alignments/text_alignments/5-9/5-9_58_audio.TextGrid,10,HALF,3.52,3.76,0.23999999999999977,2112,2256
1354,58,/Users/vedantdwivedi/Desktop/IRIS/emg_data/closed_vocab/silent/5-19_silent/58_emg.npy,/Users/vedantdwivedi/Desktop/IRIS/silent_speech_alignments/text_alignments/5-9/5-9_58_audio.TextGrid,11,A,3.76,3.81,0.050000000000000266,2256,2286
1355,58,/Users/vedantdwivedi/Desktop/IRIS/emg_data/closed_vocab/silent/5-19_silent/58_emg.npy,/Users/vedantdwivedi/Desktop/IRIS/silent_speech_alignments/text_alignments/5-9/5-9_58_audio.TextGrid,12,MILE,3.81,4.11,0.30000000000000027,2286,2466
1356,58,/Users/vedantdwivedi/Desktop/IRIS/emg_data/closed_vocab/silent/5-19_silent/58_emg.npy,/Users/vedantdwivedi/Desktop/IRIS/silent_speech_alignments/text_alignments/5-9/5-9_58_audio.TextGrid,13,ALONG,4.11,4.35,0.23999999999999932,2466,2610
1357,58,/Users/vedantdwivedi/Desktop/IRIS/emg_data/closed_vocab/silent/5-19_silent/58_emg.npy,/Users/vedantdwivedi/Desktop/IRIS/silent_speech_alignments/text_alignments/5-9/5-9_58_audio.TextGrid,14,THIS,4.35,4.55,0.20000000000000018,2610,2730
1358,58,/Users/vedantdwivedi/Desktop/IRIS/emg_data/closed_vocab/silent/5-19_silent/58_emg.npy,/Users/vedantdwivedi/Desktop/IRIS/silent_speech_alignments/text_alignments/5-9/5-9_58_audio.TextGrid,15,ROAD,4.55,4.86,0.3100000000000005,2730,2916
1359,5,/Users/vedantdwivedi/Desktop/IRIS/emg_data/closed_vocab/silent/5-19_silent/5_emg.npy,/Users/vedantdwivedi/Desktop/IRIS/silent_speech_alignments/text_alignments/5-9/5-9_5_audio.TextGrid,0,HE,0.62,0.74,0.12,372,444
1360,5,/Users/vedantdwivedi/Desktop/IRIS/emg_data/closed_vocab/silent/5-19_silent/5_emg.npy,/Users/vedantdwivedi/Desktop/IRIS/silent_speech_alignments/text_alignments/5-9/5-9_5_audio.TextGrid,1,PROPOSED,0.74,1.34,0.6000000000000001,444,500
1361,61,/Users/vedantdwivedi/Desktop/IRIS/emg_data/closed_vocab/silent/5-19_silent/61_emg.npy,/Users/vedantdwivedi/Desktop/IRIS/silent_speech_alignments/text_alignments/5-9/5-9_61_audio.TextGrid,0,HUNDRED,0.88,1.24,0.36,528,744
1362,61,/Users/vedantdwivedi/Desktop/IRIS/emg_data/closed_vocab/silent/5-19_silent/61_emg.npy,/Users/vedantdwivedi/Desktop/IRIS/silent_speech_alignments/text_alignments/5-9/5-9_61_audio.TextGrid,1,FEET,1.24,1.45,0.20999999999999996,744,870
1363,61,/Users/vedantdwivedi/Desktop/IRIS/emg_data/closed_vocab/silent/5-19_silent/61_emg.npy,/Users/vedantdwivedi/Desktop/IRIS/silent_speech_alignments/text_alignments/5-9/5-9_61_audio.TextGrid,2,HIGH,1.45,1.86,0.41000000000000014,870,1116
1364,62,/Users/vedantdwivedi/Desktop/IRIS/emg_data/closed_vocab/silent/5-19_silent/62_emg.npy,/Users/vedantdwivedi/Desktop/IRIS/silent_speech_alignments/text_alignments/5-9/5-9_62_audio.TextGrid,0,THREE,0.82,1.06,0.2400000000000001,492,500
1365,63,/Users/vedantdwivedi/Desktop/IRIS/emg_data/closed_vocab/silent/5-19_silent/63_emg.npy,/Users/vedantdwivedi/Desktop/IRIS/silent_speech_alignments/text_alignments/5-9/5-9_63_audio.TextGrid,0,GET,0.81,1.13,0.31999999999999984,486,500
1366,65,/Users/vedantdwivedi/Desktop/IRIS/emg_data/closed_vocab/silent/5-19_silent/65_emg.npy,/Users/vedantdwivedi/Desktop/IRIS/silent_speech_alignments/text_alignments/5-9/5-9_65_audio.TextGrid,0,YOU'LL,0.74,0.96,0.21999999999999997,444,500
1367,66,/Users/vedantdwivedi/Desktop/IRIS/emg_data/closed_vocab/silent/5-19_silent/66_emg.npy,/Users/vedantdwivedi/Desktop/IRIS/silent_speech_alignments/text_alignments/5-9/5-9_66_audio.TextGrid,0,THEY,0.89,1.01,0.12,534,606
1368,66,/Users/vedantdwivedi/Desktop/IRIS/emg_data/closed_vocab/silent/5-19_silent/66_emg.npy,/Users/vedantdwivedi/Desktop/IRIS/silent_speech_alignments/text_alignments/5-9/5-9_66_audio.TextGrid,1,CARRY,1.01,1.41,0.3999999999999999,606,846
1369,66,/Users/vedantdwivedi/Desktop/IRIS/emg_data/closed_vocab/silent/5-19_silent/66_emg.npy,/Users/vedantdwivedi/Desktop/IRIS/silent_speech_alignments/text_alignments/5-9/5-9_66_audio.TextGrid,2,A,1.41,1.5,0.09000000000000008,846,900
1370,66,/Users/vedantdwivedi/Desktop/IRIS/emg_data/closed_vocab/silent/5-19_silent/66_emg.npy,/Users/vedantdwivedi/Desktop/IRIS/silent_speech_alignments/text_alignments/5-9/5-9_66_audio.TextGrid,3,KIND,1.5,1.73,0.22999999999999998,900,1038
1371,66,/Users/vedantdwivedi/Desktop/IRIS/emg_data/closed_vocab/silent/5-19_silent/66_emg.npy,/Users/vedantdwivedi/Desktop/IRIS/silent_speech_alignments/text_alignments/5-9/5-9_66_audio.TextGrid,4,OF,1.73,1.85,0.1200000000000001,1038,1110
1372,66,/Users/vedantdwivedi/Desktop/IRIS/emg_data/closed_vocab/silent/5-19_silent/66_emg.npy,/Users/vedantdwivedi/Desktop/IRIS/silent_speech_alignments/text_alignments/5-9/5-9_66_audio.TextGrid,5,BOX,1.85,2.24,0.3900000000000001,1110,1344
1373,66,/Users/vedantdwivedi/Desktop/IRIS/emg_data/closed_vocab/silent/5-19_silent/66_emg.npy,/Users/vedantdwivedi/Desktop/IRIS/silent_speech_alignments/text_alignments/5-9/5-9_66_audio.TextGrid,6,SIR,2.27,2.68,0.41000000000000014,1362,1608
1374,66,/Users/vedantdwivedi/Desktop/IRIS/emg_data/closed_vocab/silent/5-19_silent/66_emg.npy,/Users/vedantdwivedi/Desktop/IRIS/silent_speech_alignments/text_alignments/5-9/5-9_66_audio.TextGrid,7,THAT,2.81,2.98,0.16999999999999993,1686,1788
1375,66,/Users/vedantdwivedi/Desktop/IRIS/emg_data/closed_vocab/silent/5-19_silent/66_emg.npy,/Users/vedantdwivedi/Desktop/IRIS/silent_speech_alignments/text_alignments/5-9/5-9_66_audio.TextGrid,8,SHOOTS,2.98,3.27,0.29000000000000004,1788,1962
1376,66,/Users/vedantdwivedi/Desktop/IRIS/emg_data/closed_vocab/silent/5-19_silent/66_emg.npy,/Users/vedantdwivedi/Desktop/IRIS/silent_speech_alignments/text_alignments/5-9/5-9_66_audio.TextGrid,9,FIRE,3.27,3.75,0.48,1962,2250
1377,66,/Users/vedantdwivedi/Desktop/IRIS/emg_data/closed_vocab/silent/5-19_silent/66_emg.npy,/Users/vedantdwivedi/Desktop/IRIS/silent_speech_alignments/text_alignments/5-9/5-9_66_audio.TextGrid,10,AND,3.85,4.0,0.1499999999999999,2310,2400
1378,66,/Users/vedantdwivedi/Desktop/IRIS/emg_data/closed_vocab/silent/5-19_silent/66_emg.npy,/Users/vedantdwivedi/Desktop/IRIS/silent_speech_alignments/text_alignments/5-9/5-9_66_audio.TextGrid,11,STRIKES,4.0,4.34,0.33999999999999986,2400,2604
1379,66,/Users/vedantdwivedi/Desktop/IRIS/emg_data/closed_vocab/silent/5-19_silent/66_emg.npy,/Users/vedantdwivedi/Desktop/IRIS/silent_speech_alignments/text_alignments/5-9/5-9_66_audio.TextGrid,12,YOU,4.34,4.42,0.08000000000000007,2604,2652
1380,66,/Users/vedantdwivedi/Desktop/IRIS/emg_data/closed_vocab/silent/5-19_silent/66_emg.npy,/Users/vedantdwivedi/Desktop/IRIS/silent_speech_alignments/text_alignments/5-9/5-9_66_audio.TextGrid,13,DEAD,4.42,4.79,0.3700000000000001,2652,2874
1381,67,/Users/vedantdwivedi/Desktop/IRIS/emg_data/closed_vocab/silent/5-19_silent/67_emg.npy,/Users/vedantdwivedi/Desktop/IRIS/silent_speech_alignments/text_alignments/5-9/5-9_67_audio.TextGrid,0,WHAT,1.33,1.51,0.17999999999999994,798,906
1382,67,/Users/vedantdwivedi/Desktop/IRIS/emg_data/closed_vocab/silent/5-19_silent/67_emg.npy,/Users/vedantdwivedi/Desktop/IRIS/silent_speech_alignments/text_alignments/5-9/5-9_67_audio.TextGrid,1,D'YE,1.51,1.63,0.11999999999999988,906,978
1383,67,/Users/vedantdwivedi/Desktop/IRIS/emg_data/closed_vocab/silent/5-19_silent/67_emg.npy,/Users/vedantdwivedi/Desktop/IRIS/silent_speech_alignments/text_alignments/5-9/5-9_67_audio.TextGrid,2,MEAN,1.63,2.07,0.43999999999999995,978,1242
1384,67,/Users/vedantdwivedi/Desktop/IRIS/emg_data/closed_vocab/silent/5-19_silent/67_emg.npy,/Users/vedantdwivedi/Desktop/IRIS/silent_speech_alignments/text_alignments/5-9/5-9_67_audio.TextGrid,3,A,2.21,2.35,0.14000000000000012,1326,1410
1385,67,/Users/vedantdwivedi/Desktop/IRIS/emg_data/closed_vocab/silent/5-19_silent/67_emg.npy,/Users/vedantdwivedi/Desktop/IRIS/silent_speech_alignments/text_alignments/5-9/5-9_67_audio.TextGrid,4,GUN,2.35,2.8,0.44999999999999973,1410,1680
1386,6,/Users/vedantdwivedi/Desktop/IRIS/emg_data/closed_vocab/silent/5-19_silent/6_emg.npy,/Users/vedantdwivedi/Desktop/IRIS/silent_speech_alignments/text_alignments/5-9/5-9_6_audio.TextGrid,0,<UNK>,0.64,1.14,0.4999999999999999,384,500
1387,70,/Users/vedantdwivedi/Desktop/IRIS/emg_data/closed_vocab/silent/5-19_silent/70_emg.npy,/Users/vedantdwivedi/Desktop/IRIS/silent_speech_alignments/text_alignments/5-9/5-9_70_audio.TextGrid,0,NO,0.93,1.15,0.21999999999999986,558,690
1388,70,/Users/vedantdwivedi/Desktop/IRIS/emg_data/closed_vocab/silent/5-19_silent/70_emg.npy,/Users/vedantdwivedi/Desktop/IRIS/silent_speech_alignments/text_alignments/5-9/5-9_70_audio.TextGrid,1,SIR,1.15,1.51,0.3600000000000001,690,906
1389,70,/Users/vedantdwivedi/Desktop/IRIS/emg_data/closed_vocab/silent/5-19_silent/70_emg.npy,/Users/vedantdwivedi/Desktop/IRIS/silent_speech_alignments/text_alignments/5-9/5-9_70_audio.TextGrid,2,AND,2.13,2.28,0.1499999999999999,1278,1368
1390,70,/Users/vedantdwivedi/Desktop/IRIS/emg_data/closed_vocab/silent/5-19_silent/70_emg.npy,/Users/vedantdwivedi/Desktop/IRIS/silent_speech_alignments/text_alignments/5-9/5-9_70_audio.TextGrid,3,THE,2.28,2.4,0.1200000000000001,1368,1440
1391,70,/Users/vedantdwivedi/Desktop/IRIS/emg_data/closed_vocab/silent/5-19_silent/70_emg.npy,/Users/vedantdwivedi/Desktop/IRIS/silent_speech_alignments/text_alignments/5-9/5-9_70_audio.TextGrid,4,ARTILLERYMAN,2.4,3.15,0.75,1440,1890
1392,70,/Users/vedantdwivedi/Desktop/IRIS/emg_data/closed_vocab/silent/5-19_silent/70_emg.npy,/Users/vedantdwivedi/Desktop/IRIS/silent_speech_alignments/text_alignments/5-9/5-9_70_audio.TextGrid,5,BEGAN,3.18,3.53,0.34999999999999964,1908,2118
1393,70,/Users/vedantdwivedi/Desktop/IRIS/emg_data/closed_vocab/silent/5-19_silent/70_emg.npy,/Users/vedantdwivedi/Desktop/IRIS/silent_speech_alignments/text_alignments/5-9/5-9_70_audio.TextGrid,6,A,3.53,3.6,0.07000000000000028,2118,2160
1394,70,/Users/vedantdwivedi/Desktop/IRIS/emg_data/closed_vocab/silent/5-19_silent/70_emg.npy,/Users/vedantdwivedi/Desktop/IRIS/silent_speech_alignments/text_alignments/5-9/5-9_70_audio.TextGrid,7,VIVID,3.6,3.87,0.27,2160,2322
1395,70,/Users/vedantdwivedi/Desktop/IRIS/emg_data/closed_vocab/silent/5-19_silent/70_emg.npy,/Users/vedantdwivedi/Desktop/IRIS/silent_speech_alignments/text_alignments/5-9/5-9_70_audio.TextGrid,8,ACCOUNT,3.87,4.34,0.46999999999999975,2322,2604
1396,70,/Users/vedantdwivedi/Desktop/IRIS/emg_data/closed_vocab/silent/5-19_silent/70_emg.npy,/Users/vedantdwivedi/Desktop/IRIS/silent_speech_alignments/text_alignments/5-9/5-9_70_audio.TextGrid,9,OF,4.37,4.48,0.11000000000000032,2622,2688
1397,70,/Users/vedantdwivedi/Desktop/IRIS/emg_data/closed_vocab/silent/5-19_silent/70_emg.npy,/Users/vedantdwivedi/Desktop/IRIS/silent_speech_alignments/text_alignments/5-9/5-9_70_audio.TextGrid,10,THE,4.48,4.57,0.08999999999999986,2688,2742
1398,70,/Users/vedantdwivedi/Desktop/IRIS/emg_data/closed_vocab/silent/5-19_silent/70_emg.npy,/Users/vedantdwivedi/Desktop/IRIS/silent_speech_alignments/text_alignments/5-9/5-9_70_audio.TextGrid,11,HEAT,4.57,4.82,0.25,2742,2892
1399,70,/Users/vedantdwivedi/Desktop/IRIS/emg_data/closed_vocab/silent/5-19_silent/70_emg.npy,/Users/vedantdwivedi/Desktop/IRIS/silent_speech_alignments/text_alignments/5-9/5-9_70_audio.TextGrid,12,RAY,4.82,5.11,0.29000000000000004,2892,3066
1400,71,/Users/vedantdwivedi/Desktop/IRIS/emg_data/closed_vocab/silent/5-19_silent/71_emg.npy,/Users/vedantdwivedi/Desktop/IRIS/silent_speech_alignments/text_alignments/5-9/5-9_71_audio.TextGrid,0,HALFWAY,0.84,1.23,0.39,504,738
1401,71,/Users/vedantdwivedi/Desktop/IRIS/emg_data/closed_vocab/silent/5-19_silent/71_emg.npy,/Users/vedantdwivedi/Desktop/IRIS/silent_speech_alignments/text_alignments/5-9/5-9_71_audio.TextGrid,1,THROUGH,1.23,1.65,0.41999999999999993,738,990
1402,71,/Users/vedantdwivedi/Desktop/IRIS/emg_data/closed_vocab/silent/5-19_silent/71_emg.npy,/Users/vedantdwivedi/Desktop/IRIS/silent_speech_alignments/text_alignments/5-9/5-9_71_audio.TextGrid,2,THE,1.97,2.11,0.1399999999999999,1182,1266
1403,71,/Users/vedantdwivedi/Desktop/IRIS/emg_data/closed_vocab/silent/5-19_silent/71_emg.npy,/Users/vedantdwivedi/Desktop/IRIS/silent_speech_alignments/text_alignments/5-9/5-9_71_audio.TextGrid,3,LIEUTENANT,2.11,2.6,0.4900000000000002,1266,1560
1404,71,/Users/vedantdwivedi/Desktop/IRIS/emg_data/closed_vocab/silent/5-19_silent/71_emg.npy,/Users/vedantdwivedi/Desktop/IRIS/silent_speech_alignments/text_alignments/5-9/5-9_71_audio.TextGrid,4,INTERRUPTED,2.66,3.08,0.41999999999999993,1596,1848
1405,71,/Users/vedantdwivedi/Desktop/IRIS/emg_data/closed_vocab/silent/5-19_silent/71_emg.npy,/Users/vedantdwivedi/Desktop/IRIS/silent_speech_alignments/text_alignments/5-9/5-9_71_audio.TextGrid,5,HIM,3.08,3.45,0.3700000000000001,1848,2070
1406,71,/Users/vedantdwivedi/Desktop/IRIS/emg_data/closed_vocab/silent/5-19_silent/71_emg.npy,/Users/vedantdwivedi/Desktop/IRIS/silent_speech_alignments/text_alignments/5-9/5-9_71_audio.TextGrid,6,AND,3.59,3.76,0.16999999999999993,2154,2256
1407,71,/Users/vedantdwivedi/Desktop/IRIS/emg_data/closed_vocab/silent/5-19_silent/71_emg.npy,/Users/vedantdwivedi/Desktop/IRIS/silent_speech_alignments/text_alignments/5-9/5-9_71_audio.TextGrid,7,LOOKED,3.76,4.01,0.25,2256,2406
1408,71,/Users/vedantdwivedi/Desktop/IRIS/emg_data/closed_vocab/silent/5-19_silent/71_emg.npy,/Users/vedantdwivedi/Desktop/IRIS/silent_speech_alignments/text_alignments/5-9/5-9_71_audio.TextGrid,8,UP,4.04,4.22,0.17999999999999972,2424,2532
1409,71,/Users/vedantdwivedi/Desktop/IRIS/emg_data/closed_vocab/silent/5-19_silent/71_emg.npy,/Users/vedantdwivedi/Desktop/IRIS/silent_speech_alignments/text_alignments/5-9/5-9_71_audio.TextGrid,9,AT,4.22,4.31,0.08999999999999986,2532,2586
1410,71,/Users/vedantdwivedi/Desktop/IRIS/emg_data/closed_vocab/silent/5-19_silent/71_emg.npy,/Users/vedantdwivedi/Desktop/IRIS/silent_speech_alignments/text_alignments/5-9/5-9_71_audio.TextGrid,10,ME,4.31,4.65,0.34000000000000075,2586,2790
1411,72,/Users/vedantdwivedi/Desktop/IRIS/emg_data/closed_vocab/silent/5-19_silent/72_emg.npy,/Users/vedantdwivedi/Desktop/IRIS/silent_speech_alignments/text_alignments/5-9/5-9_72_audio.TextGrid,0,I,0.92,1.03,0.10999999999999999,552,618
1412,72,/Users/vedantdwivedi/Desktop/IRIS/emg_data/closed_vocab/silent/5-19_silent/72_emg.npy,/Users/vedantdwivedi/Desktop/IRIS/silent_speech_alignments/text_alignments/5-9/5-9_72_audio.TextGrid,1,WAS,1.03,1.18,0.1499999999999999,618,708
1413,72,/Users/vedantdwivedi/Desktop/IRIS/emg_data/closed_vocab/silent/5-19_silent/72_emg.npy,/Users/vedantdwivedi/Desktop/IRIS/silent_speech_alignments/text_alignments/5-9/5-9_72_audio.TextGrid,2,STILL,1.18,1.41,0.22999999999999998,708,846
1414,72,/Users/vedantdwivedi/Desktop/IRIS/emg_data/closed_vocab/silent/5-19_silent/72_emg.npy,/Users/vedantdwivedi/Desktop/IRIS/silent_speech_alignments/text_alignments/5-9/5-9_72_audio.TextGrid,3,STANDING,1.41,1.92,0.51,846,1152
1415,72,/Users/vedantdwivedi/Desktop/IRIS/emg_data/closed_vocab/silent/5-19_silent/72_emg.npy,/Users/vedantdwivedi/Desktop/IRIS/silent_speech_alignments/text_alignments/5-9/5-9_72_audio.TextGrid,4,ON,1.92,2.02,0.10000000000000009,1152,1212
1416,72,/Users/vedantdwivedi/Desktop/IRIS/emg_data/closed_vocab/silent/5-19_silent/72_emg.npy,/Users/vedantdwivedi/Desktop/IRIS/silent_speech_alignments/text_alignments/5-9/5-9_72_audio.TextGrid,5,THE,2.02,2.1,0.08000000000000007,1212,1260
1417,72,/Users/vedantdwivedi/Desktop/IRIS/emg_data/closed_vocab/silent/5-19_silent/72_emg.npy,/Users/vedantdwivedi/Desktop/IRIS/silent_speech_alignments/text_alignments/5-9/5-9_72_audio.TextGrid,6,BANK,2.1,2.44,0.33999999999999986,1260,1464
1418,72,/Users/vedantdwivedi/Desktop/IRIS/emg_data/closed_vocab/silent/5-19_silent/72_emg.npy,/Users/vedantdwivedi/Desktop/IRIS/silent_speech_alignments/text_alignments/5-9/5-9_72_audio.TextGrid,7,BY,2.65,2.78,0.1299999999999999,1590,1668
1419,72,/Users/vedantdwivedi/Desktop/IRIS/emg_data/closed_vocab/silent/5-19_silent/72_emg.npy,/Users/vedantdwivedi/Desktop/IRIS/silent_speech_alignments/text_alignments/5-9/5-9_72_audio.TextGrid,8,THE,2.78,2.88,0.10000000000000009,1668,1728
1420,72,/Users/vedantdwivedi/Desktop/IRIS/emg_data/closed_vocab/silent/5-19_silent/72_emg.npy,/Users/vedantdwivedi/Desktop/IRIS/silent_speech_alignments/text_alignments/5-9/5-9_72_audio.TextGrid,9,SIDE,2.88,3.11,0.22999999999999998,1728,1866
1421,72,/Users/vedantdwivedi/Desktop/IRIS/emg_data/closed_vocab/silent/5-19_silent/72_emg.npy,/Users/vedantdwivedi/Desktop/IRIS/silent_speech_alignments/text_alignments/5-9/5-9_72_audio.TextGrid,10,OF,3.11,3.2,0.0900000000000003,1866,1920
1422,72,/Users/vedantdwivedi/Desktop/IRIS/emg_data/closed_vocab/silent/5-19_silent/72_emg.npy,/Users/vedantdwivedi/Desktop/IRIS/silent_speech_alignments/text_alignments/5-9/5-9_72_audio.TextGrid,11,THE,3.2,3.29,0.08999999999999986,1920,1974
1423,72,/Users/vedantdwivedi/Desktop/IRIS/emg_data/closed_vocab/silent/5-19_silent/72_emg.npy,/Users/vedantdwivedi/Desktop/IRIS/silent_speech_alignments/text_alignments/5-9/5-9_72_audio.TextGrid,12,ROAD,3.29,3.63,0.33999999999999986,1974,2178
1424,73,/Users/vedantdwivedi/Desktop/IRIS/emg_data/closed_vocab/silent/5-19_silent/73_emg.npy,/Users/vedantdwivedi/Desktop/IRIS/silent_speech_alignments/text_alignments/5-9/5-9_73_audio.TextGrid,0,IT'S,1.02,1.2,0.17999999999999994,612,720
1425,73,/Users/vedantdwivedi/Desktop/IRIS/emg_data/closed_vocab/silent/5-19_silent/73_emg.npy,/Users/vedantdwivedi/Desktop/IRIS/silent_speech_alignments/text_alignments/5-9/5-9_73_audio.TextGrid,1,PERFECTLY,1.2,1.56,0.3600000000000001,720,936
1426,73,/Users/vedantdwivedi/Desktop/IRIS/emg_data/closed_vocab/silent/5-19_silent/73_emg.npy,/Users/vedantdwivedi/Desktop/IRIS/silent_speech_alignments/text_alignments/5-9/5-9_73_audio.TextGrid,2,TRUE,1.56,2.0,0.43999999999999995,936,1200
1427,73,/Users/vedantdwivedi/Desktop/IRIS/emg_data/closed_vocab/silent/5-19_silent/73_emg.npy,/Users/vedantdwivedi/Desktop/IRIS/silent_speech_alignments/text_alignments/5-9/5-9_73_audio.TextGrid,3,I,2.3,2.44,0.14000000000000012,1380,1464
1428,73,/Users/vedantdwivedi/Desktop/IRIS/emg_data/closed_vocab/silent/5-19_silent/73_emg.npy,/Users/vedantdwivedi/Desktop/IRIS/silent_speech_alignments/text_alignments/5-9/5-9_73_audio.TextGrid,4,SAID,2.44,2.77,0.33000000000000007,1464,1662
1429,74,/Users/vedantdwivedi/Desktop/IRIS/emg_data/closed_vocab/silent/5-19_silent/74_emg.npy,/Users/vedantdwivedi/Desktop/IRIS/silent_speech_alignments/text_alignments/5-9/5-9_74_audio.TextGrid,0,WELL,0.69,1.18,0.49,414,708
1430,74,/Users/vedantdwivedi/Desktop/IRIS/emg_data/closed_vocab/silent/5-19_silent/74_emg.npy,/Users/vedantdwivedi/Desktop/IRIS/silent_speech_alignments/text_alignments/5-9/5-9_74_audio.TextGrid,1,SAID,1.54,1.7,0.15999999999999992,924,1020
1431,74,/Users/vedantdwivedi/Desktop/IRIS/emg_data/closed_vocab/silent/5-19_silent/74_emg.npy,/Users/vedantdwivedi/Desktop/IRIS/silent_speech_alignments/text_alignments/5-9/5-9_74_audio.TextGrid,2,THE,1.7,1.76,0.06000000000000005,1020,1056
1432,74,/Users/vedantdwivedi/Desktop/IRIS/emg_data/closed_vocab/silent/5-19_silent/74_emg.npy,/Users/vedantdwivedi/Desktop/IRIS/silent_speech_alignments/text_alignments/5-9/5-9_74_audio.TextGrid,3,LIEUTENANT,1.76,2.24,0.4800000000000002,1056,1344
1433,74,/Users/vedantdwivedi/Desktop/IRIS/emg_data/closed_vocab/silent/5-19_silent/74_emg.npy,/Users/vedantdwivedi/Desktop/IRIS/silent_speech_alignments/text_alignments/5-9/5-9_74_audio.TextGrid,4,I,2.9,2.99,0.0900000000000003,1740,1794
1434,74,/Users/vedantdwivedi/Desktop/IRIS/emg_data/closed_vocab/silent/5-19_silent/74_emg.npy,/Users/vedantdwivedi/Desktop/IRIS/silent_speech_alignments/text_alignments/5-9/5-9_74_audio.TextGrid,5,SUPPOSE,2.99,3.51,0.5199999999999996,1794,2106
1435,74,/Users/vedantdwivedi/Desktop/IRIS/emg_data/closed_vocab/silent/5-19_silent/74_emg.npy,/Users/vedantdwivedi/Desktop/IRIS/silent_speech_alignments/text_alignments/5-9/5-9_74_audio.TextGrid,6,IT'S,3.51,3.73,0.2200000000000002,2106,2238
1436,74,/Users/vedantdwivedi/Desktop/IRIS/emg_data/closed_vocab/silent/5-19_silent/74_emg.npy,/Users/vedantdwivedi/Desktop/IRIS/silent_speech_alignments/text_alignments/5-9/5-9_74_audio.TextGrid,7,MY,3.73,3.88,0.1499999999999999,2238,2328
1437,74,/Users/vedantdwivedi/Desktop/IRIS/emg_data/closed_vocab/silent/5-19_silent/74_emg.npy,/Users/vedantdwivedi/Desktop/IRIS/silent_speech_alignments/text_alignments/5-9/5-9_74_audio.TextGrid,8,BUSINESS,3.88,4.42,0.54,2328,2652
1438,74,/Users/vedantdwivedi/Desktop/IRIS/emg_data/closed_vocab/silent/5-19_silent/74_emg.npy,/Users/vedantdwivedi/Desktop/IRIS/silent_speech_alignments/text_alignments/5-9/5-9_74_audio.TextGrid,9,TO,4.42,4.57,0.15000000000000036,2652,2742
1439,74,/Users/vedantdwivedi/Desktop/IRIS/emg_data/closed_vocab/silent/5-19_silent/74_emg.npy,/Users/vedantdwivedi/Desktop/IRIS/silent_speech_alignments/text_alignments/5-9/5-9_74_audio.TextGrid,10,SEE,4.57,4.88,0.3099999999999996,2742,2904
1440,79,/Users/vedantdwivedi/Desktop/IRIS/emg_data/closed_vocab/silent/5-19_silent/79_emg.npy,/Users/vedantdwivedi/Desktop/IRIS/silent_speech_alignments/text_alignments/5-9/5-9_79_audio.TextGrid,0,I,0.77,0.91,0.14,462,546
1441,79,/Users/vedantdwivedi/Desktop/IRIS/emg_data/closed_vocab/silent/5-19_silent/79_emg.npy,/Users/vedantdwivedi/Desktop/IRIS/silent_speech_alignments/text_alignments/5-9/5-9_79_audio.TextGrid,1,DO,0.91,1.29,0.38,546,774
1442,79,/Users/vedantdwivedi/Desktop/IRIS/emg_data/closed_vocab/silent/5-19_silent/79_emg.npy,/Users/vedantdwivedi/Desktop/IRIS/silent_speech_alignments/text_alignments/5-9/5-9_79_audio.TextGrid,2,I,1.29,1.38,0.08999999999999986,774,828
1443,79,/Users/vedantdwivedi/Desktop/IRIS/emg_data/closed_vocab/silent/5-19_silent/79_emg.npy,/Users/vedantdwivedi/Desktop/IRIS/silent_speech_alignments/text_alignments/5-9/5-9_79_audio.TextGrid,3,SAID,1.38,1.77,0.3900000000000001,828,1062
1444,79,/Users/vedantdwivedi/Desktop/IRIS/emg_data/closed_vocab/silent/5-19_silent/79_emg.npy,/Users/vedantdwivedi/Desktop/IRIS/silent_speech_alignments/text_alignments/5-9/5-9_79_audio.TextGrid,4,AND,2.27,2.39,0.1200000000000001,1362,1434
1445,79,/Users/vedantdwivedi/Desktop/IRIS/emg_data/closed_vocab/silent/5-19_silent/79_emg.npy,/Users/vedantdwivedi/Desktop/IRIS/silent_speech_alignments/text_alignments/5-9/5-9_79_audio.TextGrid,5,HE,2.39,2.56,0.16999999999999993,1434,1536
1446,79,/Users/vedantdwivedi/Desktop/IRIS/emg_data/closed_vocab/silent/5-19_silent/79_emg.npy,/Users/vedantdwivedi/Desktop/IRIS/silent_speech_alignments/text_alignments/5-9/5-9_79_audio.TextGrid,6,TURNED,2.56,2.86,0.2999999999999998,1536,1716
1447,79,/Users/vedantdwivedi/Desktop/IRIS/emg_data/closed_vocab/silent/5-19_silent/79_emg.npy,/Users/vedantdwivedi/Desktop/IRIS/silent_speech_alignments/text_alignments/5-9/5-9_79_audio.TextGrid,7,HIS,2.86,2.98,0.1200000000000001,1716,1788
1448,79,/Users/vedantdwivedi/Desktop/IRIS/emg_data/closed_vocab/silent/5-19_silent/79_emg.npy,/Users/vedantdwivedi/Desktop/IRIS/silent_speech_alignments/text_alignments/5-9/5-9_79_audio.TextGrid,8,HORSE,2.98,3.42,0.43999999999999995,1788,2052
1449,82,/Users/vedantdwivedi/Desktop/IRIS/emg_data/closed_vocab/silent/5-19_silent/82_emg.npy,/Users/vedantdwivedi/Desktop/IRIS/silent_speech_alignments/text_alignments/5-9/5-9_82_audio.TextGrid,0,HALF,0.85,1.07,0.22000000000000008,510,642
1450,82,/Users/vedantdwivedi/Desktop/IRIS/emg_data/closed_vocab/silent/5-19_silent/82_emg.npy,/Users/vedantdwivedi/Desktop/IRIS/silent_speech_alignments/text_alignments/5-9/5-9_82_audio.TextGrid,1,A,1.07,1.11,0.040000000000000036,642,666
1451,82,/Users/vedantdwivedi/Desktop/IRIS/emg_data/closed_vocab/silent/5-19_silent/82_emg.npy,/Users/vedantdwivedi/Desktop/IRIS/silent_speech_alignments/text_alignments/5-9/5-9_82_audio.TextGrid,2,MILE,1.11,1.47,0.3599999999999999,666,882
1452,82,/Users/vedantdwivedi/Desktop/IRIS/emg_data/closed_vocab/silent/5-19_silent/82_emg.npy,/Users/vedantdwivedi/Desktop/IRIS/silent_speech_alignments/text_alignments/5-9/5-9_82_audio.TextGrid,3,YOU,1.47,1.57,0.10000000000000009,882,942
1453,82,/Users/vedantdwivedi/Desktop/IRIS/emg_data/closed_vocab/silent/5-19_silent/82_emg.npy,/Users/vedantdwivedi/Desktop/IRIS/silent_speech_alignments/text_alignments/5-9/5-9_82_audio.TextGrid,4,SAY,1.57,1.93,0.3599999999999999,942,1158
1454,82,/Users/vedantdwivedi/Desktop/IRIS/emg_data/closed_vocab/silent/5-19_silent/82_emg.npy,/Users/vedantdwivedi/Desktop/IRIS/silent_speech_alignments/text_alignments/5-9/5-9_82_audio.TextGrid,5,SAID,2.01,2.25,0.2400000000000002,1206,1350
1455,82,/Users/vedantdwivedi/Desktop/IRIS/emg_data/closed_vocab/silent/5-19_silent/82_emg.npy,/Users/vedantdwivedi/Desktop/IRIS/silent_speech_alignments/text_alignments/5-9/5-9_82_audio.TextGrid,6,HE,2.25,2.56,0.31000000000000005,1350,1536
1456,83,/Users/vedantdwivedi/Desktop/IRIS/emg_data/closed_vocab/silent/5-19_silent/83_emg.npy,/Users/vedantdwivedi/Desktop/IRIS/silent_speech_alignments/text_alignments/5-9/5-9_83_audio.TextGrid,0,AT,0.76,0.96,0.19999999999999996,456,576
1457,83,/Users/vedantdwivedi/Desktop/IRIS/emg_data/closed_vocab/silent/5-19_silent/83_emg.npy,/Users/vedantdwivedi/Desktop/IRIS/silent_speech_alignments/text_alignments/5-9/5-9_83_audio.TextGrid,1,MOST,0.96,1.34,0.3800000000000001,576,804
1458,83,/Users/vedantdwivedi/Desktop/IRIS/emg_data/closed_vocab/silent/5-19_silent/83_emg.npy,/Users/vedantdwivedi/Desktop/IRIS/silent_speech_alignments/text_alignments/5-9/5-9_83_audio.TextGrid,2,I,1.37,1.52,0.1499999999999999,822,912
1459,83,/Users/vedantdwivedi/Desktop/IRIS/emg_data/closed_vocab/silent/5-19_silent/83_emg.npy,/Users/vedantdwivedi/Desktop/IRIS/silent_speech_alignments/text_alignments/5-9/5-9_83_audio.TextGrid,3,ANSWERED,1.52,1.95,0.42999999999999994,912,1170
1460,83,/Users/vedantdwivedi/Desktop/IRIS/emg_data/closed_vocab/silent/5-19_silent/83_emg.npy,/Users/vedantdwivedi/Desktop/IRIS/silent_speech_alignments/text_alignments/5-9/5-9_83_audio.TextGrid,4,AND,2.35,2.53,0.17999999999999972,1410,1518
1461,83,/Users/vedantdwivedi/Desktop/IRIS/emg_data/closed_vocab/silent/5-19_silent/83_emg.npy,/Users/vedantdwivedi/Desktop/IRIS/silent_speech_alignments/text_alignments/5-9/5-9_83_audio.TextGrid,5,POINTED,2.53,2.92,0.3900000000000001,1518,1752
1462,83,/Users/vedantdwivedi/Desktop/IRIS/emg_data/closed_vocab/silent/5-19_silent/83_emg.npy,/Users/vedantdwivedi/Desktop/IRIS/silent_speech_alignments/text_alignments/5-9/5-9_83_audio.TextGrid,6,OVER,2.92,3.12,0.20000000000000018,1752,1872
1463,83,/Users/vedantdwivedi/Desktop/IRIS/emg_data/closed_vocab/silent/5-19_silent/83_emg.npy,/Users/vedantdwivedi/Desktop/IRIS/silent_speech_alignments/text_alignments/5-9/5-9_83_audio.TextGrid,7,THE,3.12,3.22,0.10000000000000009,1872,1932
1464,83,/Users/vedantdwivedi/Desktop/IRIS/emg_data/closed_vocab/silent/5-19_silent/83_emg.npy,/Users/vedantdwivedi/Desktop/IRIS/silent_speech_alignments/text_alignments/5-9/5-9_83_audio.TextGrid,8,TREETOPS,3.22,3.86,0.6399999999999997,1932,2316
1465,83,/Users/vedantdwivedi/Desktop/IRIS/emg_data/closed_vocab/silent/5-19_silent/83_emg.npy,/Users/vedantdwivedi/Desktop/IRIS/silent_speech_alignments/text_alignments/5-9/5-9_83_audio.TextGrid,9,SOUTHWARD,3.93,4.5,0.5699999999999998,2358,2646
1466,84,/Users/vedantdwivedi/Desktop/IRIS/emg_data/closed_vocab/silent/5-19_silent/84_emg.npy,/Users/vedantdwivedi/Desktop/IRIS/silent_speech_alignments/text_alignments/5-9/5-9_84_audio.TextGrid,0,HE,0.8,0.94,0.1399999999999999,480,564
1467,84,/Users/vedantdwivedi/Desktop/IRIS/emg_data/closed_vocab/silent/5-19_silent/84_emg.npy,/Users/vedantdwivedi/Desktop/IRIS/silent_speech_alignments/text_alignments/5-9/5-9_84_audio.TextGrid,1,THANKED,0.94,1.2,0.26,564,720
1468,84,/Users/vedantdwivedi/Desktop/IRIS/emg_data/closed_vocab/silent/5-19_silent/84_emg.npy,/Users/vedantdwivedi/Desktop/IRIS/silent_speech_alignments/text_alignments/5-9/5-9_84_audio.TextGrid,2,ME,1.2,1.45,0.25,720,870
1469,84,/Users/vedantdwivedi/Desktop/IRIS/emg_data/closed_vocab/silent/5-19_silent/84_emg.npy,/Users/vedantdwivedi/Desktop/IRIS/silent_speech_alignments/text_alignments/5-9/5-9_84_audio.TextGrid,3,AND,1.48,1.63,0.1499999999999999,888,978
1470,84,/Users/vedantdwivedi/Desktop/IRIS/emg_data/closed_vocab/silent/5-19_silent/84_emg.npy,/Users/vedantdwivedi/Desktop/IRIS/silent_speech_alignments/text_alignments/5-9/5-9_84_audio.TextGrid,4,RODE,1.63,1.81,0.18000000000000016,978,1086
1471,84,/Users/vedantdwivedi/Desktop/IRIS/emg_data/closed_vocab/silent/5-19_silent/84_emg.npy,/Users/vedantdwivedi/Desktop/IRIS/silent_speech_alignments/text_alignments/5-9/5-9_84_audio.TextGrid,5,ON,1.81,2.16,0.3500000000000001,1086,1296
1472,84,/Users/vedantdwivedi/Desktop/IRIS/emg_data/closed_vocab/silent/5-19_silent/84_emg.npy,/Users/vedantdwivedi/Desktop/IRIS/silent_speech_alignments/text_alignments/5-9/5-9_84_audio.TextGrid,6,AND,2.5,2.61,0.10999999999999988,1500,1566
1473,84,/Users/vedantdwivedi/Desktop/IRIS/emg_data/closed_vocab/silent/5-19_silent/84_emg.npy,/Users/vedantdwivedi/Desktop/IRIS/silent_speech_alignments/text_alignments/5-9/5-9_84_audio.TextGrid,7,WE,2.61,2.69,0.08000000000000007,1566,1614
1474,84,/Users/vedantdwivedi/Desktop/IRIS/emg_data/closed_vocab/silent/5-19_silent/84_emg.npy,/Users/vedantdwivedi/Desktop/IRIS/silent_speech_alignments/text_alignments/5-9/5-9_84_audio.TextGrid,8,SAW,2.69,3.01,0.31999999999999984,1614,1806
1475,84,/Users/vedantdwivedi/Desktop/IRIS/emg_data/closed_vocab/silent/5-19_silent/84_emg.npy,/Users/vedantdwivedi/Desktop/IRIS/silent_speech_alignments/text_alignments/5-9/5-9_84_audio.TextGrid,9,THEM,3.01,3.33,0.3200000000000003,1806,1998
1476,84,/Users/vedantdwivedi/Desktop/IRIS/emg_data/closed_vocab/silent/5-19_silent/84_emg.npy,/Users/vedantdwivedi/Desktop/IRIS/silent_speech_alignments/text_alignments/5-9/5-9_84_audio.TextGrid,10,NO,3.36,3.52,0.16000000000000014,2016,2112
1477,84,/Users/vedantdwivedi/Desktop/IRIS/emg_data/closed_vocab/silent/5-19_silent/84_emg.npy,/Users/vedantdwivedi/Desktop/IRIS/silent_speech_alignments/text_alignments/5-9/5-9_84_audio.TextGrid,11,MORE,3.52,3.89,0.3700000000000001,2112,2334
1478,85,/Users/vedantdwivedi/Desktop/IRIS/emg_data/closed_vocab/silent/5-19_silent/85_emg.npy,/Users/vedantdwivedi/Desktop/IRIS/silent_speech_alignments/text_alignments/5-9/5-9_85_audio.TextGrid,0,FARTHER,1.02,1.3,0.28,612,780
1479,85,/Users/vedantdwivedi/Desktop/IRIS/emg_data/closed_vocab/silent/5-19_silent/85_emg.npy,/Users/vedantdwivedi/Desktop/IRIS/silent_speech_alignments/text_alignments/5-9/5-9_85_audio.TextGrid,1,ALONG,1.3,1.66,0.3599999999999999,780,996
1480,85,/Users/vedantdwivedi/Desktop/IRIS/emg_data/closed_vocab/silent/5-19_silent/85_emg.npy,/Users/vedantdwivedi/Desktop/IRIS/silent_speech_alignments/text_alignments/5-9/5-9_85_audio.TextGrid,2,WE,1.66,1.76,0.10000000000000009,996,1056
1481,85,/Users/vedantdwivedi/Desktop/IRIS/emg_data/closed_vocab/silent/5-19_silent/85_emg.npy,/Users/vedantdwivedi/Desktop/IRIS/silent_speech_alignments/text_alignments/5-9/5-9_85_audio.TextGrid,3,CAME,1.76,2.02,0.26,1056,1212
1482,85,/Users/vedantdwivedi/Desktop/IRIS/emg_data/closed_vocab/silent/5-19_silent/85_emg.npy,/Users/vedantdwivedi/Desktop/IRIS/silent_speech_alignments/text_alignments/5-9/5-9_85_audio.TextGrid,4,UPON,2.02,2.54,0.52,1212,1524
1483,85,/Users/vedantdwivedi/Desktop/IRIS/emg_data/closed_vocab/silent/5-19_silent/85_emg.npy,/Users/vedantdwivedi/Desktop/IRIS/silent_speech_alignments/text_alignments/5-9/5-9_85_audio.TextGrid,5,A,2.81,2.92,0.10999999999999988,1686,1752
1484,85,/Users/vedantdwivedi/Desktop/IRIS/emg_data/closed_vocab/silent/5-19_silent/85_emg.npy,/Users/vedantdwivedi/Desktop/IRIS/silent_speech_alignments/text_alignments/5-9/5-9_85_audio.TextGrid,6,GROUP,2.92,3.19,0.27,1752,1914
1485,85,/Users/vedantdwivedi/Desktop/IRIS/emg_data/closed_vocab/silent/5-19_silent/85_emg.npy,/Users/vedantdwivedi/Desktop/IRIS/silent_speech_alignments/text_alignments/5-9/5-9_85_audio.TextGrid,7,OF,3.19,3.32,0.1299999999999999,1914,1992
1486,85,/Users/vedantdwivedi/Desktop/IRIS/emg_data/closed_vocab/silent/5-19_silent/85_emg.npy,/Users/vedantdwivedi/Desktop/IRIS/silent_speech_alignments/text_alignments/5-9/5-9_85_audio.TextGrid,8,THREE,3.32,3.55,0.22999999999999998,1992,2130
1487,85,/Users/vedantdwivedi/Desktop/IRIS/emg_data/closed_vocab/silent/5-19_silent/85_emg.npy,/Users/vedantdwivedi/Desktop/IRIS/silent_speech_alignments/text_alignments/5-9/5-9_85_audio.TextGrid,9,WOMEN,3.55,3.96,0.41000000000000014,2130,2376
1488,85,/Users/vedantdwivedi/Desktop/IRIS/emg_data/closed_vocab/silent/5-19_silent/85_emg.npy,/Users/vedantdwivedi/Desktop/IRIS/silent_speech_alignments/text_alignments/5-9/5-9_85_audio.TextGrid,10,AND,3.99,4.19,0.20000000000000018,2394,2514
1489,85,/Users/vedantdwivedi/Desktop/IRIS/emg_data/closed_vocab/silent/5-19_silent/85_emg.npy,/Users/vedantdwivedi/Desktop/IRIS/silent_speech_alignments/text_alignments/5-9/5-9_85_audio.TextGrid,11,TWO,4.19,4.43,0.23999999999999932,2514,2658
1490,85,/Users/vedantdwivedi/Desktop/IRIS/emg_data/closed_vocab/silent/5-19_silent/85_emg.npy,/Users/vedantdwivedi/Desktop/IRIS/silent_speech_alignments/text_alignments/5-9/5-9_85_audio.TextGrid,12,CHILDREN,4.43,4.78,0.35000000000000053,2658,2868
1491,85,/Users/vedantdwivedi/Desktop/IRIS/emg_data/closed_vocab/silent/5-19_silent/85_emg.npy,/Users/vedantdwivedi/Desktop/IRIS/silent_speech_alignments/text_alignments/5-9/5-9_85_audio.TextGrid,13,IN,4.78,4.85,0.0699999999999994,2868,2910
1492,85,/Users/vedantdwivedi/Desktop/IRIS/emg_data/closed_vocab/silent/5-19_silent/85_emg.npy,/Users/vedantdwivedi/Desktop/IRIS/silent_speech_alignments/text_alignments/5-9/5-9_85_audio.TextGrid,14,THE,4.85,4.94,0.09000000000000075,2910,2964
1493,85,/Users/vedantdwivedi/Desktop/IRIS/emg_data/closed_vocab/silent/5-19_silent/85_emg.npy,/Users/vedantdwivedi/Desktop/IRIS/silent_speech_alignments/text_alignments/5-9/5-9_85_audio.TextGrid,15,ROAD,4.94,5.31,0.3699999999999992,2964,3186
1494,88,/Users/vedantdwivedi/Desktop/IRIS/emg_data/closed_vocab/silent/5-19_silent/88_emg.npy,/Users/vedantdwivedi/Desktop/IRIS/silent_speech_alignments/text_alignments/5-9/5-9_88_audio.TextGrid,0,BY,1.15,1.28,0.13000000000000012,690,768
1495,88,/Users/vedantdwivedi/Desktop/IRIS/emg_data/closed_vocab/silent/5-19_silent/88_emg.npy,/Users/vedantdwivedi/Desktop/IRIS/silent_speech_alignments/text_alignments/5-9/5-9_88_audio.TextGrid,1,BYFLEET,1.28,1.78,0.5,768,1068
1496,88,/Users/vedantdwivedi/Desktop/IRIS/emg_data/closed_vocab/silent/5-19_silent/88_emg.npy,/Users/vedantdwivedi/Desktop/IRIS/silent_speech_alignments/text_alignments/5-9/5-9_88_audio.TextGrid,2,STATION,1.78,2.32,0.5399999999999998,1068,1392
1497,88,/Users/vedantdwivedi/Desktop/IRIS/emg_data/closed_vocab/silent/5-19_silent/88_emg.npy,/Users/vedantdwivedi/Desktop/IRIS/silent_speech_alignments/text_alignments/5-9/5-9_88_audio.TextGrid,3,WE,2.36,2.49,0.13000000000000034,1416,1494
1498,88,/Users/vedantdwivedi/Desktop/IRIS/emg_data/closed_vocab/silent/5-19_silent/88_emg.npy,/Users/vedantdwivedi/Desktop/IRIS/silent_speech_alignments/text_alignments/5-9/5-9_88_audio.TextGrid,4,EMERGED,2.49,2.98,0.48999999999999977,1494,1788
1499,88,/Users/vedantdwivedi/Desktop/IRIS/emg_data/closed_vocab/silent/5-19_silent/88_emg.npy,/Users/vedantdwivedi/Desktop/IRIS/silent_speech_alignments/text_alignments/5-9/5-9_88_audio.TextGrid,5,FROM,2.98,3.07,0.08999999999999986,1788,1842
1500,88,/Users/vedantdwivedi/Desktop/IRIS/emg_data/closed_vocab/silent/5-19_silent/88_emg.npy,/Users/vedantdwivedi/Desktop/IRIS/silent_speech_alignments/text_alignments/5-9/5-9_88_audio.TextGrid,6,THE,3.07,3.17,0.10000000000000009,1842,1902
1501,88,/Users/vedantdwivedi/Desktop/IRIS/emg_data/closed_vocab/silent/5-19_silent/88_emg.npy,/Users/vedantdwivedi/Desktop/IRIS/silent_speech_alignments/text_alignments/5-9/5-9_88_audio.TextGrid,7,PINE,3.17,3.42,0.25,1902,2052
1502,88,/Users/vedantdwivedi/Desktop/IRIS/emg_data/closed_vocab/silent/5-19_silent/88_emg.npy,/Users/vedantdwivedi/Desktop/IRIS/silent_speech_alignments/text_alignments/5-9/5-9_88_audio.TextGrid,8,TREES,3.42,3.91,0.4900000000000002,2052,2346
1503,88,/Users/vedantdwivedi/Desktop/IRIS/emg_data/closed_vocab/silent/5-19_silent/88_emg.npy,/Users/vedantdwivedi/Desktop/IRIS/silent_speech_alignments/text_alignments/5-9/5-9_88_audio.TextGrid,9,AND,4.28,4.47,0.1899999999999995,2568,2682
1504,88,/Users/vedantdwivedi/Desktop/IRIS/emg_data/closed_vocab/silent/5-19_silent/88_emg.npy,/Users/vedantdwivedi/Desktop/IRIS/silent_speech_alignments/text_alignments/5-9/5-9_88_audio.TextGrid,10,FOUND,4.47,4.7,0.23000000000000043,2682,2820
1505,88,/Users/vedantdwivedi/Desktop/IRIS/emg_data/closed_vocab/silent/5-19_silent/88_emg.npy,/Users/vedantdwivedi/Desktop/IRIS/silent_speech_alignments/text_alignments/5-9/5-9_88_audio.TextGrid,11,THE,4.7,4.83,0.1299999999999999,2820,2898
1506,88,/Users/vedantdwivedi/Desktop/IRIS/emg_data/closed_vocab/silent/5-19_silent/88_emg.npy,/Users/vedantdwivedi/Desktop/IRIS/silent_speech_alignments/text_alignments/5-9/5-9_88_audio.TextGrid,12,COUNTRY,4.83,5.28,0.4500000000000002,2898,3144
1507,89,/Users/vedantdwivedi/Desktop/IRIS/emg_data/closed_vocab/silent/5-19_silent/89_emg.npy,/Users/vedantdwivedi/Desktop/IRIS/silent_speech_alignments/text_alignments/5-9/5-9_89_audio.TextGrid,0,WE,1.05,1.16,0.10999999999999988,630,696
1508,89,/Users/vedantdwivedi/Desktop/IRIS/emg_data/closed_vocab/silent/5-19_silent/89_emg.npy,/Users/vedantdwivedi/Desktop/IRIS/silent_speech_alignments/text_alignments/5-9/5-9_89_audio.TextGrid,1,WERE,1.16,1.28,0.1200000000000001,696,768
1509,89,/Users/vedantdwivedi/Desktop/IRIS/emg_data/closed_vocab/silent/5-19_silent/89_emg.npy,/Users/vedantdwivedi/Desktop/IRIS/silent_speech_alignments/text_alignments/5-9/5-9_89_audio.TextGrid,2,FAR,1.28,1.57,0.29000000000000004,768,942
1510,89,/Users/vedantdwivedi/Desktop/IRIS/emg_data/closed_vocab/silent/5-19_silent/89_emg.npy,/Users/vedantdwivedi/Desktop/IRIS/silent_speech_alignments/text_alignments/5-9/5-9_89_audio.TextGrid,3,BEYOND,1.57,1.92,0.34999999999999987,942,1152
1511,89,/Users/vedantdwivedi/Desktop/IRIS/emg_data/closed_vocab/silent/5-19_silent/89_emg.npy,/Users/vedantdwivedi/Desktop/IRIS/silent_speech_alignments/text_alignments/5-9/5-9_89_audio.TextGrid,4,THE,1.92,2.01,0.08999999999999986,1152,1206
1512,89,/Users/vedantdwivedi/Desktop/IRIS/emg_data/closed_vocab/silent/5-19_silent/89_emg.npy,/Users/vedantdwivedi/Desktop/IRIS/silent_speech_alignments/text_alignments/5-9/5-9_89_audio.TextGrid,5,RANGE,2.01,2.38,0.3700000000000001,1206,1428
1513,89,/Users/vedantdwivedi/Desktop/IRIS/emg_data/closed_vocab/silent/5-19_silent/89_emg.npy,/Users/vedantdwivedi/Desktop/IRIS/silent_speech_alignments/text_alignments/5-9/5-9_89_audio.TextGrid,6,OF,2.38,2.48,0.10000000000000009,1428,1488
1514,89,/Users/vedantdwivedi/Desktop/IRIS/emg_data/closed_vocab/silent/5-19_silent/89_emg.npy,/Users/vedantdwivedi/Desktop/IRIS/silent_speech_alignments/text_alignments/5-9/5-9_89_audio.TextGrid,7,THE,2.48,2.56,0.08000000000000007,1488,1536
1515,89,/Users/vedantdwivedi/Desktop/IRIS/emg_data/closed_vocab/silent/5-19_silent/89_emg.npy,/Users/vedantdwivedi/Desktop/IRIS/silent_speech_alignments/text_alignments/5-9/5-9_89_audio.TextGrid,8,HEAT,2.56,2.88,0.31999999999999984,1536,1728
1516,89,/Users/vedantdwivedi/Desktop/IRIS/emg_data/closed_vocab/silent/5-19_silent/89_emg.npy,/Users/vedantdwivedi/Desktop/IRIS/silent_speech_alignments/text_alignments/5-9/5-9_89_audio.TextGrid,9,RAY,2.88,3.04,0.16000000000000014,1728,1824
1517,89,/Users/vedantdwivedi/Desktop/IRIS/emg_data/closed_vocab/silent/5-19_silent/89_emg.npy,/Users/vedantdwivedi/Desktop/IRIS/silent_speech_alignments/text_alignments/5-9/5-9_89_audio.TextGrid,10,THERE,3.04,3.46,0.41999999999999993,1824,2076
1518,89,/Users/vedantdwivedi/Desktop/IRIS/emg_data/closed_vocab/silent/5-19_silent/89_emg.npy,/Users/vedantdwivedi/Desktop/IRIS/silent_speech_alignments/text_alignments/5-9/5-9_89_audio.TextGrid,11,AND,3.99,4.17,0.17999999999999972,2394,2502
1519,89,/Users/vedantdwivedi/Desktop/IRIS/emg_data/closed_vocab/silent/5-19_silent/89_emg.npy,/Users/vedantdwivedi/Desktop/IRIS/silent_speech_alignments/text_alignments/5-9/5-9_89_audio.TextGrid,12,HAD,4.17,4.33,0.16000000000000014,2502,2598
1520,89,/Users/vedantdwivedi/Desktop/IRIS/emg_data/closed_vocab/silent/5-19_silent/89_emg.npy,/Users/vedantdwivedi/Desktop/IRIS/silent_speech_alignments/text_alignments/5-9/5-9_89_audio.TextGrid,13,IT,4.33,4.47,0.13999999999999968,2598,2682
1521,89,/Users/vedantdwivedi/Desktop/IRIS/emg_data/closed_vocab/silent/5-19_silent/89_emg.npy,/Users/vedantdwivedi/Desktop/IRIS/silent_speech_alignments/text_alignments/5-9/5-9_89_audio.TextGrid,14,NOT,4.47,4.73,0.2600000000000007,2682,2838
1522,89,/Users/vedantdwivedi/Desktop/IRIS/emg_data/closed_vocab/silent/5-19_silent/89_emg.npy,/Users/vedantdwivedi/Desktop/IRIS/silent_speech_alignments/text_alignments/5-9/5-9_89_audio.TextGrid,15,BEEN,4.73,5.1,0.3699999999999992,2838,3060
1523,89,/Users/vedantdwivedi/Desktop/IRIS/emg_data/closed_vocab/silent/5-19_silent/89_emg.npy,/Users/vedantdwivedi/Desktop/IRIS/silent_speech_alignments/text_alignments/5-9/5-9_89_audio.TextGrid,16,FOR,5.31,5.42,0.11000000000000032,3186,3252
1524,89,/Users/vedantdwivedi/Desktop/IRIS/emg_data/closed_vocab/silent/5-19_silent/89_emg.npy,/Users/vedantdwivedi/Desktop/IRIS/silent_speech_alignments/text_alignments/5-9/5-9_89_audio.TextGrid,17,THE,5.42,5.52,0.09999999999999964,3252,3312
1525,89,/Users/vedantdwivedi/Desktop/IRIS/emg_data/closed_vocab/silent/5-19_silent/89_emg.npy,/Users/vedantdwivedi/Desktop/IRIS/silent_speech_alignments/text_alignments/5-9/5-9_89_audio.TextGrid,18,SILENT,5.52,5.94,0.4200000000000008,3312,3564
1526,89,/Users/vedantdwivedi/Desktop/IRIS/emg_data/closed_vocab/silent/5-19_silent/89_emg.npy,/Users/vedantdwivedi/Desktop/IRIS/silent_speech_alignments/text_alignments/5-9/5-9_89_audio.TextGrid,19,DESERTION,5.94,6.8,0.8599999999999994,3564,3702
1527,90,/Users/vedantdwivedi/Desktop/IRIS/emg_data/closed_vocab/silent/5-19_silent/90_emg.npy,/Users/vedantdwivedi/Desktop/IRIS/silent_speech_alignments/text_alignments/5-9/5-9_90_audio.TextGrid,0,SEVERAL,1.12,1.52,0.3999999999999999,672,912
1528,90,/Users/vedantdwivedi/Desktop/IRIS/emg_data/closed_vocab/silent/5-19_silent/90_emg.npy,/Users/vedantdwivedi/Desktop/IRIS/silent_speech_alignments/text_alignments/5-9/5-9_90_audio.TextGrid,1,FARM,1.52,1.86,0.3400000000000001,912,1116
1529,90,/Users/vedantdwivedi/Desktop/IRIS/emg_data/closed_vocab/silent/5-19_silent/90_emg.npy,/Users/vedantdwivedi/Desktop/IRIS/silent_speech_alignments/text_alignments/5-9/5-9_90_audio.TextGrid,2,WAGGONS,1.86,2.39,0.53,1116,1434
1530,90,/Users/vedantdwivedi/Desktop/IRIS/emg_data/closed_vocab/silent/5-19_silent/90_emg.npy,/Users/vedantdwivedi/Desktop/IRIS/silent_speech_alignments/text_alignments/5-9/5-9_90_audio.TextGrid,3,AND,2.39,2.55,0.1599999999999997,1434,1530
1531,90,/Users/vedantdwivedi/Desktop/IRIS/emg_data/closed_vocab/silent/5-19_silent/90_emg.npy,/Users/vedantdwivedi/Desktop/IRIS/silent_speech_alignments/text_alignments/5-9/5-9_90_audio.TextGrid,4,CARTS,2.55,3.11,0.56,1530,1866
1532,90,/Users/vedantdwivedi/Desktop/IRIS/emg_data/closed_vocab/silent/5-19_silent/90_emg.npy,/Users/vedantdwivedi/Desktop/IRIS/silent_speech_alignments/text_alignments/5-9/5-9_90_audio.TextGrid,5,WERE,3.82,3.93,0.11000000000000032,2292,2358
1533,90,/Users/vedantdwivedi/Desktop/IRIS/emg_data/closed_vocab/silent/5-19_silent/90_emg.npy,/Users/vedantdwivedi/Desktop/IRIS/silent_speech_alignments/text_alignments/5-9/5-9_90_audio.TextGrid,6,MOVING,3.93,4.26,0.3299999999999996,2358,2556
1534,90,/Users/vedantdwivedi/Desktop/IRIS/emg_data/closed_vocab/silent/5-19_silent/90_emg.npy,/Users/vedantdwivedi/Desktop/IRIS/silent_speech_alignments/text_alignments/5-9/5-9_90_audio.TextGrid,7,CREAKILY,4.26,4.85,0.5899999999999999,2556,2910
1535,93,/Users/vedantdwivedi/Desktop/IRIS/emg_data/closed_vocab/silent/5-19_silent/93_emg.npy,/Users/vedantdwivedi/Desktop/IRIS/silent_speech_alignments/text_alignments/5-9/5-9_93_audio.TextGrid,0,THE,1.08,1.19,0.10999999999999988,648,714
1536,93,/Users/vedantdwivedi/Desktop/IRIS/emg_data/closed_vocab/silent/5-19_silent/93_emg.npy,/Users/vedantdwivedi/Desktop/IRIS/silent_speech_alignments/text_alignments/5-9/5-9_93_audio.TextGrid,1,GUNNERS,1.19,1.61,0.42000000000000015,714,966
1537,93,/Users/vedantdwivedi/Desktop/IRIS/emg_data/closed_vocab/silent/5-19_silent/93_emg.npy,/Users/vedantdwivedi/Desktop/IRIS/silent_speech_alignments/text_alignments/5-9/5-9_93_audio.TextGrid,2,STOOD,1.64,1.96,0.32000000000000006,984,1176
1538,93,/Users/vedantdwivedi/Desktop/IRIS/emg_data/closed_vocab/silent/5-19_silent/93_emg.npy,/Users/vedantdwivedi/Desktop/IRIS/silent_speech_alignments/text_alignments/5-9/5-9_93_audio.TextGrid,3,BY,1.96,2.04,0.08000000000000007,1176,1224
1539,93,/Users/vedantdwivedi/Desktop/IRIS/emg_data/closed_vocab/silent/5-19_silent/93_emg.npy,/Users/vedantdwivedi/Desktop/IRIS/silent_speech_alignments/text_alignments/5-9/5-9_93_audio.TextGrid,4,THE,2.04,2.17,0.1299999999999999,1224,1302
1540,93,/Users/vedantdwivedi/Desktop/IRIS/emg_data/closed_vocab/silent/5-19_silent/93_emg.npy,/Users/vedantdwivedi/Desktop/IRIS/silent_speech_alignments/text_alignments/5-9/5-9_93_audio.TextGrid,5,GUNS,2.17,2.66,0.4900000000000002,1302,1596
1541,93,/Users/vedantdwivedi/Desktop/IRIS/emg_data/closed_vocab/silent/5-19_silent/93_emg.npy,/Users/vedantdwivedi/Desktop/IRIS/silent_speech_alignments/text_alignments/5-9/5-9_93_audio.TextGrid,6,WAITING,2.69,3.22,0.5300000000000002,1614,1932
1542,93,/Users/vedantdwivedi/Desktop/IRIS/emg_data/closed_vocab/silent/5-19_silent/93_emg.npy,/Users/vedantdwivedi/Desktop/IRIS/silent_speech_alignments/text_alignments/5-9/5-9_93_audio.TextGrid,7,AND,3.41,3.56,0.1499999999999999,2046,2136
1543,93,/Users/vedantdwivedi/Desktop/IRIS/emg_data/closed_vocab/silent/5-19_silent/93_emg.npy,/Users/vedantdwivedi/Desktop/IRIS/silent_speech_alignments/text_alignments/5-9/5-9_93_audio.TextGrid,8,THE,3.56,3.7,0.14000000000000012,2136,2220
1544,93,/Users/vedantdwivedi/Desktop/IRIS/emg_data/closed_vocab/silent/5-19_silent/93_emg.npy,/Users/vedantdwivedi/Desktop/IRIS/silent_speech_alignments/text_alignments/5-9/5-9_93_audio.TextGrid,9,AMMUNITION,3.7,4.16,0.45999999999999996,2220,2496
1545,93,/Users/vedantdwivedi/Desktop/IRIS/emg_data/closed_vocab/silent/5-19_silent/93_emg.npy,/Users/vedantdwivedi/Desktop/IRIS/silent_speech_alignments/text_alignments/5-9/5-9_93_audio.TextGrid,10,WAGGONS,4.16,4.69,0.5300000000000002,2496,2544
1546,96,/Users/vedantdwivedi/Desktop/IRIS/emg_data/closed_vocab/silent/5-19_silent/96_emg.npy,/Users/vedantdwivedi/Desktop/IRIS/silent_speech_alignments/text_alignments/5-9/5-9_96_audio.TextGrid,0,THEY,2.96,3.11,0.1499999999999999,1776,1866
1547,96,/Users/vedantdwivedi/Desktop/IRIS/emg_data/closed_vocab/silent/5-19_silent/96_emg.npy,/Users/vedantdwivedi/Desktop/IRIS/silent_speech_alignments/text_alignments/5-9/5-9_96_audio.TextGrid,1,WILL,3.11,3.22,0.11000000000000032,1866,1932
1548,96,/Users/vedantdwivedi/Desktop/IRIS/emg_data/closed_vocab/silent/5-19_silent/96_emg.npy,/Users/vedantdwivedi/Desktop/IRIS/silent_speech_alignments/text_alignments/5-9/5-9_96_audio.TextGrid,2,GET,3.22,3.45,0.22999999999999998,1932,2070
1549,96,/Users/vedantdwivedi/Desktop/IRIS/emg_data/closed_vocab/silent/5-19_silent/96_emg.npy,/Users/vedantdwivedi/Desktop/IRIS/silent_speech_alignments/text_alignments/5-9/5-9_96_audio.TextGrid,3,ONE,3.45,3.73,0.2799999999999998,2070,2238
1550,96,/Users/vedantdwivedi/Desktop/IRIS/emg_data/closed_vocab/silent/5-19_silent/96_emg.npy,/Users/vedantdwivedi/Desktop/IRIS/silent_speech_alignments/text_alignments/5-9/5-9_96_audio.TextGrid,4,FAIR,3.73,3.97,0.2400000000000002,2238,2382
1551,96,/Users/vedantdwivedi/Desktop/IRIS/emg_data/closed_vocab/silent/5-19_silent/96_emg.npy,/Users/vedantdwivedi/Desktop/IRIS/silent_speech_alignments/text_alignments/5-9/5-9_96_audio.TextGrid,5,SHOT,3.97,4.37,0.3999999999999999,2382,2622
1552,97,/Users/vedantdwivedi/Desktop/IRIS/emg_data/closed_vocab/silent/5-19_silent/97_emg.npy,/Users/vedantdwivedi/Desktop/IRIS/silent_speech_alignments/text_alignments/5-9/5-9_97_audio.TextGrid,0,THE,0.98,1.1,0.1200000000000001,588,660
1553,97,/Users/vedantdwivedi/Desktop/IRIS/emg_data/closed_vocab/silent/5-19_silent/97_emg.npy,/Users/vedantdwivedi/Desktop/IRIS/silent_speech_alignments/text_alignments/5-9/5-9_97_audio.TextGrid,1,ARTILLERYMAN,1.1,1.85,0.75,660,1110
1554,97,/Users/vedantdwivedi/Desktop/IRIS/emg_data/closed_vocab/silent/5-19_silent/97_emg.npy,/Users/vedantdwivedi/Desktop/IRIS/silent_speech_alignments/text_alignments/5-9/5-9_97_audio.TextGrid,2,HESITATED,2.12,2.71,0.5899999999999999,1272,1626
1555,97,/Users/vedantdwivedi/Desktop/IRIS/emg_data/closed_vocab/silent/5-19_silent/97_emg.npy,/Users/vedantdwivedi/Desktop/IRIS/silent_speech_alignments/text_alignments/5-9/5-9_97_audio.TextGrid,3,AT,2.77,2.89,0.1200000000000001,1662,1734
1556,97,/Users/vedantdwivedi/Desktop/IRIS/emg_data/closed_vocab/silent/5-19_silent/97_emg.npy,/Users/vedantdwivedi/Desktop/IRIS/silent_speech_alignments/text_alignments/5-9/5-9_97_audio.TextGrid,4,THE,2.89,2.96,0.06999999999999984,1734,1776
1557,97,/Users/vedantdwivedi/Desktop/IRIS/emg_data/closed_vocab/silent/5-19_silent/97_emg.npy,/Users/vedantdwivedi/Desktop/IRIS/silent_speech_alignments/text_alignments/5-9/5-9_97_audio.TextGrid,5,GATE,2.96,3.29,0.33000000000000007,1776,1974
1558,98,/Users/vedantdwivedi/Desktop/IRIS/emg_data/closed_vocab/silent/5-19_silent/98_emg.npy,/Users/vedantdwivedi/Desktop/IRIS/silent_speech_alignments/text_alignments/5-9/5-9_98_audio.TextGrid,0,I,1.0,1.11,0.1100000000000001,600,666
1559,98,/Users/vedantdwivedi/Desktop/IRIS/emg_data/closed_vocab/silent/5-19_silent/98_emg.npy,/Users/vedantdwivedi/Desktop/IRIS/silent_speech_alignments/text_alignments/5-9/5-9_98_audio.TextGrid,1,SHALL,1.11,1.27,0.15999999999999992,666,762
1560,98,/Users/vedantdwivedi/Desktop/IRIS/emg_data/closed_vocab/silent/5-19_silent/98_emg.npy,/Users/vedantdwivedi/Desktop/IRIS/silent_speech_alignments/text_alignments/5-9/5-9_98_audio.TextGrid,2,GO,1.27,1.42,0.1499999999999999,762,852
1561,98,/Users/vedantdwivedi/Desktop/IRIS/emg_data/closed_vocab/silent/5-19_silent/98_emg.npy,/Users/vedantdwivedi/Desktop/IRIS/silent_speech_alignments/text_alignments/5-9/5-9_98_audio.TextGrid,3,ON,1.42,1.78,0.3600000000000001,852,1068
1562,98,/Users/vedantdwivedi/Desktop/IRIS/emg_data/closed_vocab/silent/5-19_silent/98_emg.npy,/Users/vedantdwivedi/Desktop/IRIS/silent_speech_alignments/text_alignments/5-9/5-9_98_audio.TextGrid,4,HE,1.81,1.97,0.15999999999999992,1086,1182
1563,98,/Users/vedantdwivedi/Desktop/IRIS/emg_data/closed_vocab/silent/5-19_silent/98_emg.npy,/Users/vedantdwivedi/Desktop/IRIS/silent_speech_alignments/text_alignments/5-9/5-9_98_audio.TextGrid,5,SAID,1.97,2.31,0.3400000000000001,1182,1386
